2026-08-22 00:11:59 UTC INFO    started 2026-08-22 00:11:59 UTC on Linux-6.8.0-57-generic-x86_64-with-glibc2.35
2026-08-22 00:11:59 UTC INFO    loading framolfese/2WikiMultihopQA [validation], scanning 40000 records
2026-08-22 00:12:05 UTC INFO    built 1800 items from 12576 records
2026-08-22 00:12:15 UTC INFO    longest prompt about 2826 tokens; max_model_len=4096 (floor 2048, cap 8192)
2026-08-22 00:12:15 UTC INFO    detected 23.5 GiB of VRAM, capability (8, 6) -> the 3090ti roster
2026-08-22 00:12:57 UTC INFO    /workspace/.hf/models/Qwen2.5-7B-Instruct loaded: bfloat16, max_model_len=4096, mem target 0.85, eager=False, VRAM now 79.9%
2026-08-22 00:12:57 UTC INFO    /workspace/.hf/models/Qwen2.5-7B-Instruct ready via the vllm backend
2026-08-22 00:13:11 UTC INFO    __workspace___hf__models__Qwen2_5-7B-Instruct/stage1: 5/1800 done, 2.8s/item, elapsed 0.2 min, VRAM peak 81.1%, ETA 2026-08-22 01:35:39 UTC (in 82.5 min)
2026-08-22 00:13:22 UTC INFO    __workspace___hf__models__Qwen2_5-7B-Instruct/stage1: 10/1800 done, 2.5s/item, elapsed 0.4 min, VRAM peak 81.1%, ETA 2026-08-22 01:28:16 UTC (in 74.9 min)
2026-08-22 00:13:34 UTC INFO    __workspace___hf__models__Qwen2_5-7B-Instruct/stage1: 15/1800 done, 2.5s/item, elapsed 0.6 min, VRAM peak 81.1%, ETA 2026-08-22 01:27:14 UTC (in 73.7 min)
2026-08-22 00:13:45 UTC INFO    __workspace___hf__models__Qwen2_5-7B-Instruct/stage1: 20/1800 done, 2.4s/item, elapsed 0.8 min, VRAM peak 81.1%, ETA 2026-08-22 01:24:40 UTC (in 70.9 min)
2026-08-22 00:13:56 UTC INFO    __workspace___hf__models__Qwen2_5-7B-Instruct/stage1: 25/1800 done, 2.4s/item, elapsed 1.0 min, VRAM peak 81.1%, ETA 2026-08-22 01:23:46 UTC (in 69.8 min)
2026-08-22 00:14:08 UTC INFO    __workspace___hf__models__Qwen2_5-7B-Instruct/stage1: 30/1800 done, 2.4s/item, elapsed 1.2 min, VRAM peak 81.1%, ETA 2026-08-22 01:23:36 UTC (in 69.5 min)
2026-08-22 00:14:19 UTC INFO    __workspace___hf__models__Qwen2_5-7B-Instruct/stage1: 35/1800 done, 2.3s/item, elapsed 1.4 min, VRAM peak 81.1%, ETA 2026-08-22 01:22:58 UTC (in 68.7 min)
2026-08-22 00:14:29 UTC INFO    __workspace___hf__models__Qwen2_5-7B-Instruct/stage1: 40/1800 done, 2.3s/item, elapsed 1.5 min, VRAM peak 81.1%, ETA 2026-08-22 01:22:04 UTC (in 67.6 min)
2026-08-22 00:14:40 UTC INFO    __workspace___hf__models__Qwen2_5-7B-Instruct/stage1: 45/1800 done, 2.3s/item, elapsed 1.7 min, VRAM peak 81.1%, ETA 2026-08-22 01:21:49 UTC (in 67.1 min)
2026-08-22 00:14:51 UTC INFO    __workspace___hf__models__Qwen2_5-7B-Instruct/stage1: 50/1800 done, 2.3s/item, elapsed 1.9 min, VRAM peak 81.1%, ETA 2026-08-22 01:21:25 UTC (in 66.6 min)
2026-08-22 00:15:02 UTC INFO    __workspace___hf__models__Qwen2_5-7B-Instruct/stage1: 55/1800 done, 2.3s/item, elapsed 2.1 min, VRAM peak 81.1%, ETA 2026-08-22 01:20:55 UTC (in 65.9 min)
2026-08-22 00:15:12 UTC INFO    __workspace___hf__models__Qwen2_5-7B-Instruct/stage1: 60/1800 done, 2.2s/item, elapsed 2.2 min, VRAM peak 81.1%, ETA 2026-08-22 01:20:10 UTC (in 65.0 min)
2026-08-22 00:15:22 UTC INFO    __workspace___hf__models__Qwen2_5-7B-Instruct/stage1: 65/1800 done, 2.2s/item, elapsed 2.4 min, VRAM peak 81.1%, ETA 2026-08-22 01:19:56 UTC (in 64.6 min)
2026-08-22 00:15:35 UTC INFO    __workspace___hf__models__Qwen2_5-7B-Instruct/stage1: 70/1800 done, 2.3s/item, elapsed 2.6 min, VRAM peak 81.1%, ETA 2026-08-22 01:20:40 UTC (in 65.1 min)
2026-08-22 00:15:46 UTC INFO    __workspace___hf__models__Qwen2_5-7B-Instruct/stage1: 75/1800 done, 2.3s/item, elapsed 2.8 min, VRAM peak 81.1%, ETA 2026-08-22 01:20:36 UTC (in 64.8 min)
2026-08-22 00:15:57 UTC INFO    __workspace___hf__models__Qwen2_5-7B-Instruct/stage1: 80/1800 done, 2.3s/item, elapsed 3.0 min, VRAM peak 81.1%, ETA 2026-08-22 01:20:30 UTC (in 64.6 min)
2026-08-22 00:16:09 UTC INFO    __workspace___hf__models__Qwen2_5-7B-Instruct/stage1: 85/1800 done, 2.3s/item, elapsed 3.2 min, VRAM peak 81.1%, ETA 2026-08-22 01:20:45 UTC (in 64.6 min)
2026-08-22 00:16:22 UTC INFO    __workspace___hf__models__Qwen2_5-7B-Instruct/stage1: 90/1800 done, 2.3s/item, elapsed 3.4 min, VRAM peak 81.1%, ETA 2026-08-22 01:21:15 UTC (in 64.9 min)
2026-08-22 00:16:34 UTC INFO    __workspace___hf__models__Qwen2_5-7B-Instruct/stage1: 95/1800 done, 2.3s/item, elapsed 3.6 min, VRAM peak 81.1%, ETA 2026-08-22 01:21:27 UTC (in 64.9 min)
2026-08-22 00:16:45 UTC INFO    __workspace___hf__models__Qwen2_5-7B-Instruct/stage1: 100/1800 done, 2.3s/item, elapsed 3.8 min, VRAM peak 81.1%, ETA 2026-08-22 01:21:23 UTC (in 64.6 min)
2026-08-22 00:16:57 UTC INFO    __workspace___hf__models__Qwen2_5-7B-Instruct/stage1: 105/1800 done, 2.3s/item, elapsed 4.0 min, VRAM peak 81.1%, ETA 2026-08-22 01:21:22 UTC (in 64.4 min)
2026-08-22 00:17:07 UTC INFO    __workspace___hf__models__Qwen2_5-7B-Instruct/stage1: 110/1800 done, 2.3s/item, elapsed 4.2 min, VRAM peak 81.1%, ETA 2026-08-22 01:21:11 UTC (in 64.1 min)
2026-08-22 00:17:21 UTC INFO    __workspace___hf__models__Qwen2_5-7B-Instruct/stage1: 115/1800 done, 2.3s/item, elapsed 4.4 min, VRAM peak 81.6%, ETA 2026-08-22 01:21:42 UTC (in 64.4 min)
2026-08-22 00:17:32 UTC INFO    __workspace___hf__models__Qwen2_5-7B-Instruct/stage1: 120/1800 done, 2.3s/item, elapsed 4.6 min, VRAM peak 81.6%, ETA 2026-08-22 01:21:48 UTC (in 64.3 min)
2026-08-22 00:17:45 UTC INFO    __workspace___hf__models__Qwen2_5-7B-Instruct/stage1: 125/1800 done, 2.3s/item, elapsed 4.8 min, VRAM peak 81.6%, ETA 2026-08-22 01:22:05 UTC (in 64.3 min)
2026-08-22 00:17:56 UTC INFO    __workspace___hf__models__Qwen2_5-7B-Instruct/stage1: 130/1800 done, 2.3s/item, elapsed 5.0 min, VRAM peak 81.6%, ETA 2026-08-22 01:21:58 UTC (in 64.0 min)
2026-08-22 00:18:09 UTC INFO    __workspace___hf__models__Qwen2_5-7B-Instruct/stage1: 135/1800 done, 2.3s/item, elapsed 5.2 min, VRAM peak 81.6%, ETA 2026-08-22 01:22:22 UTC (in 64.2 min)
2026-08-22 00:18:23 UTC INFO    __workspace___hf__models__Qwen2_5-7B-Instruct/stage1: 140/1800 done, 2.3s/item, elapsed 5.4 min, VRAM peak 81.6%, ETA 2026-08-22 01:22:44 UTC (in 64.3 min)
2026-08-22 00:18:32 UTC INFO    __workspace___hf__models__Qwen2_5-7B-Instruct/stage1: 145/1800 done, 2.3s/item, elapsed 5.6 min, VRAM peak 81.6%, ETA 2026-08-22 01:22:15 UTC (in 63.7 min)
2026-08-22 00:18:44 UTC INFO    __workspace___hf__models__Qwen2_5-7B-Instruct/stage1: 150/1800 done, 2.3s/item, elapsed 5.8 min, VRAM peak 81.6%, ETA 2026-08-22 01:22:19 UTC (in 63.6 min)
2026-08-22 00:18:56 UTC INFO    __workspace___hf__models__Qwen2_5-7B-Instruct/stage1: 155/1800 done, 2.3s/item, elapsed 6.0 min, VRAM peak 81.6%, ETA 2026-08-22 01:22:22 UTC (in 63.4 min)
2026-08-22 00:19:08 UTC INFO    __workspace___hf__models__Qwen2_5-7B-Instruct/stage1: 160/1800 done, 2.3s/item, elapsed 6.2 min, VRAM peak 81.6%, ETA 2026-08-22 01:22:31 UTC (in 63.4 min)
2026-08-22 00:19:21 UTC INFO    __workspace___hf__models__Qwen2_5-7B-Instruct/stage1: 165/1800 done, 2.3s/item, elapsed 6.4 min, VRAM peak 81.6%, ETA 2026-08-22 01:22:42 UTC (in 63.4 min)
2026-08-22 00:19:32 UTC INFO    __workspace___hf__models__Qwen2_5-7B-Instruct/stage1: 170/1800 done, 2.3s/item, elapsed 6.6 min, VRAM peak 81.6%, ETA 2026-08-22 01:22:40 UTC (in 63.1 min)
2026-08-22 00:19:43 UTC INFO    __workspace___hf__models__Qwen2_5-7B-Instruct/stage1: 175/1800 done, 2.3s/item, elapsed 6.8 min, VRAM peak 81.6%, ETA 2026-08-22 01:22:34 UTC (in 62.9 min)
2026-08-22 00:19:55 UTC INFO    __workspace___hf__models__Qwen2_5-7B-Instruct/stage1: 180/1800 done, 2.3s/item, elapsed 7.0 min, VRAM peak 81.6%, ETA 2026-08-22 01:22:34 UTC (in 62.7 min)
2026-08-22 00:20:07 UTC INFO    __workspace___hf__models__Qwen2_5-7B-Instruct/stage1: 185/1800 done, 2.3s/item, elapsed 7.2 min, VRAM peak 81.6%, ETA 2026-08-22 01:22:37 UTC (in 62.5 min)
2026-08-22 00:20:17 UTC INFO    __workspace___hf__models__Qwen2_5-7B-Instruct/stage1: 190/1800 done, 2.3s/item, elapsed 7.3 min, VRAM peak 81.6%, ETA 2026-08-22 01:22:26 UTC (in 62.1 min)
2026-08-22 00:20:27 UTC INFO    __workspace___hf__models__Qwen2_5-7B-Instruct/stage1: 195/1800 done, 2.3s/item, elapsed 7.5 min, VRAM peak 81.6%, ETA 2026-08-22 01:22:11 UTC (in 61.7 min)
2026-08-22 00:20:39 UTC INFO    __workspace___hf__models__Qwen2_5-7B-Instruct/stage1: 200/1800 done, 2.3s/item, elapsed 7.7 min, VRAM peak 81.6%, ETA 2026-08-22 01:22:14 UTC (in 61.6 min)
2026-08-22 00:20:52 UTC INFO    __workspace___hf__models__Qwen2_5-7B-Instruct/stage1: 205/1800 done, 2.3s/item, elapsed 7.9 min, VRAM peak 81.6%, ETA 2026-08-22 01:22:28 UTC (in 61.6 min)
2026-08-22 00:21:04 UTC INFO    __workspace___hf__models__Qwen2_5-7B-Instruct/stage1: 210/1800 done, 2.3s/item, elapsed 8.1 min, VRAM peak 81.6%, ETA 2026-08-22 01:22:35 UTC (in 61.5 min)
2026-08-22 00:21:20 UTC INFO    __workspace___hf__models__Qwen2_5-7B-Instruct/stage1: 215/1800 done, 2.3s/item, elapsed 8.4 min, VRAM peak 81.6%, ETA 2026-08-22 01:23:07 UTC (in 61.8 min)
2026-08-22 00:21:31 UTC INFO    __workspace___hf__models__Qwen2_5-7B-Instruct/stage1: 220/1800 done, 2.3s/item, elapsed 8.6 min, VRAM peak 81.6%, ETA 2026-08-22 01:23:05 UTC (in 61.6 min)
2026-08-22 00:21:43 UTC INFO    __workspace___hf__models__Qwen2_5-7B-Instruct/stage1: 225/1800 done, 2.3s/item, elapsed 8.8 min, VRAM peak 81.6%, ETA 2026-08-22 01:23:08 UTC (in 61.4 min)
2026-08-22 00:21:57 UTC INFO    __workspace___hf__models__Qwen2_5-7B-Instruct/stage1: 230/1800 done, 2.3s/item, elapsed 9.0 min, VRAM peak 81.6%, ETA 2026-08-22 01:23:20 UTC (in 61.4 min)
2026-08-22 00:22:08 UTC INFO    __workspace___hf__models__Qwen2_5-7B-Instruct/stage1: 235/1800 done, 2.3s/item, elapsed 9.2 min, VRAM peak 81.6%, ETA 2026-08-22 01:23:19 UTC (in 61.2 min)
2026-08-22 00:22:18 UTC INFO    __workspace___hf__models__Qwen2_5-7B-Instruct/stage1: 240/1800 done, 2.3s/item, elapsed 9.3 min, VRAM peak 81.6%, ETA 2026-08-22 01:23:02 UTC (in 60.7 min)
2026-08-22 00:22:26 UTC INFO    __workspace___hf__models__Qwen2_5-7B-Instruct/stage1: 245/1800 done, 2.3s/item, elapsed 9.5 min, VRAM peak 81.6%, ETA 2026-08-22 01:22:40 UTC (in 60.2 min)
2026-08-22 00:22:37 UTC INFO    __workspace___hf__models__Qwen2_5-7B-Instruct/stage1: 250/1800 done, 2.3s/item, elapsed 9.7 min, VRAM peak 82.1%, ETA 2026-08-22 01:22:34 UTC (in 59.9 min)
2026-08-22 00:22:48 UTC INFO    __workspace___hf__models__Qwen2_5-7B-Instruct/stage1: 255/1800 done, 2.3s/item, elapsed 9.8 min, VRAM peak 82.1%, ETA 2026-08-22 01:22:26 UTC (in 59.6 min)
2026-08-22 00:23:01 UTC INFO    __workspace___hf__models__Qwen2_5-7B-Instruct/stage1: 260/1800 done, 2.3s/item, elapsed 10.1 min, VRAM peak 82.1%, ETA 2026-08-22 01:22:35 UTC (in 59.6 min)
2026-08-22 00:23:11 UTC INFO    __workspace___hf__models__Qwen2_5-7B-Instruct/stage1: 265/1800 done, 2.3s/item, elapsed 10.2 min, VRAM peak 82.1%, ETA 2026-08-22 01:22:29 UTC (in 59.3 min)
2026-08-22 00:23:23 UTC INFO    __workspace___hf__models__Qwen2_5-7B-Instruct/stage1: 270/1800 done, 2.3s/item, elapsed 10.4 min, VRAM peak 82.1%, ETA 2026-08-22 01:22:30 UTC (in 59.1 min)
2026-08-22 00:23:36 UTC INFO    __workspace___hf__models__Qwen2_5-7B-Instruct/stage1: 275/1800 done, 2.3s/item, elapsed 10.7 min, VRAM peak 82.1%, ETA 2026-08-22 01:22:40 UTC (in 59.1 min)
2026-08-22 00:23:47 UTC INFO    __workspace___hf__models__Qwen2_5-7B-Instruct/stage1: 280/1800 done, 2.3s/item, elapsed 10.8 min, VRAM peak 82.1%, ETA 2026-08-22 01:22:35 UTC (in 58.8 min)
2026-08-22 00:24:00 UTC INFO    __workspace___hf__models__Qwen2_5-7B-Instruct/stage1: 285/1800 done, 2.3s/item, elapsed 11.0 min, VRAM peak 82.1%, ETA 2026-08-22 01:22:42 UTC (in 58.7 min)
2026-08-22 00:24:12 UTC INFO    __workspace___hf__models__Qwen2_5-7B-Instruct/stage1: 290/1800 done, 2.3s/item, elapsed 11.2 min, VRAM peak 82.1%, ETA 2026-08-22 01:22:43 UTC (in 58.5 min)
2026-08-22 00:24:24 UTC INFO    __workspace___hf__models__Qwen2_5-7B-Instruct/stage1: 295/1800 done, 2.3s/item, elapsed 11.4 min, VRAM peak 82.1%, ETA 2026-08-22 01:22:47 UTC (in 58.4 min)
2026-08-22 00:24:36 UTC INFO    __workspace___hf__models__Qwen2_5-7B-Instruct/stage1: 300/1800 done, 2.3s/item, elapsed 11.7 min, VRAM peak 82.1%, ETA 2026-08-22 01:22:52 UTC (in 58.3 min)
2026-08-22 00:24:47 UTC INFO    __workspace___hf__models__Qwen2_5-7B-Instruct/stage1: 305/1800 done, 2.3s/item, elapsed 11.8 min, VRAM peak 82.1%, ETA 2026-08-22 01:22:48 UTC (in 58.0 min)
2026-08-22 00:24:59 UTC INFO    __workspace___hf__models__Qwen2_5-7B-Instruct/stage1: 310/1800 done, 2.3s/item, elapsed 12.0 min, VRAM peak 82.1%, ETA 2026-08-22 01:22:47 UTC (in 57.8 min)
2026-08-22 00:25:12 UTC INFO    __workspace___hf__models__Qwen2_5-7B-Instruct/stage1: 315/1800 done, 2.3s/item, elapsed 12.3 min, VRAM peak 82.1%, ETA 2026-08-22 01:22:58 UTC (in 57.8 min)
2026-08-22 00:25:24 UTC INFO    __workspace___hf__models__Qwen2_5-7B-Instruct/stage1: 320/1800 done, 2.3s/item, elapsed 12.5 min, VRAM peak 82.1%, ETA 2026-08-22 01:23:01 UTC (in 57.6 min)
2026-08-22 00:25:35 UTC INFO    __workspace___hf__models__Qwen2_5-7B-Instruct/stage1: 325/1800 done, 2.3s/item, elapsed 12.6 min, VRAM peak 82.7%, ETA 2026-08-22 01:22:56 UTC (in 57.3 min)
2026-08-22 00:25:49 UTC INFO    __workspace___hf__models__Qwen2_5-7B-Instruct/stage1: 330/1800 done, 2.3s/item, elapsed 12.9 min, VRAM peak 82.7%, ETA 2026-08-22 01:23:10 UTC (in 57.3 min)
2026-08-22 00:26:03 UTC INFO    __workspace___hf__models__Qwen2_5-7B-Instruct/stage1: 335/1800 done, 2.3s/item, elapsed 13.1 min, VRAM peak 82.7%, ETA 2026-08-22 01:23:18 UTC (in 57.3 min)
2026-08-22 00:26:14 UTC INFO    __workspace___hf__models__Qwen2_5-7B-Instruct/stage1: 340/1800 done, 2.3s/item, elapsed 13.3 min, VRAM peak 82.7%, ETA 2026-08-22 01:23:17 UTC (in 57.0 min)
2026-08-22 00:26:27 UTC INFO    __workspace___hf__models__Qwen2_5-7B-Instruct/stage1: 345/1800 done, 2.3s/item, elapsed 13.5 min, VRAM peak 82.7%, ETA 2026-08-22 01:23:22 UTC (in 56.9 min)
2026-08-22 00:26:38 UTC INFO    __workspace___hf__models__Qwen2_5-7B-Instruct/stage1: 350/1800 done, 2.3s/item, elapsed 13.7 min, VRAM peak 82.7%, ETA 2026-08-22 01:23:21 UTC (in 56.7 min)
2026-08-22 00:26:48 UTC INFO    __workspace___hf__models__Qwen2_5-7B-Instruct/stage1: 355/1800 done, 2.3s/item, elapsed 13.8 min, VRAM peak 82.7%, ETA 2026-08-22 01:23:08 UTC (in 56.3 min)
2026-08-22 00:26:59 UTC INFO    __workspace___hf__models__Qwen2_5-7B-Instruct/stage1: 360/1800 done, 2.3s/item, elapsed 14.0 min, VRAM peak 82.7%, ETA 2026-08-22 01:23:08 UTC (in 56.2 min)
2026-08-22 00:27:09 UTC INFO    __workspace___hf__models__Qwen2_5-7B-Instruct/stage1: 365/1800 done, 2.3s/item, elapsed 14.2 min, VRAM peak 82.7%, ETA 2026-08-22 01:22:59 UTC (in 55.8 min)
2026-08-22 00:27:22 UTC INFO    __workspace___hf__models__Qwen2_5-7B-Instruct/stage1: 370/1800 done, 2.3s/item, elapsed 14.4 min, VRAM peak 82.7%, ETA 2026-08-22 01:23:03 UTC (in 55.7 min)
2026-08-22 00:27:34 UTC INFO    __workspace___hf__models__Qwen2_5-7B-Instruct/stage1: 375/1800 done, 2.3s/item, elapsed 14.6 min, VRAM peak 82.7%, ETA 2026-08-22 01:23:05 UTC (in 55.5 min)
2026-08-22 00:27:49 UTC INFO    __workspace___hf__models__Qwen2_5-7B-Instruct/stage1: 380/1800 done, 2.3s/item, elapsed 14.9 min, VRAM peak 82.7%, ETA 2026-08-22 01:23:20 UTC (in 55.5 min)
2026-08-22 00:27:59 UTC INFO    __workspace___hf__models__Qwen2_5-7B-Instruct/stage1: 385/1800 done, 2.3s/item, elapsed 15.0 min, VRAM peak 82.7%, ETA 2026-08-22 01:23:16 UTC (in 55.3 min)
2026-08-22 00:28:10 UTC INFO    __workspace___hf__models__Qwen2_5-7B-Instruct/stage1: 390/1800 done, 2.3s/item, elapsed 15.2 min, VRAM peak 82.7%, ETA 2026-08-22 01:23:09 UTC (in 55.0 min)
2026-08-22 00:28:20 UTC INFO    __workspace___hf__models__Qwen2_5-7B-Instruct/stage1: 395/1800 done, 2.3s/item, elapsed 15.4 min, VRAM peak 82.7%, ETA 2026-08-22 01:23:04 UTC (in 54.7 min)
2026-08-22 00:28:32 UTC INFO    __workspace___hf__models__Qwen2_5-7B-Instruct/stage1: 400/1800 done, 2.3s/item, elapsed 15.6 min, VRAM peak 82.7%, ETA 2026-08-22 01:23:06 UTC (in 54.6 min)
2026-08-22 00:28:44 UTC INFO    __workspace___hf__models__Qwen2_5-7B-Instruct/stage1: 405/1800 done, 2.3s/item, elapsed 15.8 min, VRAM peak 82.7%, ETA 2026-08-22 01:23:04 UTC (in 54.3 min)
2026-08-22 00:28:56 UTC INFO    __workspace___hf__models__Qwen2_5-7B-Instruct/stage1: 410/1800 done, 2.3s/item, elapsed 16.0 min, VRAM peak 82.7%, ETA 2026-08-22 01:23:05 UTC (in 54.2 min)
2026-08-22 00:29:06 UTC INFO    __workspace___hf__models__Qwen2_5-7B-Instruct/stage1: 415/1800 done, 2.3s/item, elapsed 16.2 min, VRAM peak 82.7%, ETA 2026-08-22 01:23:02 UTC (in 53.9 min)
2026-08-22 00:29:16 UTC INFO    __workspace___hf__models__Qwen2_5-7B-Instruct/stage1: 420/1800 done, 2.3s/item, elapsed 16.3 min, VRAM peak 82.7%, ETA 2026-08-22 01:22:53 UTC (in 53.6 min)
2026-08-22 00:29:27 UTC INFO    __workspace___hf__models__Qwen2_5-7B-Instruct/stage1: 425/1800 done, 2.3s/item, elapsed 16.5 min, VRAM peak 82.7%, ETA 2026-08-22 01:22:51 UTC (in 53.4 min)
2026-08-22 00:29:39 UTC INFO    __workspace___hf__models__Qwen2_5-7B-Instruct/stage1: 430/1800 done, 2.3s/item, elapsed 16.7 min, VRAM peak 82.7%, ETA 2026-08-22 01:22:50 UTC (in 53.2 min)
2026-08-22 00:29:48 UTC INFO    __workspace___hf__models__Qwen2_5-7B-Instruct/stage1: 435/1800 done, 2.3s/item, elapsed 16.9 min, VRAM peak 82.7%, ETA 2026-08-22 01:22:42 UTC (in 52.9 min)
2026-08-22 00:30:00 UTC INFO    __workspace___hf__models__Qwen2_5-7B-Instruct/stage1: 440/1800 done, 2.3s/item, elapsed 17.0 min, VRAM peak 82.7%, ETA 2026-08-22 01:22:40 UTC (in 52.7 min)
2026-08-22 00:30:10 UTC INFO    __workspace___hf__models__Qwen2_5-7B-Instruct/stage1: 445/1800 done, 2.3s/item, elapsed 17.2 min, VRAM peak 82.7%, ETA 2026-08-22 01:22:35 UTC (in 52.4 min)
2026-08-22 00:30:21 UTC INFO    __workspace___hf__models__Qwen2_5-7B-Instruct/stage1: 450/1800 done, 2.3s/item, elapsed 17.4 min, VRAM peak 82.7%, ETA 2026-08-22 01:22:32 UTC (in 52.2 min)
2026-08-22 00:30:35 UTC INFO    __workspace___hf__models__Qwen2_5-7B-Instruct/stage1: 455/1800 done, 2.3s/item, elapsed 17.6 min, VRAM peak 82.7%, ETA 2026-08-22 01:22:41 UTC (in 52.1 min)
2026-08-22 00:30:46 UTC INFO    __workspace___hf__models__Qwen2_5-7B-Instruct/stage1: 460/1800 done, 2.3s/item, elapsed 17.8 min, VRAM peak 82.7%, ETA 2026-08-22 01:22:40 UTC (in 51.9 min)
2026-08-22 00:30:56 UTC INFO    __workspace___hf__models__Qwen2_5-7B-Instruct/stage1: 465/1800 done, 2.3s/item, elapsed 18.0 min, VRAM peak 82.7%, ETA 2026-08-22 01:22:34 UTC (in 51.6 min)
2026-08-22 00:31:09 UTC INFO    __workspace___hf__models__Qwen2_5-7B-Instruct/stage1: 470/1800 done, 2.3s/item, elapsed 18.2 min, VRAM peak 82.7%, ETA 2026-08-22 01:22:39 UTC (in 51.5 min)
2026-08-22 00:31:19 UTC INFO    __workspace___hf__models__Qwen2_5-7B-Instruct/stage1: 475/1800 done, 2.3s/item, elapsed 18.4 min, VRAM peak 82.7%, ETA 2026-08-22 01:22:33 UTC (in 51.2 min)
2026-08-22 00:31:32 UTC INFO    __workspace___hf__models__Qwen2_5-7B-Instruct/stage1: 480/1800 done, 2.3s/item, elapsed 18.6 min, VRAM peak 82.7%, ETA 2026-08-22 01:22:37 UTC (in 51.1 min)
2026-08-22 00:31:44 UTC INFO    __workspace___hf__models__Qwen2_5-7B-Instruct/stage1: 485/1800 done, 2.3s/item, elapsed 18.8 min, VRAM peak 82.7%, ETA 2026-08-22 01:22:38 UTC (in 50.9 min)
2026-08-22 00:31:54 UTC INFO    __workspace___hf__models__Qwen2_5-7B-Instruct/stage1: 490/1800 done, 2.3s/item, elapsed 18.9 min, VRAM peak 82.7%, ETA 2026-08-22 01:22:33 UTC (in 50.7 min)
2026-08-22 00:32:07 UTC INFO    __workspace___hf__models__Qwen2_5-7B-Instruct/stage1: 495/1800 done, 2.3s/item, elapsed 19.2 min, VRAM peak 82.7%, ETA 2026-08-22 01:22:37 UTC (in 50.5 min)
2026-08-22 00:32:18 UTC INFO    __workspace___hf__models__Qwen2_5-7B-Instruct/stage1: 500/1800 done, 2.3s/item, elapsed 19.3 min, VRAM peak 82.7%, ETA 2026-08-22 01:22:36 UTC (in 50.3 min)
2026-08-22 00:32:31 UTC INFO    __workspace___hf__models__Qwen2_5-7B-Instruct/stage1: 505/1800 done, 2.3s/item, elapsed 19.6 min, VRAM peak 82.7%, ETA 2026-08-22 01:22:41 UTC (in 50.2 min)
2026-08-22 00:32:43 UTC INFO    __workspace___hf__models__Qwen2_5-7B-Instruct/stage1: 510/1800 done, 2.3s/item, elapsed 19.8 min, VRAM peak 82.7%, ETA 2026-08-22 01:22:42 UTC (in 50.0 min)
2026-08-22 00:32:55 UTC INFO    __workspace___hf__models__Qwen2_5-7B-Instruct/stage1: 515/1800 done, 2.3s/item, elapsed 20.0 min, VRAM peak 82.7%, ETA 2026-08-22 01:22:44 UTC (in 49.8 min)
2026-08-22 00:33:07 UTC INFO    __workspace___hf__models__Qwen2_5-7B-Instruct/stage1: 520/1800 done, 2.3s/item, elapsed 20.2 min, VRAM peak 82.7%, ETA 2026-08-22 01:22:44 UTC (in 49.6 min)
2026-08-22 00:33:20 UTC INFO    __workspace___hf__models__Qwen2_5-7B-Instruct/stage1: 525/1800 done, 2.3s/item, elapsed 20.4 min, VRAM peak 82.7%, ETA 2026-08-22 01:22:51 UTC (in 49.5 min)
2026-08-22 00:33:34 UTC INFO    __workspace___hf__models__Qwen2_5-7B-Instruct/stage1: 530/1800 done, 2.3s/item, elapsed 20.6 min, VRAM peak 82.7%, ETA 2026-08-22 01:22:57 UTC (in 49.4 min)
2026-08-22 00:33:48 UTC INFO    __workspace___hf__models__Qwen2_5-7B-Instruct/stage1: 535/1800 done, 2.3s/item, elapsed 20.8 min, VRAM peak 82.7%, ETA 2026-08-22 01:23:05 UTC (in 49.3 min)
2026-08-22 00:33:59 UTC INFO    __workspace___hf__models__Qwen2_5-7B-Instruct/stage1: 540/1800 done, 2.3s/item, elapsed 21.0 min, VRAM peak 82.7%, ETA 2026-08-22 01:23:03 UTC (in 49.1 min)
2026-08-22 00:34:09 UTC INFO    __workspace___hf__models__Qwen2_5-7B-Instruct/stage1: 545/1800 done, 2.3s/item, elapsed 21.2 min, VRAM peak 82.7%, ETA 2026-08-22 01:22:59 UTC (in 48.8 min)
2026-08-22 00:34:21 UTC INFO    __workspace___hf__models__Qwen2_5-7B-Instruct/stage1: 550/1800 done, 2.3s/item, elapsed 21.4 min, VRAM peak 82.7%, ETA 2026-08-22 01:23:01 UTC (in 48.7 min)
2026-08-22 00:34:33 UTC INFO    __workspace___hf__models__Qwen2_5-7B-Instruct/stage1: 555/1800 done, 2.3s/item, elapsed 21.6 min, VRAM peak 82.7%, ETA 2026-08-22 01:22:59 UTC (in 48.4 min)
2026-08-22 00:34:49 UTC INFO    __workspace___hf__models__Qwen2_5-7B-Instruct/stage1: 560/1800 done, 2.3s/item, elapsed 21.9 min, VRAM peak 82.7%, ETA 2026-08-22 01:23:14 UTC (in 48.4 min)
2026-08-22 00:35:01 UTC INFO    __workspace___hf__models__Qwen2_5-7B-Instruct/stage1: 565/1800 done, 2.3s/item, elapsed 22.1 min, VRAM peak 82.7%, ETA 2026-08-22 01:23:15 UTC (in 48.2 min)
2026-08-22 00:35:13 UTC INFO    __workspace___hf__models__Qwen2_5-7B-Instruct/stage1: 570/1800 done, 2.3s/item, elapsed 22.3 min, VRAM peak 82.7%, ETA 2026-08-22 01:23:16 UTC (in 48.0 min)
2026-08-22 00:35:27 UTC INFO    __workspace___hf__models__Qwen2_5-7B-Instruct/stage1: 575/1800 done, 2.3s/item, elapsed 22.5 min, VRAM peak 82.7%, ETA 2026-08-22 01:23:22 UTC (in 47.9 min)
2026-08-22 00:35:41 UTC INFO    __workspace___hf__models__Qwen2_5-7B-Instruct/stage1: 580/1800 done, 2.4s/item, elapsed 22.7 min, VRAM peak 82.7%, ETA 2026-08-22 01:23:29 UTC (in 47.8 min)
2026-08-22 00:35:54 UTC INFO    __workspace___hf__models__Qwen2_5-7B-Instruct/stage1: 585/1800 done, 2.4s/item, elapsed 22.9 min, VRAM peak 82.7%, ETA 2026-08-22 01:23:33 UTC (in 47.7 min)
2026-08-22 00:36:07 UTC INFO    __workspace___hf__models__Qwen2_5-7B-Instruct/stage1: 590/1800 done, 2.4s/item, elapsed 23.2 min, VRAM peak 82.7%, ETA 2026-08-22 01:23:37 UTC (in 47.5 min)
2026-08-22 00:36:19 UTC INFO    __workspace___hf__models__Qwen2_5-7B-Instruct/stage1: 595/1800 done, 2.4s/item, elapsed 23.4 min, VRAM peak 82.7%, ETA 2026-08-22 01:23:39 UTC (in 47.3 min)
2026-08-22 00:36:32 UTC INFO    __workspace___hf__models__Qwen2_5-7B-Instruct/stage1: 600/1800 done, 2.4s/item, elapsed 23.6 min, VRAM peak 82.7%, ETA 2026-08-22 01:23:43 UTC (in 47.2 min)
2026-08-22 00:36:43 UTC INFO    __workspace___hf__models__Qwen2_5-7B-Instruct/stage1: 605/1800 done, 2.4s/item, elapsed 23.8 min, VRAM peak 82.7%, ETA 2026-08-22 01:23:40 UTC (in 46.9 min)
2026-08-22 00:36:53 UTC INFO    __workspace___hf__models__Qwen2_5-7B-Instruct/stage1: 610/1800 done, 2.4s/item, elapsed 23.9 min, VRAM peak 82.7%, ETA 2026-08-22 01:23:35 UTC (in 46.7 min)
2026-08-22 00:37:04 UTC INFO    __workspace___hf__models__Qwen2_5-7B-Instruct/stage1: 615/1800 done, 2.4s/item, elapsed 24.1 min, VRAM peak 82.7%, ETA 2026-08-22 01:23:33 UTC (in 46.5 min)
2026-08-22 00:37:17 UTC INFO    __workspace___hf__models__Qwen2_5-7B-Instruct/stage1: 620/1800 done, 2.4s/item, elapsed 24.3 min, VRAM peak 82.7%, ETA 2026-08-22 01:23:35 UTC (in 46.3 min)
2026-08-22 00:37:27 UTC INFO    __workspace___hf__models__Qwen2_5-7B-Instruct/stage1: 625/1800 done, 2.4s/item, elapsed 24.5 min, VRAM peak 82.7%, ETA 2026-08-22 01:23:32 UTC (in 46.1 min)
2026-08-22 00:37:38 UTC INFO    __workspace___hf__models__Qwen2_5-7B-Instruct/stage1: 630/1800 done, 2.4s/item, elapsed 24.7 min, VRAM peak 82.7%, ETA 2026-08-22 01:23:29 UTC (in 45.8 min)
2026-08-22 00:37:51 UTC INFO    __workspace___hf__models__Qwen2_5-7B-Instruct/stage1: 635/1800 done, 2.4s/item, elapsed 24.9 min, VRAM peak 82.7%, ETA 2026-08-22 01:23:31 UTC (in 45.7 min)
2026-08-22 00:38:03 UTC INFO    __workspace___hf__models__Qwen2_5-7B-Instruct/stage1: 640/1800 done, 2.4s/item, elapsed 25.1 min, VRAM peak 82.7%, ETA 2026-08-22 01:23:31 UTC (in 45.5 min)
2026-08-22 00:38:15 UTC INFO    __workspace___hf__models__Qwen2_5-7B-Instruct/stage1: 645/1800 done, 2.4s/item, elapsed 25.3 min, VRAM peak 82.7%, ETA 2026-08-22 01:23:33 UTC (in 45.3 min)
2026-08-22 00:38:26 UTC INFO    __workspace___hf__models__Qwen2_5-7B-Instruct/stage1: 650/1800 done, 2.4s/item, elapsed 25.5 min, VRAM peak 82.7%, ETA 2026-08-22 01:23:31 UTC (in 45.1 min)
2026-08-22 00:38:35 UTC INFO    __workspace___hf__models__Qwen2_5-7B-Instruct/stage1: 655/1800 done, 2.3s/item, elapsed 25.6 min, VRAM peak 82.7%, ETA 2026-08-22 01:23:24 UTC (in 44.8 min)
2026-08-22 00:38:48 UTC INFO    __workspace___hf__models__Qwen2_5-7B-Instruct/stage1: 660/1800 done, 2.3s/item, elapsed 25.8 min, VRAM peak 82.7%, ETA 2026-08-22 01:23:26 UTC (in 44.6 min)
2026-08-22 00:38:56 UTC INFO    __workspace___hf__models__Qwen2_5-7B-Instruct/stage1: 665/1800 done, 2.3s/item, elapsed 26.0 min, VRAM peak 82.7%, ETA 2026-08-22 01:23:18 UTC (in 44.4 min)
2026-08-22 00:39:07 UTC INFO    __workspace___hf__models__Qwen2_5-7B-Instruct/stage1: 670/1800 done, 2.3s/item, elapsed 26.2 min, VRAM peak 82.7%, ETA 2026-08-22 01:23:15 UTC (in 44.1 min)
2026-08-22 00:39:19 UTC INFO    __workspace___hf__models__Qwen2_5-7B-Instruct/stage1: 675/1800 done, 2.3s/item, elapsed 26.4 min, VRAM peak 82.7%, ETA 2026-08-22 01:23:15 UTC (in 43.9 min)
2026-08-22 00:39:32 UTC INFO    __workspace___hf__models__Qwen2_5-7B-Instruct/stage1: 680/1800 done, 2.3s/item, elapsed 26.6 min, VRAM peak 82.7%, ETA 2026-08-22 01:23:19 UTC (in 43.8 min)
2026-08-22 00:39:42 UTC INFO    __workspace___hf__models__Qwen2_5-7B-Instruct/stage1: 685/1800 done, 2.3s/item, elapsed 26.8 min, VRAM peak 82.7%, ETA 2026-08-22 01:23:15 UTC (in 43.5 min)
2026-08-22 00:39:53 UTC INFO    __workspace___hf__models__Qwen2_5-7B-Instruct/stage1: 690/1800 done, 2.3s/item, elapsed 26.9 min, VRAM peak 82.7%, ETA 2026-08-22 01:23:12 UTC (in 43.3 min)
2026-08-22 00:40:07 UTC INFO    __workspace___hf__models__Qwen2_5-7B-Instruct/stage1: 695/1800 done, 2.3s/item, elapsed 27.2 min, VRAM peak 82.7%, ETA 2026-08-22 01:23:18 UTC (in 43.2 min)
2026-08-22 00:40:19 UTC INFO    __workspace___hf__models__Qwen2_5-7B-Instruct/stage1: 700/1800 done, 2.3s/item, elapsed 27.4 min, VRAM peak 82.7%, ETA 2026-08-22 01:23:19 UTC (in 43.0 min)
2026-08-22 00:40:33 UTC INFO    __workspace___hf__models__Qwen2_5-7B-Instruct/stage1: 705/1800 done, 2.3s/item, elapsed 27.6 min, VRAM peak 82.7%, ETA 2026-08-22 01:23:26 UTC (in 42.9 min)
2026-08-22 00:40:44 UTC INFO    __workspace___hf__models__Qwen2_5-7B-Instruct/stage1: 710/1800 done, 2.3s/item, elapsed 27.8 min, VRAM peak 82.7%, ETA 2026-08-22 01:23:24 UTC (in 42.7 min)
2026-08-22 00:40:55 UTC INFO    __workspace___hf__models__Qwen2_5-7B-Instruct/stage1: 715/1800 done, 2.3s/item, elapsed 28.0 min, VRAM peak 82.7%, ETA 2026-08-22 01:23:20 UTC (in 42.4 min)
2026-08-22 00:41:07 UTC INFO    __workspace___hf__models__Qwen2_5-7B-Instruct/stage1: 720/1800 done, 2.3s/item, elapsed 28.2 min, VRAM peak 82.7%, ETA 2026-08-22 01:23:23 UTC (in 42.3 min)
2026-08-22 00:41:19 UTC INFO    __workspace___hf__models__Qwen2_5-7B-Instruct/stage1: 725/1800 done, 2.3s/item, elapsed 28.4 min, VRAM peak 82.7%, ETA 2026-08-22 01:23:23 UTC (in 42.1 min)
2026-08-22 00:41:32 UTC INFO    __workspace___hf__models__Qwen2_5-7B-Instruct/stage1: 730/1800 done, 2.3s/item, elapsed 28.6 min, VRAM peak 82.7%, ETA 2026-08-22 01:23:26 UTC (in 41.9 min)
2026-08-22 00:41:44 UTC INFO    __workspace___hf__models__Qwen2_5-7B-Instruct/stage1: 735/1800 done, 2.4s/item, elapsed 28.8 min, VRAM peak 82.7%, ETA 2026-08-22 01:23:27 UTC (in 41.7 min)
2026-08-22 00:41:57 UTC INFO    __workspace___hf__models__Qwen2_5-7B-Instruct/stage1: 740/1800 done, 2.4s/item, elapsed 29.0 min, VRAM peak 82.7%, ETA 2026-08-22 01:23:30 UTC (in 41.5 min)
2026-08-22 00:42:08 UTC INFO    __workspace___hf__models__Qwen2_5-7B-Instruct/stage1: 745/1800 done, 2.4s/item, elapsed 29.2 min, VRAM peak 82.7%, ETA 2026-08-22 01:23:28 UTC (in 41.3 min)
2026-08-22 00:42:20 UTC INFO    __workspace___hf__models__Qwen2_5-7B-Instruct/stage1: 750/1800 done, 2.4s/item, elapsed 29.4 min, VRAM peak 82.7%, ETA 2026-08-22 01:23:28 UTC (in 41.1 min)
2026-08-22 00:42:37 UTC INFO    __workspace___hf__models__Qwen2_5-7B-Instruct/stage1: 755/1800 done, 2.4s/item, elapsed 29.7 min, VRAM peak 82.7%, ETA 2026-08-22 01:23:39 UTC (in 41.0 min)
2026-08-22 00:42:47 UTC INFO    __workspace___hf__models__Qwen2_5-7B-Instruct/stage1: 760/1800 done, 2.4s/item, elapsed 29.8 min, VRAM peak 82.7%, ETA 2026-08-22 01:23:37 UTC (in 40.8 min)
2026-08-22 00:43:00 UTC INFO    __workspace___hf__models__Qwen2_5-7B-Instruct/stage1: 765/1800 done, 2.4s/item, elapsed 30.0 min, VRAM peak 82.7%, ETA 2026-08-22 01:23:38 UTC (in 40.6 min)
2026-08-22 00:43:11 UTC INFO    __workspace___hf__models__Qwen2_5-7B-Instruct/stage1: 770/1800 done, 2.4s/item, elapsed 30.2 min, VRAM peak 82.7%, ETA 2026-08-22 01:23:37 UTC (in 40.4 min)
2026-08-22 00:43:22 UTC INFO    __workspace___hf__models__Qwen2_5-7B-Instruct/stage1: 775/1800 done, 2.4s/item, elapsed 30.4 min, VRAM peak 82.7%, ETA 2026-08-22 01:23:35 UTC (in 40.2 min)
2026-08-22 00:43:33 UTC INFO    __workspace___hf__models__Qwen2_5-7B-Instruct/stage1: 780/1800 done, 2.4s/item, elapsed 30.6 min, VRAM peak 82.7%, ETA 2026-08-22 01:23:34 UTC (in 40.0 min)
2026-08-22 00:43:47 UTC INFO    __workspace___hf__models__Qwen2_5-7B-Instruct/stage1: 785/1800 done, 2.4s/item, elapsed 30.8 min, VRAM peak 82.7%, ETA 2026-08-22 01:23:39 UTC (in 39.9 min)
2026-08-22 00:43:58 UTC INFO    __workspace___hf__models__Qwen2_5-7B-Instruct/stage1: 790/1800 done, 2.4s/item, elapsed 31.0 min, VRAM peak 83.2%, ETA 2026-08-22 01:23:38 UTC (in 39.7 min)
2026-08-22 00:44:10 UTC INFO    __workspace___hf__models__Qwen2_5-7B-Instruct/stage1: 795/1800 done, 2.4s/item, elapsed 31.2 min, VRAM peak 83.2%, ETA 2026-08-22 01:23:38 UTC (in 39.5 min)
2026-08-22 00:44:22 UTC INFO    __workspace___hf__models__Qwen2_5-7B-Instruct/stage1: 800/1800 done, 2.4s/item, elapsed 31.4 min, VRAM peak 83.2%, ETA 2026-08-22 01:23:37 UTC (in 39.3 min)
2026-08-22 00:44:34 UTC INFO    __workspace___hf__models__Qwen2_5-7B-Instruct/stage1: 805/1800 done, 2.4s/item, elapsed 31.6 min, VRAM peak 83.2%, ETA 2026-08-22 01:23:39 UTC (in 39.1 min)
2026-08-22 00:44:49 UTC INFO    __workspace___hf__models__Qwen2_5-7B-Instruct/stage1: 810/1800 done, 2.4s/item, elapsed 31.9 min, VRAM peak 83.2%, ETA 2026-08-22 01:23:46 UTC (in 38.9 min)
2026-08-22 00:45:01 UTC INFO    __workspace___hf__models__Qwen2_5-7B-Instruct/stage1: 815/1800 done, 2.4s/item, elapsed 32.1 min, VRAM peak 83.2%, ETA 2026-08-22 01:23:47 UTC (in 38.8 min)
2026-08-22 00:45:13 UTC INFO    __workspace___hf__models__Qwen2_5-7B-Instruct/stage1: 820/1800 done, 2.4s/item, elapsed 32.3 min, VRAM peak 83.2%, ETA 2026-08-22 01:23:46 UTC (in 38.6 min)
2026-08-22 00:45:24 UTC INFO    __workspace___hf__models__Qwen2_5-7B-Instruct/stage1: 825/1800 done, 2.4s/item, elapsed 32.4 min, VRAM peak 83.2%, ETA 2026-08-22 01:23:45 UTC (in 38.3 min)
2026-08-22 00:45:37 UTC INFO    __workspace___hf__models__Qwen2_5-7B-Instruct/stage1: 830/1800 done, 2.4s/item, elapsed 32.7 min, VRAM peak 83.2%, ETA 2026-08-22 01:23:47 UTC (in 38.2 min)
2026-08-22 00:45:49 UTC INFO    __workspace___hf__models__Qwen2_5-7B-Instruct/stage1: 835/1800 done, 2.4s/item, elapsed 32.9 min, VRAM peak 83.2%, ETA 2026-08-22 01:23:47 UTC (in 38.0 min)
2026-08-22 00:46:01 UTC INFO    __workspace___hf__models__Qwen2_5-7B-Instruct/stage1: 840/1800 done, 2.4s/item, elapsed 33.1 min, VRAM peak 83.2%, ETA 2026-08-22 01:23:48 UTC (in 37.8 min)
2026-08-22 00:46:14 UTC INFO    __workspace___hf__models__Qwen2_5-7B-Instruct/stage1: 845/1800 done, 2.4s/item, elapsed 33.3 min, VRAM peak 83.2%, ETA 2026-08-22 01:23:50 UTC (in 37.6 min)
2026-08-22 00:46:25 UTC INFO    __workspace___hf__models__Qwen2_5-7B-Instruct/stage1: 850/1800 done, 2.4s/item, elapsed 33.5 min, VRAM peak 83.2%, ETA 2026-08-22 01:23:49 UTC (in 37.4 min)
2026-08-22 00:46:38 UTC INFO    __workspace___hf__models__Qwen2_5-7B-Instruct/stage1: 855/1800 done, 2.4s/item, elapsed 33.7 min, VRAM peak 83.2%, ETA 2026-08-22 01:23:51 UTC (in 37.2 min)
2026-08-22 00:46:50 UTC INFO    __workspace___hf__models__Qwen2_5-7B-Instruct/stage1: 860/1800 done, 2.4s/item, elapsed 33.9 min, VRAM peak 83.2%, ETA 2026-08-22 01:23:52 UTC (in 37.0 min)
2026-08-22 00:46:59 UTC INFO    __workspace___hf__models__Qwen2_5-7B-Instruct/stage1: 865/1800 done, 2.4s/item, elapsed 34.0 min, VRAM peak 83.2%, ETA 2026-08-22 01:23:47 UTC (in 36.8 min)
2026-08-22 00:47:15 UTC INFO    __workspace___hf__models__Qwen2_5-7B-Instruct/stage1: 870/1800 done, 2.4s/item, elapsed 34.3 min, VRAM peak 83.2%, ETA 2026-08-22 01:23:55 UTC (in 36.7 min)
2026-08-22 00:47:25 UTC INFO    __workspace___hf__models__Qwen2_5-7B-Instruct/stage1: 875/1800 done, 2.4s/item, elapsed 34.5 min, VRAM peak 83.2%, ETA 2026-08-22 01:23:52 UTC (in 36.4 min)
2026-08-22 00:47:38 UTC INFO    __workspace___hf__models__Qwen2_5-7B-Instruct/stage1: 880/1800 done, 2.4s/item, elapsed 34.7 min, VRAM peak 83.2%, ETA 2026-08-22 01:23:54 UTC (in 36.3 min)
2026-08-22 00:47:49 UTC INFO    __workspace___hf__models__Qwen2_5-7B-Instruct/stage1: 885/1800 done, 2.4s/item, elapsed 34.9 min, VRAM peak 83.2%, ETA 2026-08-22 01:23:52 UTC (in 36.0 min)
2026-08-22 00:48:00 UTC INFO    __workspace___hf__models__Qwen2_5-7B-Instruct/stage1: 890/1800 done, 2.4s/item, elapsed 35.0 min, VRAM peak 83.2%, ETA 2026-08-22 01:23:50 UTC (in 35.8 min)
2026-08-22 00:48:11 UTC INFO    __workspace___hf__models__Qwen2_5-7B-Instruct/stage1: 895/1800 done, 2.4s/item, elapsed 35.2 min, VRAM peak 83.2%, ETA 2026-08-22 01:23:48 UTC (in 35.6 min)
2026-08-22 00:48:21 UTC INFO    __workspace___hf__models__Qwen2_5-7B-Instruct/stage1: 900/1800 done, 2.4s/item, elapsed 35.4 min, VRAM peak 83.2%, ETA 2026-08-22 01:23:45 UTC (in 35.4 min)
2026-08-22 00:48:35 UTC INFO    __workspace___hf__models__Qwen2_5-7B-Instruct/stage1: 905/1800 done, 2.4s/item, elapsed 35.6 min, VRAM peak 83.2%, ETA 2026-08-22 01:23:50 UTC (in 35.2 min)
2026-08-22 00:48:47 UTC INFO    __workspace___hf__models__Qwen2_5-7B-Instruct/stage1: 910/1800 done, 2.4s/item, elapsed 35.8 min, VRAM peak 83.2%, ETA 2026-08-22 01:23:50 UTC (in 35.0 min)
2026-08-22 00:48:58 UTC INFO    __workspace___hf__models__Qwen2_5-7B-Instruct/stage1: 915/1800 done, 2.4s/item, elapsed 36.0 min, VRAM peak 83.2%, ETA 2026-08-22 01:23:49 UTC (in 34.8 min)
2026-08-22 00:49:10 UTC INFO    __workspace___hf__models__Qwen2_5-7B-Instruct/stage1: 920/1800 done, 2.4s/item, elapsed 36.2 min, VRAM peak 83.2%, ETA 2026-08-22 01:23:48 UTC (in 34.6 min)
2026-08-22 00:49:22 UTC INFO    __workspace___hf__models__Qwen2_5-7B-Instruct/stage1: 925/1800 done, 2.4s/item, elapsed 36.4 min, VRAM peak 83.2%, ETA 2026-08-22 01:23:50 UTC (in 34.5 min)
2026-08-22 00:49:34 UTC INFO    __workspace___hf__models__Qwen2_5-7B-Instruct/stage1: 930/1800 done, 2.4s/item, elapsed 36.6 min, VRAM peak 83.2%, ETA 2026-08-22 01:23:50 UTC (in 34.3 min)
2026-08-22 00:49:44 UTC INFO    __workspace___hf__models__Qwen2_5-7B-Instruct/stage1: 935/1800 done, 2.4s/item, elapsed 36.8 min, VRAM peak 83.2%, ETA 2026-08-22 01:23:45 UTC (in 34.0 min)
2026-08-22 00:49:57 UTC INFO    __workspace___hf__models__Qwen2_5-7B-Instruct/stage1: 940/1800 done, 2.4s/item, elapsed 37.0 min, VRAM peak 83.2%, ETA 2026-08-22 01:23:48 UTC (in 33.9 min)
2026-08-22 00:50:08 UTC INFO    __workspace___hf__models__Qwen2_5-7B-Instruct/stage1: 945/1800 done, 2.4s/item, elapsed 37.2 min, VRAM peak 83.2%, ETA 2026-08-22 01:23:46 UTC (in 33.6 min)
2026-08-22 00:50:19 UTC INFO    __workspace___hf__models__Qwen2_5-7B-Instruct/stage1: 950/1800 done, 2.4s/item, elapsed 37.4 min, VRAM peak 83.2%, ETA 2026-08-22 01:23:45 UTC (in 33.4 min)
2026-08-22 00:50:30 UTC INFO    __workspace___hf__models__Qwen2_5-7B-Instruct/stage1: 955/1800 done, 2.4s/item, elapsed 37.6 min, VRAM peak 83.2%, ETA 2026-08-22 01:23:44 UTC (in 33.2 min)
2026-08-22 00:50:42 UTC INFO    __workspace___hf__models__Qwen2_5-7B-Instruct/stage1: 960/1800 done, 2.4s/item, elapsed 37.7 min, VRAM peak 83.2%, ETA 2026-08-22 01:23:44 UTC (in 33.0 min)
2026-08-22 00:50:53 UTC INFO    __workspace___hf__models__Qwen2_5-7B-Instruct/stage1: 965/1800 done, 2.4s/item, elapsed 37.9 min, VRAM peak 83.2%, ETA 2026-08-22 01:23:43 UTC (in 32.8 min)
2026-08-22 00:51:05 UTC INFO    __workspace___hf__models__Qwen2_5-7B-Instruct/stage1: 970/1800 done, 2.4s/item, elapsed 38.1 min, VRAM peak 83.2%, ETA 2026-08-22 01:23:42 UTC (in 32.6 min)
2026-08-22 00:51:16 UTC INFO    __workspace___hf__models__Qwen2_5-7B-Instruct/stage1: 975/1800 done, 2.4s/item, elapsed 38.3 min, VRAM peak 83.2%, ETA 2026-08-22 01:23:41 UTC (in 32.4 min)
2026-08-22 00:51:26 UTC INFO    __workspace___hf__models__Qwen2_5-7B-Instruct/stage1: 980/1800 done, 2.4s/item, elapsed 38.5 min, VRAM peak 83.2%, ETA 2026-08-22 01:23:38 UTC (in 32.2 min)
2026-08-22 00:51:38 UTC INFO    __workspace___hf__models__Qwen2_5-7B-Instruct/stage1: 985/1800 done, 2.4s/item, elapsed 38.7 min, VRAM peak 83.2%, ETA 2026-08-22 01:23:39 UTC (in 32.0 min)
2026-08-22 00:51:52 UTC INFO    __workspace___hf__models__Qwen2_5-7B-Instruct/stage1: 990/1800 done, 2.4s/item, elapsed 38.9 min, VRAM peak 83.2%, ETA 2026-08-22 01:23:42 UTC (in 31.8 min)
2026-08-22 00:52:02 UTC INFO    __workspace___hf__models__Qwen2_5-7B-Instruct/stage1: 995/1800 done, 2.4s/item, elapsed 39.1 min, VRAM peak 83.2%, ETA 2026-08-22 01:23:40 UTC (in 31.6 min)
2026-08-22 00:52:16 UTC INFO    __workspace___hf__models__Qwen2_5-7B-Instruct/stage1: 1000/1800 done, 2.4s/item, elapsed 39.3 min, VRAM peak 83.8%, ETA 2026-08-22 01:23:43 UTC (in 31.5 min)
2026-08-22 00:52:28 UTC INFO    __workspace___hf__models__Qwen2_5-7B-Instruct/stage1: 1005/1800 done, 2.4s/item, elapsed 39.5 min, VRAM peak 83.8%, ETA 2026-08-22 01:23:43 UTC (in 31.3 min)
2026-08-22 00:52:38 UTC INFO    __workspace___hf__models__Qwen2_5-7B-Instruct/stage1: 1010/1800 done, 2.4s/item, elapsed 39.7 min, VRAM peak 83.8%, ETA 2026-08-22 01:23:41 UTC (in 31.0 min)
2026-08-22 00:52:50 UTC INFO    __workspace___hf__models__Qwen2_5-7B-Instruct/stage1: 1015/1800 done, 2.4s/item, elapsed 39.9 min, VRAM peak 83.8%, ETA 2026-08-22 01:23:40 UTC (in 30.8 min)
2026-08-22 00:53:07 UTC INFO    __workspace___hf__models__Qwen2_5-7B-Instruct/stage1: 1020/1800 done, 2.4s/item, elapsed 40.2 min, VRAM peak 83.8%, ETA 2026-08-22 01:23:50 UTC (in 30.7 min)
2026-08-22 00:53:20 UTC INFO    __workspace___hf__models__Qwen2_5-7B-Instruct/stage1: 1025/1800 done, 2.4s/item, elapsed 40.4 min, VRAM peak 83.8%, ETA 2026-08-22 01:23:51 UTC (in 30.5 min)
2026-08-22 00:53:31 UTC INFO    __workspace___hf__models__Qwen2_5-7B-Instruct/stage1: 1030/1800 done, 2.4s/item, elapsed 40.6 min, VRAM peak 83.8%, ETA 2026-08-22 01:23:51 UTC (in 30.3 min)
2026-08-22 00:53:43 UTC INFO    __workspace___hf__models__Qwen2_5-7B-Instruct/stage1: 1035/1800 done, 2.4s/item, elapsed 40.8 min, VRAM peak 83.8%, ETA 2026-08-22 01:23:51 UTC (in 30.1 min)
2026-08-22 00:53:54 UTC INFO    __workspace___hf__models__Qwen2_5-7B-Instruct/stage1: 1040/1800 done, 2.4s/item, elapsed 40.9 min, VRAM peak 83.8%, ETA 2026-08-22 01:23:49 UTC (in 29.9 min)
2026-08-22 00:54:06 UTC INFO    __workspace___hf__models__Qwen2_5-7B-Instruct/stage1: 1045/1800 done, 2.4s/item, elapsed 41.1 min, VRAM peak 83.8%, ETA 2026-08-22 01:23:49 UTC (in 29.7 min)
2026-08-22 00:54:17 UTC INFO    __workspace___hf__models__Qwen2_5-7B-Instruct/stage1: 1050/1800 done, 2.4s/item, elapsed 41.3 min, VRAM peak 83.8%, ETA 2026-08-22 01:23:49 UTC (in 29.5 min)
2026-08-22 00:54:27 UTC INFO    __workspace___hf__models__Qwen2_5-7B-Instruct/stage1: 1055/1800 done, 2.4s/item, elapsed 41.5 min, VRAM peak 83.8%, ETA 2026-08-22 01:23:45 UTC (in 29.3 min)
2026-08-22 00:54:41 UTC INFO    __workspace___hf__models__Qwen2_5-7B-Instruct/stage1: 1060/1800 done, 2.4s/item, elapsed 41.7 min, VRAM peak 83.8%, ETA 2026-08-22 01:23:48 UTC (in 29.1 min)
2026-08-22 00:54:52 UTC INFO    __workspace___hf__models__Qwen2_5-7B-Instruct/stage1: 1065/1800 done, 2.4s/item, elapsed 41.9 min, VRAM peak 83.8%, ETA 2026-08-22 01:23:48 UTC (in 28.9 min)
2026-08-22 00:55:03 UTC INFO    __workspace___hf__models__Qwen2_5-7B-Instruct/stage1: 1070/1800 done, 2.4s/item, elapsed 42.1 min, VRAM peak 83.8%, ETA 2026-08-22 01:23:46 UTC (in 28.7 min)
2026-08-22 00:55:18 UTC INFO    __workspace___hf__models__Qwen2_5-7B-Instruct/stage1: 1075/1800 done, 2.4s/item, elapsed 42.3 min, VRAM peak 83.8%, ETA 2026-08-22 01:23:52 UTC (in 28.6 min)
2026-08-22 00:55:28 UTC INFO    __workspace___hf__models__Qwen2_5-7B-Instruct/stage1: 1080/1800 done, 2.4s/item, elapsed 42.5 min, VRAM peak 83.8%, ETA 2026-08-22 01:23:49 UTC (in 28.3 min)
2026-08-22 00:55:40 UTC INFO    __workspace___hf__models__Qwen2_5-7B-Instruct/stage1: 1085/1800 done, 2.4s/item, elapsed 42.7 min, VRAM peak 83.8%, ETA 2026-08-22 01:23:49 UTC (in 28.1 min)
2026-08-22 00:55:52 UTC INFO    __workspace___hf__models__Qwen2_5-7B-Instruct/stage1: 1090/1800 done, 2.4s/item, elapsed 42.9 min, VRAM peak 83.8%, ETA 2026-08-22 01:23:49 UTC (in 28.0 min)
2026-08-22 00:56:04 UTC INFO    __workspace___hf__models__Qwen2_5-7B-Instruct/stage1: 1095/1800 done, 2.4s/item, elapsed 43.1 min, VRAM peak 83.8%, ETA 2026-08-22 01:23:50 UTC (in 27.8 min)
2026-08-22 00:56:13 UTC INFO    __workspace___hf__models__Qwen2_5-7B-Instruct/stage1: 1100/1800 done, 2.4s/item, elapsed 43.3 min, VRAM peak 83.8%, ETA 2026-08-22 01:23:45 UTC (in 27.5 min)
2026-08-22 00:56:23 UTC INFO    __workspace___hf__models__Qwen2_5-7B-Instruct/stage1: 1105/1800 done, 2.4s/item, elapsed 43.4 min, VRAM peak 83.8%, ETA 2026-08-22 01:23:42 UTC (in 27.3 min)
2026-08-22 00:56:34 UTC INFO    __workspace___hf__models__Qwen2_5-7B-Instruct/stage1: 1110/1800 done, 2.4s/item, elapsed 43.6 min, VRAM peak 83.8%, ETA 2026-08-22 01:23:41 UTC (in 27.1 min)
2026-08-22 00:56:47 UTC INFO    __workspace___hf__models__Qwen2_5-7B-Instruct/stage1: 1115/1800 done, 2.4s/item, elapsed 43.8 min, VRAM peak 83.8%, ETA 2026-08-22 01:23:43 UTC (in 26.9 min)
2026-08-22 00:57:01 UTC INFO    __workspace___hf__models__Qwen2_5-7B-Instruct/stage1: 1120/1800 done, 2.4s/item, elapsed 44.1 min, VRAM peak 83.8%, ETA 2026-08-22 01:23:47 UTC (in 26.8 min)
2026-08-22 00:57:12 UTC INFO    __workspace___hf__models__Qwen2_5-7B-Instruct/stage1: 1125/1800 done, 2.4s/item, elapsed 44.3 min, VRAM peak 83.8%, ETA 2026-08-22 01:23:46 UTC (in 26.6 min)
2026-08-22 00:57:23 UTC INFO    __workspace___hf__models__Qwen2_5-7B-Instruct/stage1: 1130/1800 done, 2.4s/item, elapsed 44.4 min, VRAM peak 83.8%, ETA 2026-08-22 01:23:43 UTC (in 26.3 min)
2026-08-22 00:57:36 UTC INFO    __workspace___hf__models__Qwen2_5-7B-Instruct/stage1: 1135/1800 done, 2.4s/item, elapsed 44.7 min, VRAM peak 83.8%, ETA 2026-08-22 01:23:46 UTC (in 26.2 min)
2026-08-22 00:57:47 UTC INFO    __workspace___hf__models__Qwen2_5-7B-Instruct/stage1: 1140/1800 done, 2.4s/item, elapsed 44.8 min, VRAM peak 83.8%, ETA 2026-08-22 01:23:44 UTC (in 26.0 min)
2026-08-22 00:57:58 UTC INFO    __workspace___hf__models__Qwen2_5-7B-Instruct/stage1: 1145/1800 done, 2.4s/item, elapsed 45.0 min, VRAM peak 83.8%, ETA 2026-08-22 01:23:43 UTC (in 25.8 min)
2026-08-22 00:58:10 UTC INFO    __workspace___hf__models__Qwen2_5-7B-Instruct/stage1: 1150/1800 done, 2.4s/item, elapsed 45.2 min, VRAM peak 83.8%, ETA 2026-08-22 01:23:43 UTC (in 25.6 min)
2026-08-22 00:58:20 UTC INFO    __workspace___hf__models__Qwen2_5-7B-Instruct/stage1: 1155/1800 done, 2.4s/item, elapsed 45.4 min, VRAM peak 83.8%, ETA 2026-08-22 01:23:40 UTC (in 25.3 min)
2026-08-22 00:58:32 UTC INFO    __workspace___hf__models__Qwen2_5-7B-Instruct/stage1: 1160/1800 done, 2.4s/item, elapsed 45.6 min, VRAM peak 83.8%, ETA 2026-08-22 01:23:40 UTC (in 25.1 min)
2026-08-22 00:58:45 UTC INFO    __workspace___hf__models__Qwen2_5-7B-Instruct/stage1: 1165/1800 done, 2.4s/item, elapsed 45.8 min, VRAM peak 83.8%, ETA 2026-08-22 01:23:44 UTC (in 25.0 min)
2026-08-22 00:58:57 UTC INFO    __workspace___hf__models__Qwen2_5-7B-Instruct/stage1: 1170/1800 done, 2.4s/item, elapsed 46.0 min, VRAM peak 83.8%, ETA 2026-08-22 01:23:43 UTC (in 24.8 min)
2026-08-22 00:59:08 UTC INFO    __workspace___hf__models__Qwen2_5-7B-Instruct/stage1: 1175/1800 done, 2.4s/item, elapsed 46.2 min, VRAM peak 83.8%, ETA 2026-08-22 01:23:42 UTC (in 24.6 min)
2026-08-22 00:59:18 UTC INFO    __workspace___hf__models__Qwen2_5-7B-Instruct/stage1: 1180/1800 done, 2.4s/item, elapsed 46.3 min, VRAM peak 83.8%, ETA 2026-08-22 01:23:39 UTC (in 24.4 min)
2026-08-22 00:59:28 UTC INFO    __workspace___hf__models__Qwen2_5-7B-Instruct/stage1: 1185/1800 done, 2.4s/item, elapsed 46.5 min, VRAM peak 83.8%, ETA 2026-08-22 01:23:36 UTC (in 24.1 min)
2026-08-22 00:59:41 UTC INFO    __workspace___hf__models__Qwen2_5-7B-Instruct/stage1: 1190/1800 done, 2.4s/item, elapsed 46.7 min, VRAM peak 83.8%, ETA 2026-08-22 01:23:39 UTC (in 24.0 min)
2026-08-22 00:59:52 UTC INFO    __workspace___hf__models__Qwen2_5-7B-Instruct/stage1: 1195/1800 done, 2.4s/item, elapsed 46.9 min, VRAM peak 83.8%, ETA 2026-08-22 01:23:38 UTC (in 23.8 min)
2026-08-22 01:00:03 UTC INFO    __workspace___hf__models__Qwen2_5-7B-Instruct/stage1: 1200/1800 done, 2.4s/item, elapsed 47.1 min, VRAM peak 83.8%, ETA 2026-08-22 01:23:36 UTC (in 23.5 min)
2026-08-22 01:00:15 UTC INFO    __workspace___hf__models__Qwen2_5-7B-Instruct/stage1: 1205/1800 done, 2.4s/item, elapsed 47.3 min, VRAM peak 83.8%, ETA 2026-08-22 01:23:37 UTC (in 23.4 min)
2026-08-22 01:00:26 UTC INFO    __workspace___hf__models__Qwen2_5-7B-Instruct/stage1: 1210/1800 done, 2.4s/item, elapsed 47.5 min, VRAM peak 83.8%, ETA 2026-08-22 01:23:35 UTC (in 23.1 min)
2026-08-22 01:00:38 UTC INFO    __workspace___hf__models__Qwen2_5-7B-Instruct/stage1: 1215/1800 done, 2.4s/item, elapsed 47.7 min, VRAM peak 83.8%, ETA 2026-08-22 01:23:35 UTC (in 23.0 min)
2026-08-22 01:00:50 UTC INFO    __workspace___hf__models__Qwen2_5-7B-Instruct/stage1: 1220/1800 done, 2.4s/item, elapsed 47.9 min, VRAM peak 83.8%, ETA 2026-08-22 01:23:36 UTC (in 22.8 min)
2026-08-22 01:01:02 UTC INFO    __workspace___hf__models__Qwen2_5-7B-Instruct/stage1: 1225/1800 done, 2.4s/item, elapsed 48.1 min, VRAM peak 83.8%, ETA 2026-08-22 01:23:36 UTC (in 22.6 min)
2026-08-22 01:01:14 UTC INFO    __workspace___hf__models__Qwen2_5-7B-Instruct/stage1: 1230/1800 done, 2.4s/item, elapsed 48.3 min, VRAM peak 83.8%, ETA 2026-08-22 01:23:36 UTC (in 22.4 min)
2026-08-22 01:01:25 UTC INFO    __workspace___hf__models__Qwen2_5-7B-Instruct/stage1: 1235/1800 done, 2.4s/item, elapsed 48.5 min, VRAM peak 83.8%, ETA 2026-08-22 01:23:35 UTC (in 22.2 min)
2026-08-22 01:01:35 UTC INFO    __workspace___hf__models__Qwen2_5-7B-Instruct/stage1: 1240/1800 done, 2.4s/item, elapsed 48.6 min, VRAM peak 83.8%, ETA 2026-08-22 01:23:33 UTC (in 22.0 min)
2026-08-22 01:01:45 UTC INFO    __workspace___hf__models__Qwen2_5-7B-Instruct/stage1: 1245/1800 done, 2.4s/item, elapsed 48.8 min, VRAM peak 83.8%, ETA 2026-08-22 01:23:30 UTC (in 21.8 min)
2026-08-22 01:01:56 UTC INFO    __workspace___hf__models__Qwen2_5-7B-Instruct/stage1: 1250/1800 done, 2.4s/item, elapsed 49.0 min, VRAM peak 83.8%, ETA 2026-08-22 01:23:29 UTC (in 21.6 min)
2026-08-22 01:02:06 UTC INFO    __workspace___hf__models__Qwen2_5-7B-Instruct/stage1: 1255/1800 done, 2.3s/item, elapsed 49.1 min, VRAM peak 83.8%, ETA 2026-08-22 01:23:27 UTC (in 21.3 min)
2026-08-22 01:02:19 UTC INFO    __workspace___hf__models__Qwen2_5-7B-Instruct/stage1: 1260/1800 done, 2.4s/item, elapsed 49.4 min, VRAM peak 83.8%, ETA 2026-08-22 01:23:28 UTC (in 21.2 min)
2026-08-22 01:02:29 UTC INFO    __workspace___hf__models__Qwen2_5-7B-Instruct/stage1: 1265/1800 done, 2.3s/item, elapsed 49.5 min, VRAM peak 83.8%, ETA 2026-08-22 01:23:26 UTC (in 21.0 min)
2026-08-22 01:02:40 UTC INFO    __workspace___hf__models__Qwen2_5-7B-Instruct/stage1: 1270/1800 done, 2.3s/item, elapsed 49.7 min, VRAM peak 83.8%, ETA 2026-08-22 01:23:25 UTC (in 20.7 min)
2026-08-22 01:02:52 UTC INFO    __workspace___hf__models__Qwen2_5-7B-Instruct/stage1: 1275/1800 done, 2.3s/item, elapsed 49.9 min, VRAM peak 83.8%, ETA 2026-08-22 01:23:25 UTC (in 20.6 min)
2026-08-22 01:03:04 UTC INFO    __workspace___hf__models__Qwen2_5-7B-Instruct/stage1: 1280/1800 done, 2.3s/item, elapsed 50.1 min, VRAM peak 84.4%, ETA 2026-08-22 01:23:25 UTC (in 20.4 min)
2026-08-22 01:03:16 UTC INFO    __workspace___hf__models__Qwen2_5-7B-Instruct/stage1: 1285/1800 done, 2.3s/item, elapsed 50.3 min, VRAM peak 84.4%, ETA 2026-08-22 01:23:25 UTC (in 20.2 min)
2026-08-22 01:03:27 UTC INFO    __workspace___hf__models__Qwen2_5-7B-Instruct/stage1: 1290/1800 done, 2.3s/item, elapsed 50.5 min, VRAM peak 84.4%, ETA 2026-08-22 01:23:25 UTC (in 20.0 min)
2026-08-22 01:03:40 UTC INFO    __workspace___hf__models__Qwen2_5-7B-Instruct/stage1: 1295/1800 done, 2.4s/item, elapsed 50.7 min, VRAM peak 84.4%, ETA 2026-08-22 01:23:27 UTC (in 19.8 min)
2026-08-22 01:03:53 UTC INFO    __workspace___hf__models__Qwen2_5-7B-Instruct/stage1: 1300/1800 done, 2.4s/item, elapsed 50.9 min, VRAM peak 84.4%, ETA 2026-08-22 01:23:28 UTC (in 19.6 min)
2026-08-22 01:04:03 UTC INFO    __workspace___hf__models__Qwen2_5-7B-Instruct/stage1: 1305/1800 done, 2.3s/item, elapsed 51.1 min, VRAM peak 84.4%, ETA 2026-08-22 01:23:26 UTC (in 19.4 min)
2026-08-22 01:04:14 UTC INFO    __workspace___hf__models__Qwen2_5-7B-Instruct/stage1: 1310/1800 done, 2.3s/item, elapsed 51.3 min, VRAM peak 84.4%, ETA 2026-08-22 01:23:24 UTC (in 19.2 min)
2026-08-22 01:04:26 UTC INFO    __workspace___hf__models__Qwen2_5-7B-Instruct/stage1: 1315/1800 done, 2.3s/item, elapsed 51.5 min, VRAM peak 84.4%, ETA 2026-08-22 01:23:26 UTC (in 19.0 min)
2026-08-22 01:04:39 UTC INFO    __workspace___hf__models__Qwen2_5-7B-Instruct/stage1: 1320/1800 done, 2.3s/item, elapsed 51.7 min, VRAM peak 84.4%, ETA 2026-08-22 01:23:27 UTC (in 18.8 min)
2026-08-22 01:04:50 UTC INFO    __workspace___hf__models__Qwen2_5-7B-Instruct/stage1: 1325/1800 done, 2.3s/item, elapsed 51.9 min, VRAM peak 84.4%, ETA 2026-08-22 01:23:26 UTC (in 18.6 min)
2026-08-22 01:05:00 UTC INFO    __workspace___hf__models__Qwen2_5-7B-Instruct/stage1: 1330/1800 done, 2.3s/item, elapsed 52.0 min, VRAM peak 84.4%, ETA 2026-08-22 01:23:24 UTC (in 18.4 min)
2026-08-22 01:05:13 UTC INFO    __workspace___hf__models__Qwen2_5-7B-Instruct/stage1: 1335/1800 done, 2.3s/item, elapsed 52.3 min, VRAM peak 84.4%, ETA 2026-08-22 01:23:26 UTC (in 18.2 min)
2026-08-22 01:05:25 UTC INFO    __workspace___hf__models__Qwen2_5-7B-Instruct/stage1: 1340/1800 done, 2.3s/item, elapsed 52.5 min, VRAM peak 84.4%, ETA 2026-08-22 01:23:26 UTC (in 18.0 min)
2026-08-22 01:05:38 UTC INFO    __workspace___hf__models__Qwen2_5-7B-Instruct/stage1: 1345/1800 done, 2.3s/item, elapsed 52.7 min, VRAM peak 84.4%, ETA 2026-08-22 01:23:27 UTC (in 17.8 min)
2026-08-22 01:05:47 UTC INFO    __workspace___hf__models__Qwen2_5-7B-Instruct/stage1: 1350/1800 done, 2.3s/item, elapsed 52.8 min, VRAM peak 84.4%, ETA 2026-08-22 01:23:23 UTC (in 17.6 min)
2026-08-22 01:05:57 UTC INFO    __workspace___hf__models__Qwen2_5-7B-Instruct/stage1: 1355/1800 done, 2.3s/item, elapsed 53.0 min, VRAM peak 84.4%, ETA 2026-08-22 01:23:22 UTC (in 17.4 min)
2026-08-22 01:06:11 UTC INFO    __workspace___hf__models__Qwen2_5-7B-Instruct/stage1: 1360/1800 done, 2.3s/item, elapsed 53.2 min, VRAM peak 84.4%, ETA 2026-08-22 01:23:24 UTC (in 17.2 min)
2026-08-22 01:06:22 UTC INFO    __workspace___hf__models__Qwen2_5-7B-Instruct/stage1: 1365/1800 done, 2.3s/item, elapsed 53.4 min, VRAM peak 84.4%, ETA 2026-08-22 01:23:23 UTC (in 17.0 min)
2026-08-22 01:06:35 UTC INFO    __workspace___hf__models__Qwen2_5-7B-Instruct/stage1: 1370/1800 done, 2.3s/item, elapsed 53.6 min, VRAM peak 84.4%, ETA 2026-08-22 01:23:25 UTC (in 16.8 min)
2026-08-22 01:06:45 UTC INFO    __workspace___hf__models__Qwen2_5-7B-Instruct/stage1: 1375/1800 done, 2.3s/item, elapsed 53.8 min, VRAM peak 84.4%, ETA 2026-08-22 01:23:22 UTC (in 16.6 min)
2026-08-22 01:06:58 UTC INFO    __workspace___hf__models__Qwen2_5-7B-Instruct/stage1: 1380/1800 done, 2.3s/item, elapsed 54.0 min, VRAM peak 85.1%, ETA 2026-08-22 01:23:24 UTC (in 16.4 min)
2026-08-22 01:07:10 UTC INFO    __workspace___hf__models__Qwen2_5-7B-Instruct/stage1: 1385/1800 done, 2.3s/item, elapsed 54.2 min, VRAM peak 85.1%, ETA 2026-08-22 01:23:24 UTC (in 16.2 min)
2026-08-22 01:07:19 UTC INFO    __workspace___hf__models__Qwen2_5-7B-Instruct/stage1: 1390/1800 done, 2.3s/item, elapsed 54.4 min, VRAM peak 85.1%, ETA 2026-08-22 01:23:21 UTC (in 16.0 min)
2026-08-22 01:07:29 UTC INFO    __workspace___hf__models__Qwen2_5-7B-Instruct/stage1: 1395/1800 done, 2.3s/item, elapsed 54.5 min, VRAM peak 85.1%, ETA 2026-08-22 01:23:19 UTC (in 15.8 min)
2026-08-22 01:07:40 UTC INFO    __workspace___hf__models__Qwen2_5-7B-Instruct/stage1: 1400/1800 done, 2.3s/item, elapsed 54.7 min, VRAM peak 85.1%, ETA 2026-08-22 01:23:18 UTC (in 15.6 min)
2026-08-22 01:07:51 UTC INFO    __workspace___hf__models__Qwen2_5-7B-Instruct/stage1: 1405/1800 done, 2.3s/item, elapsed 54.9 min, VRAM peak 85.1%, ETA 2026-08-22 01:23:17 UTC (in 15.4 min)
2026-08-22 01:08:03 UTC INFO    __workspace___hf__models__Qwen2_5-7B-Instruct/stage1: 1410/1800 done, 2.3s/item, elapsed 55.1 min, VRAM peak 85.1%, ETA 2026-08-22 01:23:17 UTC (in 15.2 min)
2026-08-22 01:08:14 UTC INFO    __workspace___hf__models__Qwen2_5-7B-Instruct/stage1: 1415/1800 done, 2.3s/item, elapsed 55.3 min, VRAM peak 85.1%, ETA 2026-08-22 01:23:16 UTC (in 15.0 min)
2026-08-22 01:08:25 UTC INFO    __workspace___hf__models__Qwen2_5-7B-Instruct/stage1: 1420/1800 done, 2.3s/item, elapsed 55.5 min, VRAM peak 85.1%, ETA 2026-08-22 01:23:15 UTC (in 14.8 min)
2026-08-22 01:08:37 UTC INFO    __workspace___hf__models__Qwen2_5-7B-Instruct/stage1: 1425/1800 done, 2.3s/item, elapsed 55.7 min, VRAM peak 85.1%, ETA 2026-08-22 01:23:16 UTC (in 14.6 min)
2026-08-22 01:08:48 UTC INFO    __workspace___hf__models__Qwen2_5-7B-Instruct/stage1: 1430/1800 done, 2.3s/item, elapsed 55.8 min, VRAM peak 85.7%, ETA 2026-08-22 01:23:14 UTC (in 14.4 min)
2026-08-22 01:08:59 UTC INFO    __workspace___hf__models__Qwen2_5-7B-Instruct/stage1: 1435/1800 done, 2.3s/item, elapsed 56.0 min, VRAM peak 85.7%, ETA 2026-08-22 01:23:14 UTC (in 14.3 min)
2026-08-22 01:09:13 UTC INFO    __workspace___hf__models__Qwen2_5-7B-Instruct/stage1: 1440/1800 done, 2.3s/item, elapsed 56.3 min, VRAM peak 85.7%, ETA 2026-08-22 01:23:16 UTC (in 14.1 min)
2026-08-22 01:09:22 UTC INFO    __workspace___hf__models__Qwen2_5-7B-Instruct/stage1: 1445/1800 done, 2.3s/item, elapsed 56.4 min, VRAM peak 85.7%, ETA 2026-08-22 01:23:14 UTC (in 13.9 min)
2026-08-22 01:09:34 UTC INFO    __workspace___hf__models__Qwen2_5-7B-Instruct/stage1: 1450/1800 done, 2.3s/item, elapsed 56.6 min, VRAM peak 85.7%, ETA 2026-08-22 01:23:14 UTC (in 13.7 min)
2026-08-22 01:09:45 UTC INFO    __workspace___hf__models__Qwen2_5-7B-Instruct/stage1: 1455/1800 done, 2.3s/item, elapsed 56.8 min, VRAM peak 85.7%, ETA 2026-08-22 01:23:13 UTC (in 13.5 min)
2026-08-22 01:09:57 UTC INFO    __workspace___hf__models__Qwen2_5-7B-Instruct/stage1: 1460/1800 done, 2.3s/item, elapsed 57.0 min, VRAM peak 85.7%, ETA 2026-08-22 01:23:13 UTC (in 13.3 min)
2026-08-22 01:10:10 UTC INFO    __workspace___hf__models__Qwen2_5-7B-Instruct/stage1: 1465/1800 done, 2.3s/item, elapsed 57.2 min, VRAM peak 85.7%, ETA 2026-08-22 01:23:15 UTC (in 13.1 min)
2026-08-22 01:10:23 UTC INFO    __workspace___hf__models__Qwen2_5-7B-Instruct/stage1: 1470/1800 done, 2.3s/item, elapsed 57.4 min, VRAM peak 85.7%, ETA 2026-08-22 01:23:16 UTC (in 12.9 min)
2026-08-22 01:10:33 UTC INFO    __workspace___hf__models__Qwen2_5-7B-Instruct/stage1: 1475/1800 done, 2.3s/item, elapsed 57.6 min, VRAM peak 85.7%, ETA 2026-08-22 01:23:15 UTC (in 12.7 min)
2026-08-22 01:10:47 UTC INFO    __workspace___hf__models__Qwen2_5-7B-Instruct/stage1: 1480/1800 done, 2.3s/item, elapsed 57.8 min, VRAM peak 85.7%, ETA 2026-08-22 01:23:17 UTC (in 12.5 min)
2026-08-22 01:10:59 UTC INFO    __workspace___hf__models__Qwen2_5-7B-Instruct/stage1: 1485/1800 done, 2.3s/item, elapsed 58.0 min, VRAM peak 85.7%, ETA 2026-08-22 01:23:18 UTC (in 12.3 min)
2026-08-22 01:11:13 UTC INFO    __workspace___hf__models__Qwen2_5-7B-Instruct/stage1: 1490/1800 done, 2.3s/item, elapsed 58.3 min, VRAM peak 85.7%, ETA 2026-08-22 01:23:20 UTC (in 12.1 min)
2026-08-22 01:11:24 UTC INFO    __workspace___hf__models__Qwen2_5-7B-Instruct/stage1: 1495/1800 done, 2.3s/item, elapsed 58.5 min, VRAM peak 85.7%, ETA 2026-08-22 01:23:20 UTC (in 11.9 min)
2026-08-22 01:11:36 UTC INFO    __workspace___hf__models__Qwen2_5-7B-Instruct/stage1: 1500/1800 done, 2.3s/item, elapsed 58.7 min, VRAM peak 85.7%, ETA 2026-08-22 01:23:20 UTC (in 11.7 min)
2026-08-22 01:11:48 UTC INFO    __workspace___hf__models__Qwen2_5-7B-Instruct/stage1: 1505/1800 done, 2.3s/item, elapsed 58.8 min, VRAM peak 85.7%, ETA 2026-08-22 01:23:20 UTC (in 11.5 min)
2026-08-22 01:11:59 UTC INFO    __workspace___hf__models__Qwen2_5-7B-Instruct/stage1: 1510/1800 done, 2.3s/item, elapsed 59.0 min, VRAM peak 85.7%, ETA 2026-08-22 01:23:19 UTC (in 11.3 min)
2026-08-22 01:12:12 UTC INFO    __workspace___hf__models__Qwen2_5-7B-Instruct/stage1: 1515/1800 done, 2.3s/item, elapsed 59.2 min, VRAM peak 85.7%, ETA 2026-08-22 01:23:20 UTC (in 11.1 min)
2026-08-22 01:12:23 UTC INFO    __workspace___hf__models__Qwen2_5-7B-Instruct/stage1: 1520/1800 done, 2.3s/item, elapsed 59.4 min, VRAM peak 85.7%, ETA 2026-08-22 01:23:20 UTC (in 10.9 min)
2026-08-22 01:12:35 UTC INFO    __workspace___hf__models__Qwen2_5-7B-Instruct/stage1: 1525/1800 done, 2.3s/item, elapsed 59.6 min, VRAM peak 85.7%, ETA 2026-08-22 01:23:21 UTC (in 10.8 min)
2026-08-22 01:12:47 UTC INFO    __workspace___hf__models__Qwen2_5-7B-Instruct/stage1: 1530/1800 done, 2.3s/item, elapsed 59.8 min, VRAM peak 85.7%, ETA 2026-08-22 01:23:20 UTC (in 10.6 min)
2026-08-22 01:12:59 UTC INFO    __workspace___hf__models__Qwen2_5-7B-Instruct/stage1: 1535/1800 done, 2.3s/item, elapsed 60.0 min, VRAM peak 85.7%, ETA 2026-08-22 01:23:21 UTC (in 10.4 min)
2026-08-22 01:13:09 UTC INFO    __workspace___hf__models__Qwen2_5-7B-Instruct/stage1: 1540/1800 done, 2.3s/item, elapsed 60.2 min, VRAM peak 85.7%, ETA 2026-08-22 01:23:19 UTC (in 10.2 min)
2026-08-22 01:13:19 UTC INFO    __workspace___hf__models__Qwen2_5-7B-Instruct/stage1: 1545/1800 done, 2.3s/item, elapsed 60.4 min, VRAM peak 85.7%, ETA 2026-08-22 01:23:16 UTC (in 10.0 min)
2026-08-22 01:13:30 UTC INFO    __workspace___hf__models__Qwen2_5-7B-Instruct/stage1: 1550/1800 done, 2.3s/item, elapsed 60.6 min, VRAM peak 85.7%, ETA 2026-08-22 01:23:16 UTC (in 9.8 min)
2026-08-22 01:13:40 UTC INFO    __workspace___hf__models__Qwen2_5-7B-Instruct/stage1: 1555/1800 done, 2.3s/item, elapsed 60.7 min, VRAM peak 85.7%, ETA 2026-08-22 01:23:15 UTC (in 9.6 min)
2026-08-22 01:13:54 UTC INFO    __workspace___hf__models__Qwen2_5-7B-Instruct/stage1: 1560/1800 done, 2.3s/item, elapsed 60.9 min, VRAM peak 85.7%, ETA 2026-08-22 01:23:16 UTC (in 9.4 min)
2026-08-22 01:14:04 UTC INFO    __workspace___hf__models__Qwen2_5-7B-Instruct/stage1: 1565/1800 done, 2.3s/item, elapsed 61.1 min, VRAM peak 85.7%, ETA 2026-08-22 01:23:15 UTC (in 9.2 min)
2026-08-22 01:14:15 UTC INFO    __workspace___hf__models__Qwen2_5-7B-Instruct/stage1: 1570/1800 done, 2.3s/item, elapsed 61.3 min, VRAM peak 85.7%, ETA 2026-08-22 01:23:14 UTC (in 9.0 min)
2026-08-22 01:14:29 UTC INFO    __workspace___hf__models__Qwen2_5-7B-Instruct/stage1: 1575/1800 done, 2.3s/item, elapsed 61.5 min, VRAM peak 85.7%, ETA 2026-08-22 01:23:16 UTC (in 8.8 min)
2026-08-22 01:14:41 UTC INFO    __workspace___hf__models__Qwen2_5-7B-Instruct/stage1: 1580/1800 done, 2.3s/item, elapsed 61.7 min, VRAM peak 85.7%, ETA 2026-08-22 01:23:17 UTC (in 8.6 min)
2026-08-22 01:14:54 UTC INFO    __workspace___hf__models__Qwen2_5-7B-Instruct/stage1: 1585/1800 done, 2.3s/item, elapsed 61.9 min, VRAM peak 85.7%, ETA 2026-08-22 01:23:18 UTC (in 8.4 min)
2026-08-22 01:15:05 UTC INFO    __workspace___hf__models__Qwen2_5-7B-Instruct/stage1: 1590/1800 done, 2.3s/item, elapsed 62.1 min, VRAM peak 85.7%, ETA 2026-08-22 01:23:17 UTC (in 8.2 min)
2026-08-22 01:15:17 UTC INFO    __workspace___hf__models__Qwen2_5-7B-Instruct/stage1: 1595/1800 done, 2.3s/item, elapsed 62.3 min, VRAM peak 86.5%, ETA 2026-08-22 01:23:17 UTC (in 8.0 min)
2026-08-22 01:15:28 UTC INFO    __workspace___hf__models__Qwen2_5-7B-Instruct/stage1: 1600/1800 done, 2.3s/item, elapsed 62.5 min, VRAM peak 86.5%, ETA 2026-08-22 01:23:16 UTC (in 7.8 min)
2026-08-22 01:15:39 UTC INFO    __workspace___hf__models__Qwen2_5-7B-Instruct/stage1: 1605/1800 done, 2.3s/item, elapsed 62.7 min, VRAM peak 86.5%, ETA 2026-08-22 01:23:16 UTC (in 7.6 min)
2026-08-22 01:15:51 UTC INFO    __workspace___hf__models__Qwen2_5-7B-Instruct/stage1: 1610/1800 done, 2.3s/item, elapsed 62.9 min, VRAM peak 86.5%, ETA 2026-08-22 01:23:16 UTC (in 7.4 min)
2026-08-22 01:16:02 UTC INFO    __workspace___hf__models__Qwen2_5-7B-Instruct/stage1: 1615/1800 done, 2.3s/item, elapsed 63.1 min, VRAM peak 86.5%, ETA 2026-08-22 01:23:16 UTC (in 7.2 min)
2026-08-22 01:16:13 UTC INFO    __workspace___hf__models__Qwen2_5-7B-Instruct/stage1: 1620/1800 done, 2.3s/item, elapsed 63.3 min, VRAM peak 86.5%, ETA 2026-08-22 01:23:14 UTC (in 7.0 min)
2026-08-22 01:16:24 UTC INFO    __workspace___hf__models__Qwen2_5-7B-Instruct/stage1: 1625/1800 done, 2.3s/item, elapsed 63.4 min, VRAM peak 86.5%, ETA 2026-08-22 01:23:14 UTC (in 6.8 min)
2026-08-22 01:16:36 UTC INFO    __workspace___hf__models__Qwen2_5-7B-Instruct/stage1: 1630/1800 done, 2.3s/item, elapsed 63.6 min, VRAM peak 86.5%, ETA 2026-08-22 01:23:14 UTC (in 6.6 min)
2026-08-22 01:16:49 UTC INFO    __workspace___hf__models__Qwen2_5-7B-Instruct/stage1: 1635/1800 done, 2.3s/item, elapsed 63.9 min, VRAM peak 86.5%, ETA 2026-08-22 01:23:16 UTC (in 6.4 min)
2026-08-22 01:17:01 UTC INFO    __workspace___hf__models__Qwen2_5-7B-Instruct/stage1: 1640/1800 done, 2.3s/item, elapsed 64.1 min, VRAM peak 86.5%, ETA 2026-08-22 01:23:16 UTC (in 6.2 min)
2026-08-22 01:17:13 UTC INFO    __workspace___hf__models__Qwen2_5-7B-Instruct/stage1: 1645/1800 done, 2.3s/item, elapsed 64.3 min, VRAM peak 86.5%, ETA 2026-08-22 01:23:16 UTC (in 6.1 min)
2026-08-22 01:17:24 UTC INFO    __workspace___hf__models__Qwen2_5-7B-Instruct/stage1: 1650/1800 done, 2.3s/item, elapsed 64.5 min, VRAM peak 86.5%, ETA 2026-08-22 01:23:16 UTC (in 5.9 min)
2026-08-22 01:17:38 UTC INFO    __workspace___hf__models__Qwen2_5-7B-Instruct/stage1: 1655/1800 done, 2.3s/item, elapsed 64.7 min, VRAM peak 86.5%, ETA 2026-08-22 01:23:18 UTC (in 5.7 min)
2026-08-22 01:17:49 UTC INFO    __workspace___hf__models__Qwen2_5-7B-Instruct/stage1: 1660/1800 done, 2.3s/item, elapsed 64.9 min, VRAM peak 86.5%, ETA 2026-08-22 01:23:17 UTC (in 5.5 min)
2026-08-22 01:17:59 UTC INFO    __workspace___hf__models__Qwen2_5-7B-Instruct/stage1: 1665/1800 done, 2.3s/item, elapsed 65.0 min, VRAM peak 86.5%, ETA 2026-08-22 01:23:15 UTC (in 5.3 min)
2026-08-22 01:18:13 UTC INFO    __workspace___hf__models__Qwen2_5-7B-Instruct/stage1: 1670/1800 done, 2.3s/item, elapsed 65.3 min, VRAM peak 86.5%, ETA 2026-08-22 01:23:18 UTC (in 5.1 min)
2026-08-22 01:18:24 UTC INFO    __workspace___hf__models__Qwen2_5-7B-Instruct/stage1: 1675/1800 done, 2.3s/item, elapsed 65.5 min, VRAM peak 86.5%, ETA 2026-08-22 01:23:17 UTC (in 4.9 min)
2026-08-22 01:18:37 UTC INFO    __workspace___hf__models__Qwen2_5-7B-Instruct/stage1: 1680/1800 done, 2.3s/item, elapsed 65.7 min, VRAM peak 86.5%, ETA 2026-08-22 01:23:18 UTC (in 4.7 min)
2026-08-22 01:18:48 UTC INFO    __workspace___hf__models__Qwen2_5-7B-Instruct/stage1: 1685/1800 done, 2.3s/item, elapsed 65.9 min, VRAM peak 86.5%, ETA 2026-08-22 01:23:18 UTC (in 4.5 min)
2026-08-22 01:19:02 UTC INFO    __workspace___hf__models__Qwen2_5-7B-Instruct/stage1: 1690/1800 done, 2.3s/item, elapsed 66.1 min, VRAM peak 86.5%, ETA 2026-08-22 01:23:20 UTC (in 4.3 min)
2026-08-22 01:19:13 UTC INFO    __workspace___hf__models__Qwen2_5-7B-Instruct/stage1: 1695/1800 done, 2.3s/item, elapsed 66.3 min, VRAM peak 86.5%, ETA 2026-08-22 01:23:20 UTC (in 4.1 min)
2026-08-22 01:19:27 UTC INFO    __workspace___hf__models__Qwen2_5-7B-Instruct/stage1: 1700/1800 done, 2.3s/item, elapsed 66.5 min, VRAM peak 86.5%, ETA 2026-08-22 01:23:22 UTC (in 3.9 min)
2026-08-22 01:19:36 UTC INFO    __workspace___hf__models__Qwen2_5-7B-Instruct/stage1: 1705/1800 done, 2.3s/item, elapsed 66.7 min, VRAM peak 86.5%, ETA 2026-08-22 01:23:19 UTC (in 3.7 min)
2026-08-22 01:19:46 UTC INFO    __workspace___hf__models__Qwen2_5-7B-Instruct/stage1: 1710/1800 done, 2.3s/item, elapsed 66.8 min, VRAM peak 86.5%, ETA 2026-08-22 01:23:17 UTC (in 3.5 min)
2026-08-22 01:19:58 UTC INFO    __workspace___hf__models__Qwen2_5-7B-Instruct/stage1: 1715/1800 done, 2.3s/item, elapsed 67.0 min, VRAM peak 86.5%, ETA 2026-08-22 01:23:17 UTC (in 3.3 min)
2026-08-22 01:20:09 UTC INFO    __workspace___hf__models__Qwen2_5-7B-Instruct/stage1: 1720/1800 done, 2.3s/item, elapsed 67.2 min, VRAM peak 86.5%, ETA 2026-08-22 01:23:16 UTC (in 3.1 min)
2026-08-22 01:20:22 UTC INFO    __workspace___hf__models__Qwen2_5-7B-Instruct/stage1: 1725/1800 done, 2.3s/item, elapsed 67.4 min, VRAM peak 86.5%, ETA 2026-08-22 01:23:18 UTC (in 2.9 min)
2026-08-22 01:20:33 UTC INFO    __workspace___hf__models__Qwen2_5-7B-Instruct/stage1: 1730/1800 done, 2.3s/item, elapsed 67.6 min, VRAM peak 86.5%, ETA 2026-08-22 01:23:17 UTC (in 2.7 min)
2026-08-22 01:20:45 UTC INFO    __workspace___hf__models__Qwen2_5-7B-Instruct/stage1: 1735/1800 done, 2.3s/item, elapsed 67.8 min, VRAM peak 86.5%, ETA 2026-08-22 01:23:17 UTC (in 2.5 min)
2026-08-22 01:20:56 UTC INFO    __workspace___hf__models__Qwen2_5-7B-Instruct/stage1: 1740/1800 done, 2.3s/item, elapsed 68.0 min, VRAM peak 86.5%, ETA 2026-08-22 01:23:17 UTC (in 2.3 min)
2026-08-22 01:21:07 UTC INFO    __workspace___hf__models__Qwen2_5-7B-Instruct/stage1: 1745/1800 done, 2.3s/item, elapsed 68.2 min, VRAM peak 86.5%, ETA 2026-08-22 01:23:15 UTC (in 2.1 min)
2026-08-22 01:21:20 UTC INFO    __workspace___hf__models__Qwen2_5-7B-Instruct/stage1: 1750/1800 done, 2.3s/item, elapsed 68.4 min, VRAM peak 86.5%, ETA 2026-08-22 01:23:17 UTC (in 2.0 min)
2026-08-22 01:21:31 UTC INFO    __workspace___hf__models__Qwen2_5-7B-Instruct/stage1: 1755/1800 done, 2.3s/item, elapsed 68.6 min, VRAM peak 86.5%, ETA 2026-08-22 01:23:17 UTC (in 1.8 min)
2026-08-22 01:21:45 UTC INFO    __workspace___hf__models__Qwen2_5-7B-Instruct/stage1: 1760/1800 done, 2.3s/item, elapsed 68.8 min, VRAM peak 86.5%, ETA 2026-08-22 01:23:19 UTC (in 1.6 min)
2026-08-22 01:21:56 UTC INFO    __workspace___hf__models__Qwen2_5-7B-Instruct/stage1: 1765/1800 done, 2.3s/item, elapsed 69.0 min, VRAM peak 86.5%, ETA 2026-08-22 01:23:18 UTC (in 1.4 min)
2026-08-22 01:22:10 UTC INFO    __workspace___hf__models__Qwen2_5-7B-Instruct/stage1: 1770/1800 done, 2.3s/item, elapsed 69.2 min, VRAM peak 86.5%, ETA 2026-08-22 01:23:20 UTC (in 1.2 min)
2026-08-22 01:22:22 UTC INFO    __workspace___hf__models__Qwen2_5-7B-Instruct/stage1: 1775/1800 done, 2.3s/item, elapsed 69.4 min, VRAM peak 86.5%, ETA 2026-08-22 01:23:20 UTC (in 1.0 min)
2026-08-22 01:22:30 UTC INFO    __workspace___hf__models__Qwen2_5-7B-Instruct/stage1: 1780/1800 done, 2.3s/item, elapsed 69.6 min, VRAM peak 86.5%, ETA 2026-08-22 01:23:17 UTC (in 0.8 min)
2026-08-22 01:22:44 UTC INFO    __workspace___hf__models__Qwen2_5-7B-Instruct/stage1: 1785/1800 done, 2.3s/item, elapsed 69.8 min, VRAM peak 86.5%, ETA 2026-08-22 01:23:19 UTC (in 0.6 min)
2026-08-22 01:22:54 UTC INFO    __workspace___hf__models__Qwen2_5-7B-Instruct/stage1: 1790/1800 done, 2.3s/item, elapsed 69.9 min, VRAM peak 86.5%, ETA 2026-08-22 01:23:17 UTC (in 0.4 min)
2026-08-22 01:23:07 UTC INFO    __workspace___hf__models__Qwen2_5-7B-Instruct/stage1: 1795/1800 done, 2.3s/item, elapsed 70.2 min, VRAM peak 86.5%, ETA 2026-08-22 01:23:19 UTC (in 0.2 min)
2026-08-22 01:23:18 UTC INFO    __workspace___hf__models__Qwen2_5-7B-Instruct/stage1: 1800/1800 done, 2.3s/item, elapsed 70.3 min, VRAM peak 86.5%, ETA 2026-08-22 01:23:18 UTC (in 0.0 min)
2026-08-22 01:23:18 UTC INFO    GPU ledger: +4220.5s for __workspace___hf__models__Qwen2_5-7B-Instruct/stage1, cumulative 44802.8s (12.45 h, 62.2% of the 20 h allowance)
2026-08-22 01:23:18 UTC INFO    /workspace/.hf/models/Qwen2.5-7B-Instruct stage1: {"items": 1800, "unreadable_choice": 266, "usable": 408, "abort_reason": null, "elapsed_min": 70.34, "vram_peak_pct": 86.5}
2026-08-22 01:23:37 UTC INFO    /workspace/.hf/models/Qwen2.5-7B-Instruct stage2: {"attempted": 408, "built": 171, "dropped": 237, "search_cap_hit": 223}
2026-08-22 01:23:48 UTC INFO    __workspace___hf__models__Qwen2_5-7B-Instruct/stage3: 10/1710 done, 1.1s/item, elapsed 0.2 min, VRAM peak 86.5%, ETA 2026-08-22 01:56:13 UTC (in 32.4 min)
2026-08-22 01:24:00 UTC INFO    __workspace___hf__models__Qwen2_5-7B-Instruct/stage3: 20/1710 done, 1.2s/item, elapsed 0.4 min, VRAM peak 86.5%, ETA 2026-08-22 01:56:50 UTC (in 32.8 min)
2026-08-22 01:24:15 UTC INFO    __workspace___hf__models__Qwen2_5-7B-Instruct/stage3: 30/1710 done, 1.3s/item, elapsed 0.6 min, VRAM peak 86.5%, ETA 2026-08-22 02:00:03 UTC (in 35.8 min)
2026-08-22 01:24:27 UTC INFO    __workspace___hf__models__Qwen2_5-7B-Instruct/stage3: 40/1710 done, 1.3s/item, elapsed 0.8 min, VRAM peak 86.5%, ETA 2026-08-22 01:59:48 UTC (in 35.3 min)
2026-08-22 01:24:40 UTC INFO    __workspace___hf__models__Qwen2_5-7B-Instruct/stage3: 50/1710 done, 1.3s/item, elapsed 1.1 min, VRAM peak 86.5%, ETA 2026-08-22 01:59:39 UTC (in 35.0 min)
2026-08-22 01:24:53 UTC INFO    __workspace___hf__models__Qwen2_5-7B-Instruct/stage3: 60/1710 done, 1.3s/item, elapsed 1.3 min, VRAM peak 86.5%, ETA 2026-08-22 01:59:52 UTC (in 35.0 min)
2026-08-22 01:25:08 UTC INFO    __workspace___hf__models__Qwen2_5-7B-Instruct/stage3: 70/1710 done, 1.3s/item, elapsed 1.5 min, VRAM peak 86.5%, ETA 2026-08-22 02:00:37 UTC (in 35.5 min)
2026-08-22 01:25:21 UTC INFO    __workspace___hf__models__Qwen2_5-7B-Instruct/stage3: 80/1710 done, 1.3s/item, elapsed 1.7 min, VRAM peak 86.5%, ETA 2026-08-22 02:00:45 UTC (in 35.4 min)
2026-08-22 01:25:33 UTC INFO    __workspace___hf__models__Qwen2_5-7B-Instruct/stage3: 90/1710 done, 1.3s/item, elapsed 1.9 min, VRAM peak 86.5%, ETA 2026-08-22 02:00:24 UTC (in 34.9 min)
2026-08-22 01:25:46 UTC INFO    __workspace___hf__models__Qwen2_5-7B-Instruct/stage3: 100/1710 done, 1.3s/item, elapsed 2.2 min, VRAM peak 86.5%, ETA 2026-08-22 02:00:24 UTC (in 34.6 min)
2026-08-22 01:26:02 UTC INFO    __workspace___hf__models__Qwen2_5-7B-Instruct/stage3: 110/1710 done, 1.3s/item, elapsed 2.4 min, VRAM peak 86.5%, ETA 2026-08-22 02:01:23 UTC (in 35.3 min)
2026-08-22 01:26:13 UTC INFO    __workspace___hf__models__Qwen2_5-7B-Instruct/stage3: 120/1710 done, 1.3s/item, elapsed 2.6 min, VRAM peak 86.5%, ETA 2026-08-22 02:00:44 UTC (in 34.5 min)
2026-08-22 01:26:25 UTC INFO    __workspace___hf__models__Qwen2_5-7B-Instruct/stage3: 130/1710 done, 1.3s/item, elapsed 2.8 min, VRAM peak 86.5%, ETA 2026-08-22 02:00:29 UTC (in 34.1 min)
2026-08-22 01:26:39 UTC INFO    __workspace___hf__models__Qwen2_5-7B-Instruct/stage3: 140/1710 done, 1.3s/item, elapsed 3.0 min, VRAM peak 86.5%, ETA 2026-08-22 02:00:42 UTC (in 34.1 min)
2026-08-22 01:26:53 UTC INFO    __workspace___hf__models__Qwen2_5-7B-Instruct/stage3: 150/1710 done, 1.3s/item, elapsed 3.3 min, VRAM peak 86.5%, ETA 2026-08-22 02:00:54 UTC (in 34.0 min)
2026-08-22 01:27:05 UTC INFO    __workspace___hf__models__Qwen2_5-7B-Instruct/stage3: 160/1710 done, 1.3s/item, elapsed 3.5 min, VRAM peak 86.5%, ETA 2026-08-22 02:00:46 UTC (in 33.7 min)
2026-08-22 01:27:19 UTC INFO    __workspace___hf__models__Qwen2_5-7B-Instruct/stage3: 170/1710 done, 1.3s/item, elapsed 3.7 min, VRAM peak 86.5%, ETA 2026-08-22 02:00:57 UTC (in 33.6 min)
2026-08-22 01:27:36 UTC INFO    __workspace___hf__models__Qwen2_5-7B-Instruct/stage3: 180/1710 done, 1.3s/item, elapsed 4.0 min, VRAM peak 86.5%, ETA 2026-08-22 02:01:27 UTC (in 33.9 min)
2026-08-22 01:27:48 UTC INFO    __workspace___hf__models__Qwen2_5-7B-Instruct/stage3: 190/1710 done, 1.3s/item, elapsed 4.2 min, VRAM peak 86.5%, ETA 2026-08-22 02:01:20 UTC (in 33.5 min)
2026-08-22 01:28:03 UTC INFO    __workspace___hf__models__Qwen2_5-7B-Instruct/stage3: 200/1710 done, 1.3s/item, elapsed 4.4 min, VRAM peak 86.5%, ETA 2026-08-22 02:01:30 UTC (in 33.5 min)
2026-08-22 01:28:17 UTC INFO    __workspace___hf__models__Qwen2_5-7B-Instruct/stage3: 210/1710 done, 1.3s/item, elapsed 4.7 min, VRAM peak 86.5%, ETA 2026-08-22 02:01:37 UTC (in 33.3 min)
2026-08-22 01:28:29 UTC INFO    __workspace___hf__models__Qwen2_5-7B-Instruct/stage3: 220/1710 done, 1.3s/item, elapsed 4.9 min, VRAM peak 86.5%, ETA 2026-08-22 02:01:27 UTC (in 33.0 min)
2026-08-22 01:28:42 UTC INFO    __workspace___hf__models__Qwen2_5-7B-Instruct/stage3: 230/1710 done, 1.3s/item, elapsed 5.1 min, VRAM peak 86.5%, ETA 2026-08-22 02:01:28 UTC (in 32.8 min)
2026-08-22 01:28:57 UTC INFO    __workspace___hf__models__Qwen2_5-7B-Instruct/stage3: 240/1710 done, 1.3s/item, elapsed 5.3 min, VRAM peak 86.5%, ETA 2026-08-22 02:01:39 UTC (in 32.7 min)
2026-08-22 01:29:10 UTC INFO    __workspace___hf__models__Qwen2_5-7B-Instruct/stage3: 250/1710 done, 1.3s/item, elapsed 5.6 min, VRAM peak 86.5%, ETA 2026-08-22 02:01:38 UTC (in 32.5 min)
2026-08-22 01:29:22 UTC INFO    __workspace___hf__models__Qwen2_5-7B-Instruct/stage3: 260/1710 done, 1.3s/item, elapsed 5.8 min, VRAM peak 86.5%, ETA 2026-08-22 02:01:28 UTC (in 32.1 min)
2026-08-22 01:29:41 UTC INFO    __workspace___hf__models__Qwen2_5-7B-Instruct/stage3: 270/1710 done, 1.3s/item, elapsed 6.1 min, VRAM peak 86.5%, ETA 2026-08-22 02:02:03 UTC (in 32.4 min)
2026-08-22 01:29:54 UTC INFO    __workspace___hf__models__Qwen2_5-7B-Instruct/stage3: 280/1710 done, 1.3s/item, elapsed 6.3 min, VRAM peak 86.5%, ETA 2026-08-22 02:02:03 UTC (in 32.1 min)
2026-08-22 01:30:08 UTC INFO    __workspace___hf__models__Qwen2_5-7B-Instruct/stage3: 290/1710 done, 1.3s/item, elapsed 6.5 min, VRAM peak 86.5%, ETA 2026-08-22 02:02:04 UTC (in 31.9 min)
2026-08-22 01:30:22 UTC INFO    __workspace___hf__models__Qwen2_5-7B-Instruct/stage3: 300/1710 done, 1.4s/item, elapsed 6.8 min, VRAM peak 86.5%, ETA 2026-08-22 02:02:08 UTC (in 31.8 min)
2026-08-22 01:30:36 UTC INFO    __workspace___hf__models__Qwen2_5-7B-Instruct/stage3: 310/1710 done, 1.4s/item, elapsed 7.0 min, VRAM peak 86.5%, ETA 2026-08-22 02:02:07 UTC (in 31.5 min)
2026-08-22 01:30:47 UTC INFO    __workspace___hf__models__Qwen2_5-7B-Instruct/stage3: 320/1710 done, 1.3s/item, elapsed 7.2 min, VRAM peak 86.5%, ETA 2026-08-22 02:01:56 UTC (in 31.1 min)
2026-08-22 01:31:03 UTC INFO    __workspace___hf__models__Qwen2_5-7B-Instruct/stage3: 330/1710 done, 1.4s/item, elapsed 7.4 min, VRAM peak 86.5%, ETA 2026-08-22 02:02:11 UTC (in 31.1 min)
2026-08-22 01:31:17 UTC INFO    __workspace___hf__models__Qwen2_5-7B-Instruct/stage3: 340/1710 done, 1.4s/item, elapsed 7.7 min, VRAM peak 86.5%, ETA 2026-08-22 02:02:13 UTC (in 30.9 min)
2026-08-22 01:31:30 UTC INFO    __workspace___hf__models__Qwen2_5-7B-Instruct/stage3: 350/1710 done, 1.4s/item, elapsed 7.9 min, VRAM peak 86.5%, ETA 2026-08-22 02:02:08 UTC (in 30.6 min)
2026-08-22 01:31:47 UTC INFO    __workspace___hf__models__Qwen2_5-7B-Instruct/stage3: 360/1710 done, 1.4s/item, elapsed 8.2 min, VRAM peak 86.5%, ETA 2026-08-22 02:02:27 UTC (in 30.7 min)
2026-08-22 01:32:03 UTC INFO    __workspace___hf__models__Qwen2_5-7B-Instruct/stage3: 370/1710 done, 1.4s/item, elapsed 8.4 min, VRAM peak 86.5%, ETA 2026-08-22 02:02:39 UTC (in 30.6 min)
2026-08-22 01:32:19 UTC INFO    __workspace___hf__models__Qwen2_5-7B-Instruct/stage3: 380/1710 done, 1.4s/item, elapsed 8.7 min, VRAM peak 86.5%, ETA 2026-08-22 02:02:47 UTC (in 30.5 min)
2026-08-22 01:32:33 UTC INFO    __workspace___hf__models__Qwen2_5-7B-Instruct/stage3: 390/1710 done, 1.4s/item, elapsed 8.9 min, VRAM peak 86.5%, ETA 2026-08-22 02:02:47 UTC (in 30.2 min)
2026-08-22 01:32:45 UTC INFO    __workspace___hf__models__Qwen2_5-7B-Instruct/stage3: 400/1710 done, 1.4s/item, elapsed 9.1 min, VRAM peak 86.5%, ETA 2026-08-22 02:02:40 UTC (in 29.9 min)
2026-08-22 01:32:58 UTC INFO    __workspace___hf__models__Qwen2_5-7B-Instruct/stage3: 410/1710 done, 1.4s/item, elapsed 9.4 min, VRAM peak 86.5%, ETA 2026-08-22 02:02:39 UTC (in 29.7 min)
2026-08-22 01:33:11 UTC INFO    __workspace___hf__models__Qwen2_5-7B-Instruct/stage3: 420/1710 done, 1.4s/item, elapsed 9.6 min, VRAM peak 86.5%, ETA 2026-08-22 02:02:35 UTC (in 29.4 min)
2026-08-22 01:33:25 UTC INFO    __workspace___hf__models__Qwen2_5-7B-Instruct/stage3: 430/1710 done, 1.4s/item, elapsed 9.8 min, VRAM peak 86.5%, ETA 2026-08-22 02:02:36 UTC (in 29.2 min)
2026-08-22 01:33:41 UTC INFO    __workspace___hf__models__Qwen2_5-7B-Instruct/stage3: 440/1710 done, 1.4s/item, elapsed 10.1 min, VRAM peak 86.5%, ETA 2026-08-22 02:02:46 UTC (in 29.1 min)
2026-08-22 01:33:55 UTC INFO    __workspace___hf__models__Qwen2_5-7B-Instruct/stage3: 450/1710 done, 1.4s/item, elapsed 10.3 min, VRAM peak 86.5%, ETA 2026-08-22 02:02:46 UTC (in 28.9 min)
2026-08-22 01:34:08 UTC INFO    __workspace___hf__models__Qwen2_5-7B-Instruct/stage3: 460/1710 done, 1.4s/item, elapsed 10.5 min, VRAM peak 86.5%, ETA 2026-08-22 02:02:45 UTC (in 28.6 min)
2026-08-22 01:34:23 UTC INFO    __workspace___hf__models__Qwen2_5-7B-Instruct/stage3: 470/1710 done, 1.4s/item, elapsed 10.8 min, VRAM peak 86.5%, ETA 2026-08-22 02:02:49 UTC (in 28.4 min)
2026-08-22 01:34:38 UTC INFO    __workspace___hf__models__Qwen2_5-7B-Instruct/stage3: 480/1710 done, 1.4s/item, elapsed 11.0 min, VRAM peak 86.5%, ETA 2026-08-22 02:02:51 UTC (in 28.2 min)
2026-08-22 01:34:51 UTC INFO    __workspace___hf__models__Qwen2_5-7B-Instruct/stage3: 490/1710 done, 1.4s/item, elapsed 11.2 min, VRAM peak 86.5%, ETA 2026-08-22 02:02:50 UTC (in 28.0 min)
2026-08-22 01:35:02 UTC INFO    __workspace___hf__models__Qwen2_5-7B-Instruct/stage3: 500/1710 done, 1.4s/item, elapsed 11.4 min, VRAM peak 86.5%, ETA 2026-08-22 02:02:40 UTC (in 27.6 min)
2026-08-22 01:35:14 UTC INFO    __workspace___hf__models__Qwen2_5-7B-Instruct/stage3: 510/1710 done, 1.4s/item, elapsed 11.6 min, VRAM peak 86.5%, ETA 2026-08-22 02:02:35 UTC (in 27.3 min)
2026-08-22 01:35:26 UTC INFO    __workspace___hf__models__Qwen2_5-7B-Instruct/stage3: 520/1710 done, 1.4s/item, elapsed 11.8 min, VRAM peak 86.5%, ETA 2026-08-22 02:02:30 UTC (in 27.1 min)
2026-08-22 01:35:39 UTC INFO    __workspace___hf__models__Qwen2_5-7B-Instruct/stage3: 530/1710 done, 1.4s/item, elapsed 12.0 min, VRAM peak 86.5%, ETA 2026-08-22 02:02:28 UTC (in 26.8 min)
2026-08-22 01:35:52 UTC INFO    __workspace___hf__models__Qwen2_5-7B-Instruct/stage3: 540/1710 done, 1.4s/item, elapsed 12.3 min, VRAM peak 86.5%, ETA 2026-08-22 02:02:24 UTC (in 26.5 min)
2026-08-22 01:36:04 UTC INFO    __workspace___hf__models__Qwen2_5-7B-Instruct/stage3: 550/1710 done, 1.4s/item, elapsed 12.5 min, VRAM peak 86.5%, ETA 2026-08-22 02:02:21 UTC (in 26.3 min)
2026-08-22 01:36:17 UTC INFO    __workspace___hf__models__Qwen2_5-7B-Instruct/stage3: 560/1710 done, 1.4s/item, elapsed 12.7 min, VRAM peak 86.5%, ETA 2026-08-22 02:02:17 UTC (in 26.0 min)
2026-08-22 01:36:29 UTC INFO    __workspace___hf__models__Qwen2_5-7B-Instruct/stage3: 570/1710 done, 1.4s/item, elapsed 12.9 min, VRAM peak 86.5%, ETA 2026-08-22 02:02:15 UTC (in 25.8 min)
2026-08-22 01:36:41 UTC INFO    __workspace___hf__models__Qwen2_5-7B-Instruct/stage3: 580/1710 done, 1.4s/item, elapsed 13.1 min, VRAM peak 86.5%, ETA 2026-08-22 02:02:09 UTC (in 25.5 min)
2026-08-22 01:36:54 UTC INFO    __workspace___hf__models__Qwen2_5-7B-Instruct/stage3: 590/1710 done, 1.4s/item, elapsed 13.3 min, VRAM peak 86.5%, ETA 2026-08-22 02:02:07 UTC (in 25.2 min)
2026-08-22 01:37:05 UTC INFO    __workspace___hf__models__Qwen2_5-7B-Instruct/stage3: 600/1710 done, 1.3s/item, elapsed 13.5 min, VRAM peak 86.5%, ETA 2026-08-22 02:02:00 UTC (in 24.9 min)
2026-08-22 01:37:16 UTC INFO    __workspace___hf__models__Qwen2_5-7B-Instruct/stage3: 610/1710 done, 1.3s/item, elapsed 13.7 min, VRAM peak 86.5%, ETA 2026-08-22 02:01:54 UTC (in 24.6 min)
2026-08-22 01:37:28 UTC INFO    __workspace___hf__models__Qwen2_5-7B-Instruct/stage3: 620/1710 done, 1.3s/item, elapsed 13.9 min, VRAM peak 86.5%, ETA 2026-08-22 02:01:51 UTC (in 24.4 min)
2026-08-22 01:37:41 UTC INFO    __workspace___hf__models__Qwen2_5-7B-Instruct/stage3: 630/1710 done, 1.3s/item, elapsed 14.1 min, VRAM peak 86.5%, ETA 2026-08-22 02:01:49 UTC (in 24.1 min)
2026-08-22 01:37:54 UTC INFO    __workspace___hf__models__Qwen2_5-7B-Instruct/stage3: 640/1710 done, 1.3s/item, elapsed 14.3 min, VRAM peak 86.5%, ETA 2026-08-22 02:01:49 UTC (in 23.9 min)
2026-08-22 01:38:07 UTC INFO    __workspace___hf__models__Qwen2_5-7B-Instruct/stage3: 650/1710 done, 1.3s/item, elapsed 14.5 min, VRAM peak 86.5%, ETA 2026-08-22 02:01:47 UTC (in 23.7 min)
2026-08-22 01:38:24 UTC INFO    __workspace___hf__models__Qwen2_5-7B-Instruct/stage3: 660/1710 done, 1.3s/item, elapsed 14.8 min, VRAM peak 86.5%, ETA 2026-08-22 02:01:55 UTC (in 23.5 min)
2026-08-22 01:38:37 UTC INFO    __workspace___hf__models__Qwen2_5-7B-Instruct/stage3: 670/1710 done, 1.3s/item, elapsed 15.0 min, VRAM peak 86.5%, ETA 2026-08-22 02:01:54 UTC (in 23.3 min)
2026-08-22 01:38:48 UTC INFO    __workspace___hf__models__Qwen2_5-7B-Instruct/stage3: 680/1710 done, 1.3s/item, elapsed 15.2 min, VRAM peak 86.5%, ETA 2026-08-22 02:01:47 UTC (in 23.0 min)
2026-08-22 01:39:04 UTC INFO    __workspace___hf__models__Qwen2_5-7B-Instruct/stage3: 690/1710 done, 1.3s/item, elapsed 15.5 min, VRAM peak 86.5%, ETA 2026-08-22 02:01:55 UTC (in 22.9 min)
2026-08-22 01:39:17 UTC INFO    __workspace___hf__models__Qwen2_5-7B-Instruct/stage3: 700/1710 done, 1.3s/item, elapsed 15.7 min, VRAM peak 86.5%, ETA 2026-08-22 02:01:54 UTC (in 22.6 min)
2026-08-22 01:39:28 UTC INFO    __workspace___hf__models__Qwen2_5-7B-Instruct/stage3: 710/1710 done, 1.3s/item, elapsed 15.9 min, VRAM peak 86.5%, ETA 2026-08-22 02:01:49 UTC (in 22.3 min)
2026-08-22 01:39:42 UTC INFO    __workspace___hf__models__Qwen2_5-7B-Instruct/stage3: 720/1710 done, 1.3s/item, elapsed 16.1 min, VRAM peak 86.5%, ETA 2026-08-22 02:01:50 UTC (in 22.1 min)
2026-08-22 01:39:55 UTC INFO    __workspace___hf__models__Qwen2_5-7B-Instruct/stage3: 730/1710 done, 1.3s/item, elapsed 16.3 min, VRAM peak 86.5%, ETA 2026-08-22 02:01:48 UTC (in 21.9 min)
2026-08-22 01:40:05 UTC INFO    __workspace___hf__models__Qwen2_5-7B-Instruct/stage3: 740/1710 done, 1.3s/item, elapsed 16.5 min, VRAM peak 86.5%, ETA 2026-08-22 02:01:41 UTC (in 21.6 min)
2026-08-22 01:40:17 UTC INFO    __workspace___hf__models__Qwen2_5-7B-Instruct/stage3: 750/1710 done, 1.3s/item, elapsed 16.7 min, VRAM peak 86.5%, ETA 2026-08-22 02:01:37 UTC (in 21.3 min)
2026-08-22 01:40:29 UTC INFO    __workspace___hf__models__Qwen2_5-7B-Instruct/stage3: 760/1710 done, 1.3s/item, elapsed 16.9 min, VRAM peak 86.5%, ETA 2026-08-22 02:01:34 UTC (in 21.1 min)
2026-08-22 01:40:42 UTC INFO    __workspace___hf__models__Qwen2_5-7B-Instruct/stage3: 770/1710 done, 1.3s/item, elapsed 17.1 min, VRAM peak 86.5%, ETA 2026-08-22 02:01:33 UTC (in 20.9 min)
2026-08-22 01:40:57 UTC INFO    __workspace___hf__models__Qwen2_5-7B-Instruct/stage3: 780/1710 done, 1.3s/item, elapsed 17.3 min, VRAM peak 86.5%, ETA 2026-08-22 02:01:38 UTC (in 20.7 min)
2026-08-22 01:41:10 UTC INFO    __workspace___hf__models__Qwen2_5-7B-Instruct/stage3: 790/1710 done, 1.3s/item, elapsed 17.6 min, VRAM peak 86.5%, ETA 2026-08-22 02:01:38 UTC (in 20.5 min)
2026-08-22 01:41:26 UTC INFO    __workspace___hf__models__Qwen2_5-7B-Instruct/stage3: 800/1710 done, 1.3s/item, elapsed 17.8 min, VRAM peak 86.5%, ETA 2026-08-22 02:01:42 UTC (in 20.3 min)
2026-08-22 01:41:40 UTC INFO    __workspace___hf__models__Qwen2_5-7B-Instruct/stage3: 810/1710 done, 1.3s/item, elapsed 18.1 min, VRAM peak 86.5%, ETA 2026-08-22 02:01:45 UTC (in 20.1 min)
2026-08-22 01:41:54 UTC INFO    __workspace___hf__models__Qwen2_5-7B-Instruct/stage3: 820/1710 done, 1.3s/item, elapsed 18.3 min, VRAM peak 86.5%, ETA 2026-08-22 02:01:46 UTC (in 19.9 min)
2026-08-22 01:42:05 UTC INFO    __workspace___hf__models__Qwen2_5-7B-Instruct/stage3: 830/1710 done, 1.3s/item, elapsed 18.5 min, VRAM peak 86.5%, ETA 2026-08-22 02:01:40 UTC (in 19.6 min)
2026-08-22 01:42:16 UTC INFO    __workspace___hf__models__Qwen2_5-7B-Instruct/stage3: 840/1710 done, 1.3s/item, elapsed 18.7 min, VRAM peak 86.5%, ETA 2026-08-22 02:01:36 UTC (in 19.3 min)
2026-08-22 01:42:29 UTC INFO    __workspace___hf__models__Qwen2_5-7B-Instruct/stage3: 850/1710 done, 1.3s/item, elapsed 18.9 min, VRAM peak 86.5%, ETA 2026-08-22 02:01:36 UTC (in 19.1 min)
2026-08-22 01:42:43 UTC INFO    __workspace___hf__models__Qwen2_5-7B-Instruct/stage3: 860/1710 done, 1.3s/item, elapsed 19.1 min, VRAM peak 86.5%, ETA 2026-08-22 02:01:35 UTC (in 18.9 min)
2026-08-22 01:42:55 UTC INFO    __workspace___hf__models__Qwen2_5-7B-Instruct/stage3: 870/1710 done, 1.3s/item, elapsed 19.3 min, VRAM peak 86.5%, ETA 2026-08-22 02:01:33 UTC (in 18.6 min)
2026-08-22 01:43:09 UTC INFO    __workspace___hf__models__Qwen2_5-7B-Instruct/stage3: 880/1710 done, 1.3s/item, elapsed 19.5 min, VRAM peak 86.5%, ETA 2026-08-22 02:01:34 UTC (in 18.4 min)
2026-08-22 01:43:20 UTC INFO    __workspace___hf__models__Qwen2_5-7B-Instruct/stage3: 890/1710 done, 1.3s/item, elapsed 19.7 min, VRAM peak 86.5%, ETA 2026-08-22 02:01:29 UTC (in 18.2 min)
2026-08-22 01:43:30 UTC INFO    __workspace___hf__models__Qwen2_5-7B-Instruct/stage3: 900/1710 done, 1.3s/item, elapsed 19.9 min, VRAM peak 86.5%, ETA 2026-08-22 02:01:23 UTC (in 17.9 min)
2026-08-22 01:43:43 UTC INFO    __workspace___hf__models__Qwen2_5-7B-Instruct/stage3: 910/1710 done, 1.3s/item, elapsed 20.1 min, VRAM peak 86.5%, ETA 2026-08-22 02:01:23 UTC (in 17.7 min)
2026-08-22 01:43:57 UTC INFO    __workspace___hf__models__Qwen2_5-7B-Instruct/stage3: 920/1710 done, 1.3s/item, elapsed 20.3 min, VRAM peak 86.5%, ETA 2026-08-22 02:01:24 UTC (in 17.5 min)
2026-08-22 01:44:07 UTC INFO    __workspace___hf__models__Qwen2_5-7B-Instruct/stage3: 930/1710 done, 1.3s/item, elapsed 20.5 min, VRAM peak 86.5%, ETA 2026-08-22 02:01:19 UTC (in 17.2 min)
2026-08-22 01:44:20 UTC INFO    __workspace___hf__models__Qwen2_5-7B-Instruct/stage3: 940/1710 done, 1.3s/item, elapsed 20.7 min, VRAM peak 86.5%, ETA 2026-08-22 02:01:18 UTC (in 17.0 min)
2026-08-22 01:44:33 UTC INFO    __workspace___hf__models__Qwen2_5-7B-Instruct/stage3: 950/1710 done, 1.3s/item, elapsed 20.9 min, VRAM peak 86.5%, ETA 2026-08-22 02:01:18 UTC (in 16.7 min)
2026-08-22 01:44:45 UTC INFO    __workspace___hf__models__Qwen2_5-7B-Instruct/stage3: 960/1710 done, 1.3s/item, elapsed 21.1 min, VRAM peak 86.5%, ETA 2026-08-22 02:01:16 UTC (in 16.5 min)
2026-08-22 01:45:01 UTC INFO    __workspace___hf__models__Qwen2_5-7B-Instruct/stage3: 970/1710 done, 1.3s/item, elapsed 21.4 min, VRAM peak 86.5%, ETA 2026-08-22 02:01:20 UTC (in 16.3 min)
2026-08-22 01:45:13 UTC INFO    __workspace___hf__models__Qwen2_5-7B-Instruct/stage3: 980/1710 done, 1.3s/item, elapsed 21.6 min, VRAM peak 86.5%, ETA 2026-08-22 02:01:19 UTC (in 16.1 min)
2026-08-22 01:45:28 UTC INFO    __workspace___hf__models__Qwen2_5-7B-Instruct/stage3: 990/1710 done, 1.3s/item, elapsed 21.8 min, VRAM peak 86.5%, ETA 2026-08-22 02:01:21 UTC (in 15.9 min)
2026-08-22 01:45:44 UTC INFO    __workspace___hf__models__Qwen2_5-7B-Instruct/stage3: 1000/1710 done, 1.3s/item, elapsed 22.1 min, VRAM peak 86.5%, ETA 2026-08-22 02:01:26 UTC (in 15.7 min)
2026-08-22 01:45:58 UTC INFO    __workspace___hf__models__Qwen2_5-7B-Instruct/stage3: 1010/1710 done, 1.3s/item, elapsed 22.4 min, VRAM peak 86.5%, ETA 2026-08-22 02:01:28 UTC (in 15.5 min)
2026-08-22 01:46:11 UTC INFO    __workspace___hf__models__Qwen2_5-7B-Instruct/stage3: 1020/1710 done, 1.3s/item, elapsed 22.6 min, VRAM peak 86.5%, ETA 2026-08-22 02:01:27 UTC (in 15.3 min)
2026-08-22 01:46:28 UTC INFO    __workspace___hf__models__Qwen2_5-7B-Instruct/stage3: 1030/1710 done, 1.3s/item, elapsed 22.9 min, VRAM peak 86.5%, ETA 2026-08-22 02:01:33 UTC (in 15.1 min)
2026-08-22 01:46:45 UTC INFO    __workspace___hf__models__Qwen2_5-7B-Instruct/stage3: 1040/1710 done, 1.3s/item, elapsed 23.1 min, VRAM peak 86.5%, ETA 2026-08-22 02:01:39 UTC (in 14.9 min)
2026-08-22 01:47:00 UTC INFO    __workspace___hf__models__Qwen2_5-7B-Instruct/stage3: 1050/1710 done, 1.3s/item, elapsed 23.4 min, VRAM peak 86.5%, ETA 2026-08-22 02:01:41 UTC (in 14.7 min)
2026-08-22 01:47:14 UTC INFO    __workspace___hf__models__Qwen2_5-7B-Instruct/stage3: 1060/1710 done, 1.3s/item, elapsed 23.6 min, VRAM peak 86.5%, ETA 2026-08-22 02:01:43 UTC (in 14.5 min)
2026-08-22 01:47:26 UTC INFO    __workspace___hf__models__Qwen2_5-7B-Instruct/stage3: 1070/1710 done, 1.3s/item, elapsed 23.8 min, VRAM peak 86.5%, ETA 2026-08-22 02:01:41 UTC (in 14.2 min)
2026-08-22 01:47:40 UTC INFO    __workspace___hf__models__Qwen2_5-7B-Instruct/stage3: 1080/1710 done, 1.3s/item, elapsed 24.0 min, VRAM peak 86.5%, ETA 2026-08-22 02:01:41 UTC (in 14.0 min)
2026-08-22 01:47:55 UTC INFO    __workspace___hf__models__Qwen2_5-7B-Instruct/stage3: 1090/1710 done, 1.3s/item, elapsed 24.3 min, VRAM peak 86.5%, ETA 2026-08-22 02:01:44 UTC (in 13.8 min)
2026-08-22 01:48:09 UTC INFO    __workspace___hf__models__Qwen2_5-7B-Instruct/stage3: 1100/1710 done, 1.3s/item, elapsed 24.5 min, VRAM peak 86.5%, ETA 2026-08-22 02:01:45 UTC (in 13.6 min)
2026-08-22 01:48:22 UTC INFO    __workspace___hf__models__Qwen2_5-7B-Instruct/stage3: 1110/1710 done, 1.3s/item, elapsed 24.8 min, VRAM peak 86.5%, ETA 2026-08-22 02:01:44 UTC (in 13.4 min)
2026-08-22 01:48:33 UTC INFO    __workspace___hf__models__Qwen2_5-7B-Instruct/stage3: 1120/1710 done, 1.3s/item, elapsed 24.9 min, VRAM peak 86.5%, ETA 2026-08-22 02:01:41 UTC (in 13.1 min)
2026-08-22 01:48:45 UTC INFO    __workspace___hf__models__Qwen2_5-7B-Instruct/stage3: 1130/1710 done, 1.3s/item, elapsed 25.1 min, VRAM peak 86.5%, ETA 2026-08-22 02:01:39 UTC (in 12.9 min)
2026-08-22 01:48:59 UTC INFO    __workspace___hf__models__Qwen2_5-7B-Instruct/stage3: 1140/1710 done, 1.3s/item, elapsed 25.4 min, VRAM peak 86.5%, ETA 2026-08-22 02:01:40 UTC (in 12.7 min)
2026-08-22 01:49:12 UTC INFO    __workspace___hf__models__Qwen2_5-7B-Instruct/stage3: 1150/1710 done, 1.3s/item, elapsed 25.6 min, VRAM peak 86.5%, ETA 2026-08-22 02:01:39 UTC (in 12.5 min)
2026-08-22 01:49:21 UTC INFO    __workspace___hf__models__Qwen2_5-7B-Instruct/stage3: 1160/1710 done, 1.3s/item, elapsed 25.7 min, VRAM peak 86.5%, ETA 2026-08-22 02:01:34 UTC (in 12.2 min)
2026-08-22 01:49:33 UTC INFO    __workspace___hf__models__Qwen2_5-7B-Instruct/stage3: 1170/1710 done, 1.3s/item, elapsed 25.9 min, VRAM peak 86.5%, ETA 2026-08-22 02:01:31 UTC (in 12.0 min)
2026-08-22 01:49:45 UTC INFO    __workspace___hf__models__Qwen2_5-7B-Instruct/stage3: 1180/1710 done, 1.3s/item, elapsed 26.1 min, VRAM peak 86.5%, ETA 2026-08-22 02:01:29 UTC (in 11.7 min)
2026-08-22 01:49:55 UTC INFO    __workspace___hf__models__Qwen2_5-7B-Instruct/stage3: 1190/1710 done, 1.3s/item, elapsed 26.3 min, VRAM peak 86.5%, ETA 2026-08-22 02:01:25 UTC (in 11.5 min)
2026-08-22 01:50:08 UTC INFO    __workspace___hf__models__Qwen2_5-7B-Instruct/stage3: 1200/1710 done, 1.3s/item, elapsed 26.5 min, VRAM peak 86.5%, ETA 2026-08-22 02:01:25 UTC (in 11.3 min)
2026-08-22 01:50:18 UTC INFO    __workspace___hf__models__Qwen2_5-7B-Instruct/stage3: 1210/1710 done, 1.3s/item, elapsed 26.7 min, VRAM peak 86.5%, ETA 2026-08-22 02:01:20 UTC (in 11.0 min)
2026-08-22 01:50:27 UTC INFO    __workspace___hf__models__Qwen2_5-7B-Instruct/stage3: 1220/1710 done, 1.3s/item, elapsed 26.8 min, VRAM peak 86.5%, ETA 2026-08-22 02:01:14 UTC (in 10.8 min)
2026-08-22 01:50:37 UTC INFO    __workspace___hf__models__Qwen2_5-7B-Instruct/stage3: 1230/1710 done, 1.3s/item, elapsed 27.0 min, VRAM peak 86.5%, ETA 2026-08-22 02:01:10 UTC (in 10.5 min)
2026-08-22 01:50:53 UTC INFO    __workspace___hf__models__Qwen2_5-7B-Instruct/stage3: 1240/1710 done, 1.3s/item, elapsed 27.3 min, VRAM peak 86.5%, ETA 2026-08-22 02:01:13 UTC (in 10.3 min)
2026-08-22 01:51:11 UTC INFO    __workspace___hf__models__Qwen2_5-7B-Instruct/stage3: 1250/1710 done, 1.3s/item, elapsed 27.6 min, VRAM peak 86.5%, ETA 2026-08-22 02:01:20 UTC (in 10.1 min)
2026-08-22 01:51:27 UTC INFO    __workspace___hf__models__Qwen2_5-7B-Instruct/stage3: 1260/1710 done, 1.3s/item, elapsed 27.8 min, VRAM peak 86.5%, ETA 2026-08-22 02:01:24 UTC (in 9.9 min)
2026-08-22 01:51:45 UTC INFO    __workspace___hf__models__Qwen2_5-7B-Instruct/stage3: 1270/1710 done, 1.3s/item, elapsed 28.1 min, VRAM peak 86.5%, ETA 2026-08-22 02:01:31 UTC (in 9.8 min)
2026-08-22 01:52:04 UTC INFO    __workspace___hf__models__Qwen2_5-7B-Instruct/stage3: 1280/1710 done, 1.3s/item, elapsed 28.5 min, VRAM peak 86.5%, ETA 2026-08-22 02:01:38 UTC (in 9.6 min)
2026-08-22 01:52:17 UTC INFO    __workspace___hf__models__Qwen2_5-7B-Instruct/stage3: 1290/1710 done, 1.3s/item, elapsed 28.7 min, VRAM peak 86.5%, ETA 2026-08-22 02:01:37 UTC (in 9.3 min)
2026-08-22 01:52:30 UTC INFO    __workspace___hf__models__Qwen2_5-7B-Instruct/stage3: 1300/1710 done, 1.3s/item, elapsed 28.9 min, VRAM peak 86.5%, ETA 2026-08-22 02:01:36 UTC (in 9.1 min)
2026-08-22 01:52:45 UTC INFO    __workspace___hf__models__Qwen2_5-7B-Instruct/stage3: 1310/1710 done, 1.3s/item, elapsed 29.1 min, VRAM peak 86.5%, ETA 2026-08-22 02:01:39 UTC (in 8.9 min)
2026-08-22 01:52:59 UTC INFO    __workspace___hf__models__Qwen2_5-7B-Instruct/stage3: 1320/1710 done, 1.3s/item, elapsed 29.4 min, VRAM peak 86.5%, ETA 2026-08-22 02:01:40 UTC (in 8.7 min)
2026-08-22 01:53:12 UTC INFO    __workspace___hf__models__Qwen2_5-7B-Instruct/stage3: 1330/1710 done, 1.3s/item, elapsed 29.6 min, VRAM peak 86.5%, ETA 2026-08-22 02:01:40 UTC (in 8.5 min)
2026-08-22 01:53:28 UTC INFO    __workspace___hf__models__Qwen2_5-7B-Instruct/stage3: 1340/1710 done, 1.3s/item, elapsed 29.8 min, VRAM peak 86.5%, ETA 2026-08-22 02:01:42 UTC (in 8.2 min)
2026-08-22 01:53:38 UTC INFO    __workspace___hf__models__Qwen2_5-7B-Instruct/stage3: 1350/1710 done, 1.3s/item, elapsed 30.0 min, VRAM peak 86.5%, ETA 2026-08-22 02:01:38 UTC (in 8.0 min)
2026-08-22 01:53:49 UTC INFO    __workspace___hf__models__Qwen2_5-7B-Instruct/stage3: 1360/1710 done, 1.3s/item, elapsed 30.2 min, VRAM peak 86.5%, ETA 2026-08-22 02:01:36 UTC (in 7.8 min)
2026-08-22 01:54:03 UTC INFO    __workspace___hf__models__Qwen2_5-7B-Instruct/stage3: 1370/1710 done, 1.3s/item, elapsed 30.4 min, VRAM peak 86.5%, ETA 2026-08-22 02:01:36 UTC (in 7.6 min)
2026-08-22 01:54:15 UTC INFO    __workspace___hf__models__Qwen2_5-7B-Instruct/stage3: 1380/1710 done, 1.3s/item, elapsed 30.6 min, VRAM peak 86.5%, ETA 2026-08-22 02:01:35 UTC (in 7.3 min)
2026-08-22 01:54:28 UTC INFO    __workspace___hf__models__Qwen2_5-7B-Instruct/stage3: 1390/1710 done, 1.3s/item, elapsed 30.9 min, VRAM peak 86.5%, ETA 2026-08-22 02:01:34 UTC (in 7.1 min)
2026-08-22 01:54:44 UTC INFO    __workspace___hf__models__Qwen2_5-7B-Instruct/stage3: 1400/1710 done, 1.3s/item, elapsed 31.1 min, VRAM peak 86.5%, ETA 2026-08-22 02:01:37 UTC (in 6.9 min)
2026-08-22 01:54:56 UTC INFO    __workspace___hf__models__Qwen2_5-7B-Instruct/stage3: 1410/1710 done, 1.3s/item, elapsed 31.3 min, VRAM peak 86.5%, ETA 2026-08-22 02:01:35 UTC (in 6.7 min)
2026-08-22 01:55:09 UTC INFO    __workspace___hf__models__Qwen2_5-7B-Instruct/stage3: 1420/1710 done, 1.3s/item, elapsed 31.5 min, VRAM peak 86.5%, ETA 2026-08-22 02:01:35 UTC (in 6.4 min)
2026-08-22 01:55:21 UTC INFO    __workspace___hf__models__Qwen2_5-7B-Instruct/stage3: 1430/1710 done, 1.3s/item, elapsed 31.7 min, VRAM peak 86.5%, ETA 2026-08-22 02:01:34 UTC (in 6.2 min)
2026-08-22 01:55:30 UTC INFO    __workspace___hf__models__Qwen2_5-7B-Instruct/stage3: 1440/1710 done, 1.3s/item, elapsed 31.9 min, VRAM peak 86.5%, ETA 2026-08-22 02:01:29 UTC (in 6.0 min)
2026-08-22 01:55:44 UTC INFO    __workspace___hf__models__Qwen2_5-7B-Instruct/stage3: 1450/1710 done, 1.3s/item, elapsed 32.1 min, VRAM peak 86.5%, ETA 2026-08-22 02:01:30 UTC (in 5.8 min)
2026-08-22 01:55:57 UTC INFO    __workspace___hf__models__Qwen2_5-7B-Instruct/stage3: 1460/1710 done, 1.3s/item, elapsed 32.3 min, VRAM peak 86.5%, ETA 2026-08-22 02:01:29 UTC (in 5.5 min)
2026-08-22 01:56:09 UTC INFO    __workspace___hf__models__Qwen2_5-7B-Instruct/stage3: 1470/1710 done, 1.3s/item, elapsed 32.5 min, VRAM peak 86.5%, ETA 2026-08-22 02:01:27 UTC (in 5.3 min)
2026-08-22 01:56:22 UTC INFO    __workspace___hf__models__Qwen2_5-7B-Instruct/stage3: 1480/1710 done, 1.3s/item, elapsed 32.8 min, VRAM peak 86.5%, ETA 2026-08-22 02:01:27 UTC (in 5.1 min)
2026-08-22 01:56:32 UTC INFO    __workspace___hf__models__Qwen2_5-7B-Instruct/stage3: 1490/1710 done, 1.3s/item, elapsed 32.9 min, VRAM peak 86.5%, ETA 2026-08-22 02:01:24 UTC (in 4.9 min)
2026-08-22 01:56:48 UTC INFO    __workspace___hf__models__Qwen2_5-7B-Instruct/stage3: 1500/1710 done, 1.3s/item, elapsed 33.2 min, VRAM peak 86.5%, ETA 2026-08-22 02:01:27 UTC (in 4.6 min)
2026-08-22 01:57:03 UTC INFO    __workspace___hf__models__Qwen2_5-7B-Instruct/stage3: 1510/1710 done, 1.3s/item, elapsed 33.4 min, VRAM peak 86.5%, ETA 2026-08-22 02:01:29 UTC (in 4.4 min)
2026-08-22 01:57:26 UTC INFO    __workspace___hf__models__Qwen2_5-7B-Instruct/stage3: 1520/1710 done, 1.3s/item, elapsed 33.8 min, VRAM peak 86.5%, ETA 2026-08-22 02:01:40 UTC (in 4.2 min)
2026-08-22 01:57:40 UTC INFO    __workspace___hf__models__Qwen2_5-7B-Instruct/stage3: 1530/1710 done, 1.3s/item, elapsed 34.0 min, VRAM peak 86.5%, ETA 2026-08-22 02:01:40 UTC (in 4.0 min)
2026-08-22 01:57:54 UTC INFO    __workspace___hf__models__Qwen2_5-7B-Instruct/stage3: 1540/1710 done, 1.3s/item, elapsed 34.3 min, VRAM peak 86.5%, ETA 2026-08-22 02:01:41 UTC (in 3.8 min)
2026-08-22 01:58:06 UTC INFO    __workspace___hf__models__Qwen2_5-7B-Instruct/stage3: 1550/1710 done, 1.3s/item, elapsed 34.5 min, VRAM peak 86.5%, ETA 2026-08-22 02:01:39 UTC (in 3.6 min)
2026-08-22 01:58:19 UTC INFO    __workspace___hf__models__Qwen2_5-7B-Instruct/stage3: 1560/1710 done, 1.3s/item, elapsed 34.7 min, VRAM peak 86.5%, ETA 2026-08-22 02:01:39 UTC (in 3.3 min)
2026-08-22 01:58:31 UTC INFO    __workspace___hf__models__Qwen2_5-7B-Instruct/stage3: 1570/1710 done, 1.3s/item, elapsed 34.9 min, VRAM peak 86.5%, ETA 2026-08-22 02:01:38 UTC (in 3.1 min)
2026-08-22 01:58:47 UTC INFO    __workspace___hf__models__Qwen2_5-7B-Instruct/stage3: 1580/1710 done, 1.3s/item, elapsed 35.2 min, VRAM peak 86.5%, ETA 2026-08-22 02:01:40 UTC (in 2.9 min)
2026-08-22 01:59:05 UTC INFO    __workspace___hf__models__Qwen2_5-7B-Instruct/stage3: 1590/1710 done, 1.3s/item, elapsed 35.5 min, VRAM peak 86.5%, ETA 2026-08-22 02:01:46 UTC (in 2.7 min)
2026-08-22 01:59:14 UTC INFO    __workspace___hf__models__Qwen2_5-7B-Instruct/stage3: 1600/1710 done, 1.3s/item, elapsed 35.6 min, VRAM peak 86.5%, ETA 2026-08-22 02:01:41 UTC (in 2.4 min)
2026-08-22 01:59:27 UTC INFO    __workspace___hf__models__Qwen2_5-7B-Instruct/stage3: 1610/1710 done, 1.3s/item, elapsed 35.8 min, VRAM peak 86.5%, ETA 2026-08-22 02:01:41 UTC (in 2.2 min)
2026-08-22 01:59:46 UTC INFO    __workspace___hf__models__Qwen2_5-7B-Instruct/stage3: 1620/1710 done, 1.3s/item, elapsed 36.2 min, VRAM peak 86.5%, ETA 2026-08-22 02:01:46 UTC (in 2.0 min)
2026-08-22 02:00:01 UTC INFO    __workspace___hf__models__Qwen2_5-7B-Instruct/stage3: 1630/1710 done, 1.3s/item, elapsed 36.4 min, VRAM peak 86.5%, ETA 2026-08-22 02:01:48 UTC (in 1.8 min)
2026-08-22 02:00:16 UTC INFO    __workspace___hf__models__Qwen2_5-7B-Instruct/stage3: 1640/1710 done, 1.3s/item, elapsed 36.7 min, VRAM peak 86.5%, ETA 2026-08-22 02:01:50 UTC (in 1.6 min)
2026-08-22 02:00:30 UTC INFO    __workspace___hf__models__Qwen2_5-7B-Instruct/stage3: 1650/1710 done, 1.3s/item, elapsed 36.9 min, VRAM peak 86.5%, ETA 2026-08-22 02:01:50 UTC (in 1.3 min)
2026-08-22 02:00:47 UTC INFO    __workspace___hf__models__Qwen2_5-7B-Instruct/stage3: 1660/1710 done, 1.3s/item, elapsed 37.2 min, VRAM peak 86.5%, ETA 2026-08-22 02:01:54 UTC (in 1.1 min)
2026-08-22 02:01:00 UTC INFO    __workspace___hf__models__Qwen2_5-7B-Instruct/stage3: 1670/1710 done, 1.3s/item, elapsed 37.4 min, VRAM peak 86.5%, ETA 2026-08-22 02:01:54 UTC (in 0.9 min)
2026-08-22 02:01:14 UTC INFO    __workspace___hf__models__Qwen2_5-7B-Instruct/stage3: 1680/1710 done, 1.3s/item, elapsed 37.6 min, VRAM peak 86.5%, ETA 2026-08-22 02:01:55 UTC (in 0.7 min)
2026-08-22 02:01:27 UTC INFO    __workspace___hf__models__Qwen2_5-7B-Instruct/stage3: 1690/1710 done, 1.3s/item, elapsed 37.8 min, VRAM peak 86.5%, ETA 2026-08-22 02:01:54 UTC (in 0.4 min)
2026-08-22 02:01:43 UTC INFO    __workspace___hf__models__Qwen2_5-7B-Instruct/stage3: 1700/1710 done, 1.3s/item, elapsed 38.1 min, VRAM peak 86.5%, ETA 2026-08-22 02:01:57 UTC (in 0.2 min)
2026-08-22 02:01:54 UTC INFO    __workspace___hf__models__Qwen2_5-7B-Instruct/stage3: 1710/1710 done, 1.3s/item, elapsed 38.3 min, VRAM peak 86.5%, ETA 2026-08-22 02:01:54 UTC (in 0.0 min)
2026-08-22 02:01:54 UTC INFO    GPU ledger: +2297.5s for __workspace___hf__models__Qwen2_5-7B-Instruct/stage3, cumulative 47100.3s (13.08 h, 65.4% of the 20 h allowance)
2026-08-22 02:01:54 UTC INFO    /workspace/.hf/models/Qwen2.5-7B-Instruct stage3: {"n_items": 171, "condition_counts": {"R0": {"chosen_rival": 0, "unreadable": 0, "n": 171}, "R1": {"chosen_rival": 31, "unreadable": 11, "n": 171}, "R2": {"chosen_rival": 14, "unreadable": 15, "n": 171}, "R3": {"chosen_rival": 18, "unreadable": 14, "n": 171}, "R4": {"chosen_rival": 9, "unreadable": 13, "n": 171}}, "abort_reason": null, "elapsed_min": 38.29}
2026-08-22 02:02:02 UTC INFO    wrote results/exp3c/experiment_summary.json
2026-08-22 02:02:06 UTC INFO    started 2026-08-22 02:02:06 UTC on Linux-6.8.0-57-generic-x86_64-with-glibc2.35
2026-08-22 02:02:06 UTC INFO    loading framolfese/2WikiMultihopQA [validation], scanning 40000 records
2026-08-22 02:02:12 UTC INFO    built 1800 items from 12576 records
2026-08-22 02:02:21 UTC INFO    longest prompt about 2826 tokens; max_model_len=4096 (floor 2048, cap 8192)
2026-08-22 02:02:21 UTC INFO    detected 23.5 GiB of VRAM, capability (8, 6) -> the 3090ti roster
2026-08-22 02:03:04 UTC INFO    /workspace/.hf/models/Llama-3.1-8B-Instruct loaded: bfloat16, max_model_len=4096, mem target 0.85, eager=False, VRAM now 81.0%
2026-08-22 02:03:04 UTC INFO    /workspace/.hf/models/Llama-3.1-8B-Instruct ready via the vllm backend
2026-08-22 02:03:15 UTC INFO    __workspace___hf__models__Llama-3_1-8B-Instruct/stage1: 5/1800 done, 2.4s/item, elapsed 0.2 min, VRAM peak 82.0%, ETA 2026-08-22 03:13:53 UTC (in 70.6 min)
2026-08-22 02:03:25 UTC INFO    __workspace___hf__models__Llama-3_1-8B-Instruct/stage1: 10/1800 done, 2.2s/item, elapsed 0.4 min, VRAM peak 82.0%, ETA 2026-08-22 03:08:38 UTC (in 65.2 min)
2026-08-22 02:03:40 UTC INFO    __workspace___hf__models__Llama-3_1-8B-Instruct/stage1: 15/1800 done, 2.4s/item, elapsed 0.6 min, VRAM peak 82.0%, ETA 2026-08-22 03:15:08 UTC (in 71.5 min)
2026-08-22 02:03:57 UTC INFO    __workspace___hf__models__Llama-3_1-8B-Instruct/stage1: 20/1800 done, 2.6s/item, elapsed 0.9 min, VRAM peak 82.0%, ETA 2026-08-22 03:22:25 UTC (in 78.5 min)
2026-08-22 02:04:06 UTC INFO    __workspace___hf__models__Llama-3_1-8B-Instruct/stage1: 25/1800 done, 2.5s/item, elapsed 1.0 min, VRAM peak 82.0%, ETA 2026-08-22 03:18:08 UTC (in 74.0 min)
2026-08-22 02:04:17 UTC INFO    __workspace___hf__models__Llama-3_1-8B-Instruct/stage1: 30/1800 done, 2.4s/item, elapsed 1.2 min, VRAM peak 82.0%, ETA 2026-08-22 03:16:30 UTC (in 72.2 min)
2026-08-22 02:04:29 UTC INFO    __workspace___hf__models__Llama-3_1-8B-Instruct/stage1: 35/1800 done, 2.4s/item, elapsed 1.4 min, VRAM peak 82.0%, ETA 2026-08-22 03:15:59 UTC (in 71.5 min)
2026-08-22 02:04:38 UTC INFO    __workspace___hf__models__Llama-3_1-8B-Instruct/stage1: 40/1800 done, 2.4s/item, elapsed 1.6 min, VRAM peak 82.0%, ETA 2026-08-22 03:13:35 UTC (in 69.0 min)
2026-08-22 02:04:47 UTC INFO    __workspace___hf__models__Llama-3_1-8B-Instruct/stage1: 45/1800 done, 2.3s/item, elapsed 1.7 min, VRAM peak 82.0%, ETA 2026-08-22 03:12:10 UTC (in 67.4 min)
2026-08-22 02:04:57 UTC INFO    __workspace___hf__models__Llama-3_1-8B-Instruct/stage1: 50/1800 done, 2.3s/item, elapsed 1.9 min, VRAM peak 82.0%, ETA 2026-08-22 03:10:56 UTC (in 66.0 min)
2026-08-22 02:05:06 UTC INFO    __workspace___hf__models__Llama-3_1-8B-Instruct/stage1: 55/1800 done, 2.2s/item, elapsed 2.0 min, VRAM peak 82.0%, ETA 2026-08-22 03:09:56 UTC (in 64.8 min)
2026-08-22 02:05:15 UTC INFO    __workspace___hf__models__Llama-3_1-8B-Instruct/stage1: 60/1800 done, 2.2s/item, elapsed 2.2 min, VRAM peak 82.0%, ETA 2026-08-22 03:08:59 UTC (in 63.7 min)
2026-08-22 02:05:24 UTC INFO    __workspace___hf__models__Llama-3_1-8B-Instruct/stage1: 65/1800 done, 2.2s/item, elapsed 2.3 min, VRAM peak 82.0%, ETA 2026-08-22 03:07:58 UTC (in 62.6 min)
2026-08-22 02:05:33 UTC INFO    __workspace___hf__models__Llama-3_1-8B-Instruct/stage1: 70/1800 done, 2.1s/item, elapsed 2.5 min, VRAM peak 82.0%, ETA 2026-08-22 03:06:57 UTC (in 61.4 min)
2026-08-22 02:05:44 UTC INFO    __workspace___hf__models__Llama-3_1-8B-Instruct/stage1: 75/1800 done, 2.1s/item, elapsed 2.7 min, VRAM peak 82.0%, ETA 2026-08-22 03:07:10 UTC (in 61.4 min)
2026-08-22 02:05:53 UTC INFO    __workspace___hf__models__Llama-3_1-8B-Instruct/stage1: 80/1800 done, 2.1s/item, elapsed 2.8 min, VRAM peak 82.0%, ETA 2026-08-22 03:06:42 UTC (in 60.8 min)
2026-08-22 02:06:02 UTC INFO    __workspace___hf__models__Llama-3_1-8B-Instruct/stage1: 85/1800 done, 2.1s/item, elapsed 3.0 min, VRAM peak 82.0%, ETA 2026-08-22 03:05:54 UTC (in 59.9 min)
2026-08-22 02:06:10 UTC INFO    __workspace___hf__models__Llama-3_1-8B-Instruct/stage1: 90/1800 done, 2.1s/item, elapsed 3.1 min, VRAM peak 82.0%, ETA 2026-08-22 03:05:09 UTC (in 59.0 min)
2026-08-22 02:06:20 UTC INFO    __workspace___hf__models__Llama-3_1-8B-Instruct/stage1: 95/1800 done, 2.1s/item, elapsed 3.3 min, VRAM peak 82.0%, ETA 2026-08-22 03:05:09 UTC (in 58.8 min)
2026-08-22 02:06:30 UTC INFO    __workspace___hf__models__Llama-3_1-8B-Instruct/stage1: 100/1800 done, 2.1s/item, elapsed 3.4 min, VRAM peak 82.0%, ETA 2026-08-22 03:05:02 UTC (in 58.5 min)
2026-08-22 02:06:41 UTC INFO    __workspace___hf__models__Llama-3_1-8B-Instruct/stage1: 105/1800 done, 2.1s/item, elapsed 3.6 min, VRAM peak 82.0%, ETA 2026-08-22 03:05:07 UTC (in 58.4 min)
2026-08-22 02:06:49 UTC INFO    __workspace___hf__models__Llama-3_1-8B-Instruct/stage1: 110/1800 done, 2.0s/item, elapsed 3.8 min, VRAM peak 82.0%, ETA 2026-08-22 03:04:33 UTC (in 57.7 min)
2026-08-22 02:07:01 UTC INFO    __workspace___hf__models__Llama-3_1-8B-Instruct/stage1: 115/1800 done, 2.1s/item, elapsed 4.0 min, VRAM peak 82.4%, ETA 2026-08-22 03:04:56 UTC (in 57.9 min)
2026-08-22 02:07:10 UTC INFO    __workspace___hf__models__Llama-3_1-8B-Instruct/stage1: 120/1800 done, 2.1s/item, elapsed 4.1 min, VRAM peak 82.4%, ETA 2026-08-22 03:04:45 UTC (in 57.6 min)
2026-08-22 02:07:20 UTC INFO    __workspace___hf__models__Llama-3_1-8B-Instruct/stage1: 125/1800 done, 2.0s/item, elapsed 4.3 min, VRAM peak 82.4%, ETA 2026-08-22 03:04:29 UTC (in 57.2 min)
2026-08-22 02:07:31 UTC INFO    __workspace___hf__models__Llama-3_1-8B-Instruct/stage1: 130/1800 done, 2.1s/item, elapsed 4.5 min, VRAM peak 82.4%, ETA 2026-08-22 03:04:42 UTC (in 57.2 min)
2026-08-22 02:07:41 UTC INFO    __workspace___hf__models__Llama-3_1-8B-Instruct/stage1: 135/1800 done, 2.1s/item, elapsed 4.6 min, VRAM peak 82.4%, ETA 2026-08-22 03:04:42 UTC (in 57.0 min)
2026-08-22 02:07:51 UTC INFO    __workspace___hf__models__Llama-3_1-8B-Instruct/stage1: 140/1800 done, 2.1s/item, elapsed 4.8 min, VRAM peak 82.4%, ETA 2026-08-22 03:04:41 UTC (in 56.8 min)
2026-08-22 02:08:01 UTC INFO    __workspace___hf__models__Llama-3_1-8B-Instruct/stage1: 145/1800 done, 2.0s/item, elapsed 5.0 min, VRAM peak 82.4%, ETA 2026-08-22 03:04:33 UTC (in 56.5 min)
2026-08-22 02:08:10 UTC INFO    __workspace___hf__models__Llama-3_1-8B-Instruct/stage1: 150/1800 done, 2.0s/item, elapsed 5.1 min, VRAM peak 82.4%, ETA 2026-08-22 03:04:23 UTC (in 56.2 min)
2026-08-22 02:08:20 UTC INFO    __workspace___hf__models__Llama-3_1-8B-Instruct/stage1: 155/1800 done, 2.0s/item, elapsed 5.3 min, VRAM peak 82.4%, ETA 2026-08-22 03:04:16 UTC (in 55.9 min)
2026-08-22 02:08:29 UTC INFO    __workspace___hf__models__Llama-3_1-8B-Instruct/stage1: 160/1800 done, 2.0s/item, elapsed 5.4 min, VRAM peak 82.4%, ETA 2026-08-22 03:04:06 UTC (in 55.6 min)
2026-08-22 02:08:43 UTC INFO    __workspace___hf__models__Llama-3_1-8B-Instruct/stage1: 165/1800 done, 2.1s/item, elapsed 5.7 min, VRAM peak 82.4%, ETA 2026-08-22 03:04:44 UTC (in 56.0 min)
2026-08-22 02:09:01 UTC INFO    __workspace___hf__models__Llama-3_1-8B-Instruct/stage1: 170/1800 done, 2.1s/item, elapsed 6.0 min, VRAM peak 82.4%, ETA 2026-08-22 03:06:09 UTC (in 57.1 min)
2026-08-22 02:09:11 UTC INFO    __workspace___hf__models__Llama-3_1-8B-Instruct/stage1: 175/1800 done, 2.1s/item, elapsed 6.1 min, VRAM peak 82.4%, ETA 2026-08-22 03:06:04 UTC (in 56.9 min)
2026-08-22 02:09:20 UTC INFO    __workspace___hf__models__Llama-3_1-8B-Instruct/stage1: 180/1800 done, 2.1s/item, elapsed 6.3 min, VRAM peak 82.4%, ETA 2026-08-22 03:05:49 UTC (in 56.5 min)
2026-08-22 02:09:30 UTC INFO    __workspace___hf__models__Llama-3_1-8B-Instruct/stage1: 185/1800 done, 2.1s/item, elapsed 6.4 min, VRAM peak 82.4%, ETA 2026-08-22 03:05:45 UTC (in 56.2 min)
2026-08-22 02:09:38 UTC INFO    __workspace___hf__models__Llama-3_1-8B-Instruct/stage1: 190/1800 done, 2.1s/item, elapsed 6.6 min, VRAM peak 82.4%, ETA 2026-08-22 03:05:24 UTC (in 55.8 min)
2026-08-22 02:09:48 UTC INFO    __workspace___hf__models__Llama-3_1-8B-Instruct/stage1: 195/1800 done, 2.1s/item, elapsed 6.7 min, VRAM peak 82.4%, ETA 2026-08-22 03:05:12 UTC (in 55.4 min)
2026-08-22 02:09:59 UTC INFO    __workspace___hf__models__Llama-3_1-8B-Instruct/stage1: 200/1800 done, 2.1s/item, elapsed 6.9 min, VRAM peak 82.4%, ETA 2026-08-22 03:05:22 UTC (in 55.4 min)
2026-08-22 02:10:07 UTC INFO    __workspace___hf__models__Llama-3_1-8B-Instruct/stage1: 205/1800 done, 2.1s/item, elapsed 7.1 min, VRAM peak 82.4%, ETA 2026-08-22 03:05:01 UTC (in 54.9 min)
2026-08-22 02:10:17 UTC INFO    __workspace___hf__models__Llama-3_1-8B-Instruct/stage1: 210/1800 done, 2.1s/item, elapsed 7.2 min, VRAM peak 82.4%, ETA 2026-08-22 03:04:56 UTC (in 54.7 min)
2026-08-22 02:10:27 UTC INFO    __workspace___hf__models__Llama-3_1-8B-Instruct/stage1: 215/1800 done, 2.1s/item, elapsed 7.4 min, VRAM peak 82.4%, ETA 2026-08-22 03:04:57 UTC (in 54.5 min)
2026-08-22 02:10:36 UTC INFO    __workspace___hf__models__Llama-3_1-8B-Instruct/stage1: 220/1800 done, 2.1s/item, elapsed 7.5 min, VRAM peak 82.4%, ETA 2026-08-22 03:04:43 UTC (in 54.1 min)
2026-08-22 02:10:45 UTC INFO    __workspace___hf__models__Llama-3_1-8B-Instruct/stage1: 225/1800 done, 2.1s/item, elapsed 7.7 min, VRAM peak 82.4%, ETA 2026-08-22 03:04:36 UTC (in 53.9 min)
2026-08-22 02:10:57 UTC INFO    __workspace___hf__models__Llama-3_1-8B-Instruct/stage1: 230/1800 done, 2.1s/item, elapsed 7.9 min, VRAM peak 82.4%, ETA 2026-08-22 03:04:50 UTC (in 53.9 min)
2026-08-22 02:11:06 UTC INFO    __workspace___hf__models__Llama-3_1-8B-Instruct/stage1: 235/1800 done, 2.1s/item, elapsed 8.0 min, VRAM peak 82.4%, ETA 2026-08-22 03:04:40 UTC (in 53.6 min)
2026-08-22 02:11:15 UTC INFO    __workspace___hf__models__Llama-3_1-8B-Instruct/stage1: 240/1800 done, 2.0s/item, elapsed 8.2 min, VRAM peak 82.4%, ETA 2026-08-22 03:04:31 UTC (in 53.3 min)
2026-08-22 02:11:25 UTC INFO    __workspace___hf__models__Llama-3_1-8B-Instruct/stage1: 245/1800 done, 2.0s/item, elapsed 8.4 min, VRAM peak 82.4%, ETA 2026-08-22 03:04:25 UTC (in 53.0 min)
2026-08-22 02:11:36 UTC INFO    __workspace___hf__models__Llama-3_1-8B-Instruct/stage1: 250/1800 done, 2.1s/item, elapsed 8.5 min, VRAM peak 82.8%, ETA 2026-08-22 03:04:34 UTC (in 53.0 min)
2026-08-22 02:11:45 UTC INFO    __workspace___hf__models__Llama-3_1-8B-Instruct/stage1: 255/1800 done, 2.0s/item, elapsed 8.7 min, VRAM peak 82.8%, ETA 2026-08-22 03:04:22 UTC (in 52.6 min)
2026-08-22 02:11:56 UTC INFO    __workspace___hf__models__Llama-3_1-8B-Instruct/stage1: 260/1800 done, 2.0s/item, elapsed 8.9 min, VRAM peak 82.8%, ETA 2026-08-22 03:04:28 UTC (in 52.5 min)
2026-08-22 02:12:05 UTC INFO    __workspace___hf__models__Llama-3_1-8B-Instruct/stage1: 265/1800 done, 2.0s/item, elapsed 9.0 min, VRAM peak 82.8%, ETA 2026-08-22 03:04:18 UTC (in 52.2 min)
2026-08-22 02:12:13 UTC INFO    __workspace___hf__models__Llama-3_1-8B-Instruct/stage1: 270/1800 done, 2.0s/item, elapsed 9.2 min, VRAM peak 82.8%, ETA 2026-08-22 03:04:07 UTC (in 51.9 min)
2026-08-22 02:12:26 UTC INFO    __workspace___hf__models__Llama-3_1-8B-Instruct/stage1: 275/1800 done, 2.0s/item, elapsed 9.4 min, VRAM peak 82.8%, ETA 2026-08-22 03:04:24 UTC (in 52.0 min)
2026-08-22 02:12:41 UTC INFO    __workspace___hf__models__Llama-3_1-8B-Instruct/stage1: 280/1800 done, 2.1s/item, elapsed 9.6 min, VRAM peak 82.8%, ETA 2026-08-22 03:04:58 UTC (in 52.3 min)
2026-08-22 02:12:54 UTC INFO    __workspace___hf__models__Llama-3_1-8B-Instruct/stage1: 285/1800 done, 2.1s/item, elapsed 9.8 min, VRAM peak 82.8%, ETA 2026-08-22 03:05:09 UTC (in 52.3 min)
2026-08-22 02:13:04 UTC INFO    __workspace___hf__models__Llama-3_1-8B-Instruct/stage1: 290/1800 done, 2.1s/item, elapsed 10.0 min, VRAM peak 82.8%, ETA 2026-08-22 03:05:08 UTC (in 52.1 min)
2026-08-22 02:13:13 UTC INFO    __workspace___hf__models__Llama-3_1-8B-Instruct/stage1: 295/1800 done, 2.1s/item, elapsed 10.2 min, VRAM peak 82.8%, ETA 2026-08-22 03:05:02 UTC (in 51.8 min)
2026-08-22 02:13:25 UTC INFO    __workspace___hf__models__Llama-3_1-8B-Instruct/stage1: 300/1800 done, 2.1s/item, elapsed 10.3 min, VRAM peak 82.8%, ETA 2026-08-22 03:05:09 UTC (in 51.7 min)
2026-08-22 02:13:35 UTC INFO    __workspace___hf__models__Llama-3_1-8B-Instruct/stage1: 305/1800 done, 2.1s/item, elapsed 10.5 min, VRAM peak 82.8%, ETA 2026-08-22 03:05:09 UTC (in 51.6 min)
2026-08-22 02:13:45 UTC INFO    __workspace___hf__models__Llama-3_1-8B-Instruct/stage1: 310/1800 done, 2.1s/item, elapsed 10.7 min, VRAM peak 82.8%, ETA 2026-08-22 03:05:07 UTC (in 51.4 min)
2026-08-22 02:13:56 UTC INFO    __workspace___hf__models__Llama-3_1-8B-Instruct/stage1: 315/1800 done, 2.1s/item, elapsed 10.9 min, VRAM peak 82.8%, ETA 2026-08-22 03:05:11 UTC (in 51.2 min)
2026-08-22 02:14:11 UTC INFO    __workspace___hf__models__Llama-3_1-8B-Instruct/stage1: 320/1800 done, 2.1s/item, elapsed 11.1 min, VRAM peak 82.8%, ETA 2026-08-22 03:05:36 UTC (in 51.4 min)
2026-08-22 02:14:20 UTC INFO    __workspace___hf__models__Llama-3_1-8B-Instruct/stage1: 325/1800 done, 2.1s/item, elapsed 11.3 min, VRAM peak 83.1%, ETA 2026-08-22 03:05:31 UTC (in 51.2 min)
2026-08-22 02:14:30 UTC INFO    __workspace___hf__models__Llama-3_1-8B-Instruct/stage1: 330/1800 done, 2.1s/item, elapsed 11.4 min, VRAM peak 83.1%, ETA 2026-08-22 03:05:27 UTC (in 51.0 min)
2026-08-22 02:14:39 UTC INFO    __workspace___hf__models__Llama-3_1-8B-Instruct/stage1: 335/1800 done, 2.1s/item, elapsed 11.6 min, VRAM peak 83.1%, ETA 2026-08-22 03:05:19 UTC (in 50.7 min)
2026-08-22 02:14:48 UTC INFO    __workspace___hf__models__Llama-3_1-8B-Instruct/stage1: 340/1800 done, 2.1s/item, elapsed 11.7 min, VRAM peak 83.1%, ETA 2026-08-22 03:05:12 UTC (in 50.4 min)
2026-08-22 02:14:57 UTC INFO    __workspace___hf__models__Llama-3_1-8B-Instruct/stage1: 345/1800 done, 2.1s/item, elapsed 11.9 min, VRAM peak 83.1%, ETA 2026-08-22 03:05:03 UTC (in 50.1 min)
2026-08-22 02:15:07 UTC INFO    __workspace___hf__models__Llama-3_1-8B-Instruct/stage1: 350/1800 done, 2.1s/item, elapsed 12.1 min, VRAM peak 83.1%, ETA 2026-08-22 03:05:05 UTC (in 50.0 min)
2026-08-22 02:15:17 UTC INFO    __workspace___hf__models__Llama-3_1-8B-Instruct/stage1: 355/1800 done, 2.1s/item, elapsed 12.2 min, VRAM peak 83.1%, ETA 2026-08-22 03:05:00 UTC (in 49.7 min)
2026-08-22 02:15:26 UTC INFO    __workspace___hf__models__Llama-3_1-8B-Instruct/stage1: 360/1800 done, 2.1s/item, elapsed 12.4 min, VRAM peak 83.1%, ETA 2026-08-22 03:04:55 UTC (in 49.5 min)
2026-08-22 02:15:34 UTC INFO    __workspace___hf__models__Llama-3_1-8B-Instruct/stage1: 365/1800 done, 2.1s/item, elapsed 12.5 min, VRAM peak 83.1%, ETA 2026-08-22 03:04:46 UTC (in 49.2 min)
2026-08-22 02:15:44 UTC INFO    __workspace___hf__models__Llama-3_1-8B-Instruct/stage1: 370/1800 done, 2.1s/item, elapsed 12.7 min, VRAM peak 83.1%, ETA 2026-08-22 03:04:45 UTC (in 49.0 min)
2026-08-22 02:15:54 UTC INFO    __workspace___hf__models__Llama-3_1-8B-Instruct/stage1: 375/1800 done, 2.1s/item, elapsed 12.8 min, VRAM peak 83.1%, ETA 2026-08-22 03:04:41 UTC (in 48.8 min)
2026-08-22 02:16:04 UTC INFO    __workspace___hf__models__Llama-3_1-8B-Instruct/stage1: 380/1800 done, 2.1s/item, elapsed 13.0 min, VRAM peak 83.1%, ETA 2026-08-22 03:04:41 UTC (in 48.6 min)
2026-08-22 02:16:17 UTC INFO    __workspace___hf__models__Llama-3_1-8B-Instruct/stage1: 385/1800 done, 2.1s/item, elapsed 13.2 min, VRAM peak 83.1%, ETA 2026-08-22 03:04:52 UTC (in 48.6 min)
2026-08-22 02:16:25 UTC INFO    __workspace___hf__models__Llama-3_1-8B-Instruct/stage1: 390/1800 done, 2.1s/item, elapsed 13.4 min, VRAM peak 83.1%, ETA 2026-08-22 03:04:44 UTC (in 48.3 min)
2026-08-22 02:16:35 UTC INFO    __workspace___hf__models__Llama-3_1-8B-Instruct/stage1: 395/1800 done, 2.1s/item, elapsed 13.5 min, VRAM peak 83.1%, ETA 2026-08-22 03:04:42 UTC (in 48.1 min)
2026-08-22 02:16:45 UTC INFO    __workspace___hf__models__Llama-3_1-8B-Instruct/stage1: 400/1800 done, 2.1s/item, elapsed 13.7 min, VRAM peak 83.1%, ETA 2026-08-22 03:04:39 UTC (in 47.9 min)
2026-08-22 02:16:53 UTC INFO    __workspace___hf__models__Llama-3_1-8B-Instruct/stage1: 405/1800 done, 2.0s/item, elapsed 13.8 min, VRAM peak 83.1%, ETA 2026-08-22 03:04:30 UTC (in 47.6 min)
2026-08-22 02:17:04 UTC INFO    __workspace___hf__models__Llama-3_1-8B-Instruct/stage1: 410/1800 done, 2.1s/item, elapsed 14.0 min, VRAM peak 83.1%, ETA 2026-08-22 03:04:35 UTC (in 47.5 min)
2026-08-22 02:17:13 UTC INFO    __workspace___hf__models__Llama-3_1-8B-Instruct/stage1: 415/1800 done, 2.0s/item, elapsed 14.2 min, VRAM peak 83.1%, ETA 2026-08-22 03:04:29 UTC (in 47.3 min)
2026-08-22 02:17:24 UTC INFO    __workspace___hf__models__Llama-3_1-8B-Instruct/stage1: 420/1800 done, 2.0s/item, elapsed 14.3 min, VRAM peak 83.1%, ETA 2026-08-22 03:04:32 UTC (in 47.1 min)
2026-08-22 02:17:35 UTC INFO    __workspace___hf__models__Llama-3_1-8B-Instruct/stage1: 425/1800 done, 2.0s/item, elapsed 14.5 min, VRAM peak 83.1%, ETA 2026-08-22 03:04:33 UTC (in 47.0 min)
2026-08-22 02:17:46 UTC INFO    __workspace___hf__models__Llama-3_1-8B-Instruct/stage1: 430/1800 done, 2.1s/item, elapsed 14.7 min, VRAM peak 83.1%, ETA 2026-08-22 03:04:35 UTC (in 46.8 min)
2026-08-22 02:17:54 UTC INFO    __workspace___hf__models__Llama-3_1-8B-Instruct/stage1: 435/1800 done, 2.0s/item, elapsed 14.8 min, VRAM peak 83.6%, ETA 2026-08-22 03:04:30 UTC (in 46.6 min)
2026-08-22 02:18:06 UTC INFO    __workspace___hf__models__Llama-3_1-8B-Instruct/stage1: 440/1800 done, 2.1s/item, elapsed 15.0 min, VRAM peak 83.6%, ETA 2026-08-22 03:04:37 UTC (in 46.5 min)
2026-08-22 02:18:17 UTC INFO    __workspace___hf__models__Llama-3_1-8B-Instruct/stage1: 445/1800 done, 2.1s/item, elapsed 15.2 min, VRAM peak 83.6%, ETA 2026-08-22 03:04:40 UTC (in 46.4 min)
2026-08-22 02:18:28 UTC INFO    __workspace___hf__models__Llama-3_1-8B-Instruct/stage1: 450/1800 done, 2.1s/item, elapsed 15.4 min, VRAM peak 83.6%, ETA 2026-08-22 03:04:40 UTC (in 46.2 min)
2026-08-22 02:18:38 UTC INFO    __workspace___hf__models__Llama-3_1-8B-Instruct/stage1: 455/1800 done, 2.1s/item, elapsed 15.6 min, VRAM peak 83.6%, ETA 2026-08-22 03:04:39 UTC (in 46.0 min)
2026-08-22 02:18:48 UTC INFO    __workspace___hf__models__Llama-3_1-8B-Instruct/stage1: 460/1800 done, 2.1s/item, elapsed 15.7 min, VRAM peak 83.6%, ETA 2026-08-22 03:04:39 UTC (in 45.8 min)
2026-08-22 02:18:57 UTC INFO    __workspace___hf__models__Llama-3_1-8B-Instruct/stage1: 465/1800 done, 2.1s/item, elapsed 15.9 min, VRAM peak 83.6%, ETA 2026-08-22 03:04:35 UTC (in 45.6 min)
2026-08-22 02:19:09 UTC INFO    __workspace___hf__models__Llama-3_1-8B-Instruct/stage1: 470/1800 done, 2.1s/item, elapsed 16.1 min, VRAM peak 83.6%, ETA 2026-08-22 03:04:42 UTC (in 45.5 min)
2026-08-22 02:19:19 UTC INFO    __workspace___hf__models__Llama-3_1-8B-Instruct/stage1: 475/1800 done, 2.1s/item, elapsed 16.3 min, VRAM peak 83.6%, ETA 2026-08-22 03:04:42 UTC (in 45.4 min)
2026-08-22 02:19:28 UTC INFO    __workspace___hf__models__Llama-3_1-8B-Instruct/stage1: 480/1800 done, 2.1s/item, elapsed 16.4 min, VRAM peak 83.6%, ETA 2026-08-22 03:04:35 UTC (in 45.1 min)
2026-08-22 02:19:37 UTC INFO    __workspace___hf__models__Llama-3_1-8B-Instruct/stage1: 485/1800 done, 2.0s/item, elapsed 16.6 min, VRAM peak 83.6%, ETA 2026-08-22 03:04:30 UTC (in 44.9 min)
2026-08-22 02:19:45 UTC INFO    __workspace___hf__models__Llama-3_1-8B-Instruct/stage1: 490/1800 done, 2.0s/item, elapsed 16.7 min, VRAM peak 83.6%, ETA 2026-08-22 03:04:23 UTC (in 44.6 min)
2026-08-22 02:19:55 UTC INFO    __workspace___hf__models__Llama-3_1-8B-Instruct/stage1: 495/1800 done, 2.0s/item, elapsed 16.9 min, VRAM peak 83.6%, ETA 2026-08-22 03:04:21 UTC (in 44.4 min)
2026-08-22 02:20:04 UTC INFO    __workspace___hf__models__Llama-3_1-8B-Instruct/stage1: 500/1800 done, 2.0s/item, elapsed 17.0 min, VRAM peak 83.6%, ETA 2026-08-22 03:04:18 UTC (in 44.2 min)
2026-08-22 02:20:13 UTC INFO    __workspace___hf__models__Llama-3_1-8B-Instruct/stage1: 505/1800 done, 2.0s/item, elapsed 17.2 min, VRAM peak 83.6%, ETA 2026-08-22 03:04:13 UTC (in 44.0 min)
2026-08-22 02:20:24 UTC INFO    __workspace___hf__models__Llama-3_1-8B-Instruct/stage1: 510/1800 done, 2.0s/item, elapsed 17.3 min, VRAM peak 83.6%, ETA 2026-08-22 03:04:16 UTC (in 43.9 min)
2026-08-22 02:20:40 UTC INFO    __workspace___hf__models__Llama-3_1-8B-Instruct/stage1: 515/1800 done, 2.1s/item, elapsed 17.6 min, VRAM peak 83.6%, ETA 2026-08-22 03:04:34 UTC (in 43.9 min)
2026-08-22 02:20:49 UTC INFO    __workspace___hf__models__Llama-3_1-8B-Instruct/stage1: 520/1800 done, 2.0s/item, elapsed 17.8 min, VRAM peak 83.6%, ETA 2026-08-22 03:04:32 UTC (in 43.7 min)
2026-08-22 02:20:59 UTC INFO    __workspace___hf__models__Llama-3_1-8B-Instruct/stage1: 525/1800 done, 2.0s/item, elapsed 17.9 min, VRAM peak 83.6%, ETA 2026-08-22 03:04:32 UTC (in 43.5 min)
2026-08-22 02:21:11 UTC INFO    __workspace___hf__models__Llama-3_1-8B-Instruct/stage1: 530/1800 done, 2.1s/item, elapsed 18.1 min, VRAM peak 83.6%, ETA 2026-08-22 03:04:37 UTC (in 43.4 min)
2026-08-22 02:21:22 UTC INFO    __workspace___hf__models__Llama-3_1-8B-Instruct/stage1: 535/1800 done, 2.1s/item, elapsed 18.3 min, VRAM peak 83.6%, ETA 2026-08-22 03:04:40 UTC (in 43.3 min)
2026-08-22 02:21:31 UTC INFO    __workspace___hf__models__Llama-3_1-8B-Instruct/stage1: 540/1800 done, 2.1s/item, elapsed 18.5 min, VRAM peak 83.6%, ETA 2026-08-22 03:04:35 UTC (in 43.1 min)
2026-08-22 02:21:41 UTC INFO    __workspace___hf__models__Llama-3_1-8B-Instruct/stage1: 545/1800 done, 2.1s/item, elapsed 18.6 min, VRAM peak 83.6%, ETA 2026-08-22 03:04:34 UTC (in 42.9 min)
2026-08-22 02:21:51 UTC INFO    __workspace___hf__models__Llama-3_1-8B-Instruct/stage1: 550/1800 done, 2.1s/item, elapsed 18.8 min, VRAM peak 83.6%, ETA 2026-08-22 03:04:35 UTC (in 42.7 min)
2026-08-22 02:22:01 UTC INFO    __workspace___hf__models__Llama-3_1-8B-Instruct/stage1: 555/1800 done, 2.1s/item, elapsed 19.0 min, VRAM peak 83.6%, ETA 2026-08-22 03:04:34 UTC (in 42.5 min)
2026-08-22 02:22:13 UTC INFO    __workspace___hf__models__Llama-3_1-8B-Instruct/stage1: 560/1800 done, 2.1s/item, elapsed 19.2 min, VRAM peak 83.6%, ETA 2026-08-22 03:04:39 UTC (in 42.4 min)
2026-08-22 02:22:23 UTC INFO    __workspace___hf__models__Llama-3_1-8B-Instruct/stage1: 565/1800 done, 2.1s/item, elapsed 19.3 min, VRAM peak 83.6%, ETA 2026-08-22 03:04:36 UTC (in 42.2 min)
2026-08-22 02:22:33 UTC INFO    __workspace___hf__models__Llama-3_1-8B-Instruct/stage1: 570/1800 done, 2.1s/item, elapsed 19.5 min, VRAM peak 83.6%, ETA 2026-08-22 03:04:35 UTC (in 42.0 min)
2026-08-22 02:22:42 UTC INFO    __workspace___hf__models__Llama-3_1-8B-Instruct/stage1: 575/1800 done, 2.0s/item, elapsed 19.6 min, VRAM peak 83.6%, ETA 2026-08-22 03:04:34 UTC (in 41.9 min)
2026-08-22 02:22:53 UTC INFO    __workspace___hf__models__Llama-3_1-8B-Instruct/stage1: 580/1800 done, 2.1s/item, elapsed 19.8 min, VRAM peak 83.6%, ETA 2026-08-22 03:04:34 UTC (in 41.7 min)
2026-08-22 02:23:03 UTC INFO    __workspace___hf__models__Llama-3_1-8B-Instruct/stage1: 585/1800 done, 2.0s/item, elapsed 20.0 min, VRAM peak 83.6%, ETA 2026-08-22 03:04:33 UTC (in 41.5 min)
2026-08-22 02:23:15 UTC INFO    __workspace___hf__models__Llama-3_1-8B-Instruct/stage1: 590/1800 done, 2.1s/item, elapsed 20.2 min, VRAM peak 83.6%, ETA 2026-08-22 03:04:38 UTC (in 41.4 min)
2026-08-22 02:23:26 UTC INFO    __workspace___hf__models__Llama-3_1-8B-Instruct/stage1: 595/1800 done, 2.1s/item, elapsed 20.4 min, VRAM peak 83.6%, ETA 2026-08-22 03:04:41 UTC (in 41.3 min)
2026-08-22 02:23:36 UTC INFO    __workspace___hf__models__Llama-3_1-8B-Instruct/stage1: 600/1800 done, 2.1s/item, elapsed 20.5 min, VRAM peak 83.6%, ETA 2026-08-22 03:04:41 UTC (in 41.1 min)
2026-08-22 02:23:45 UTC INFO    __workspace___hf__models__Llama-3_1-8B-Instruct/stage1: 605/1800 done, 2.1s/item, elapsed 20.7 min, VRAM peak 83.6%, ETA 2026-08-22 03:04:38 UTC (in 40.9 min)
2026-08-22 02:23:55 UTC INFO    __workspace___hf__models__Llama-3_1-8B-Instruct/stage1: 610/1800 done, 2.1s/item, elapsed 20.9 min, VRAM peak 83.6%, ETA 2026-08-22 03:04:35 UTC (in 40.7 min)
2026-08-22 02:24:04 UTC INFO    __workspace___hf__models__Llama-3_1-8B-Instruct/stage1: 615/1800 done, 2.0s/item, elapsed 21.0 min, VRAM peak 83.6%, ETA 2026-08-22 03:04:33 UTC (in 40.5 min)
2026-08-22 02:24:13 UTC INFO    __workspace___hf__models__Llama-3_1-8B-Instruct/stage1: 620/1800 done, 2.0s/item, elapsed 21.2 min, VRAM peak 83.6%, ETA 2026-08-22 03:04:30 UTC (in 40.3 min)
2026-08-22 02:24:23 UTC INFO    __workspace___hf__models__Llama-3_1-8B-Instruct/stage1: 625/1800 done, 2.0s/item, elapsed 21.3 min, VRAM peak 83.6%, ETA 2026-08-22 03:04:28 UTC (in 40.1 min)
2026-08-22 02:24:35 UTC INFO    __workspace___hf__models__Llama-3_1-8B-Instruct/stage1: 630/1800 done, 2.1s/item, elapsed 21.5 min, VRAM peak 83.6%, ETA 2026-08-22 03:04:34 UTC (in 40.0 min)
2026-08-22 02:24:48 UTC INFO    __workspace___hf__models__Llama-3_1-8B-Instruct/stage1: 635/1800 done, 2.1s/item, elapsed 21.7 min, VRAM peak 83.6%, ETA 2026-08-22 03:04:41 UTC (in 39.9 min)
2026-08-22 02:24:59 UTC INFO    __workspace___hf__models__Llama-3_1-8B-Instruct/stage1: 640/1800 done, 2.1s/item, elapsed 21.9 min, VRAM peak 83.6%, ETA 2026-08-22 03:04:44 UTC (in 39.7 min)
2026-08-22 02:25:09 UTC INFO    __workspace___hf__models__Llama-3_1-8B-Instruct/stage1: 645/1800 done, 2.1s/item, elapsed 22.1 min, VRAM peak 83.6%, ETA 2026-08-22 03:04:43 UTC (in 39.6 min)
2026-08-22 02:25:19 UTC INFO    __workspace___hf__models__Llama-3_1-8B-Instruct/stage1: 650/1800 done, 2.1s/item, elapsed 22.3 min, VRAM peak 83.6%, ETA 2026-08-22 03:04:42 UTC (in 39.4 min)
2026-08-22 02:25:28 UTC INFO    __workspace___hf__models__Llama-3_1-8B-Instruct/stage1: 655/1800 done, 2.1s/item, elapsed 22.4 min, VRAM peak 83.6%, ETA 2026-08-22 03:04:37 UTC (in 39.2 min)
2026-08-22 02:25:38 UTC INFO    __workspace___hf__models__Llama-3_1-8B-Instruct/stage1: 660/1800 done, 2.1s/item, elapsed 22.6 min, VRAM peak 83.6%, ETA 2026-08-22 03:04:38 UTC (in 39.0 min)
2026-08-22 02:25:50 UTC INFO    __workspace___hf__models__Llama-3_1-8B-Instruct/stage1: 665/1800 done, 2.1s/item, elapsed 22.8 min, VRAM peak 83.6%, ETA 2026-08-22 03:04:41 UTC (in 38.9 min)
2026-08-22 02:25:59 UTC INFO    __workspace___hf__models__Llama-3_1-8B-Instruct/stage1: 670/1800 done, 2.1s/item, elapsed 22.9 min, VRAM peak 83.6%, ETA 2026-08-22 03:04:40 UTC (in 38.7 min)
2026-08-22 02:26:09 UTC INFO    __workspace___hf__models__Llama-3_1-8B-Instruct/stage1: 675/1800 done, 2.1s/item, elapsed 23.1 min, VRAM peak 83.6%, ETA 2026-08-22 03:04:39 UTC (in 38.5 min)
2026-08-22 02:26:19 UTC INFO    __workspace___hf__models__Llama-3_1-8B-Instruct/stage1: 680/1800 done, 2.1s/item, elapsed 23.3 min, VRAM peak 83.6%, ETA 2026-08-22 03:04:37 UTC (in 38.3 min)
2026-08-22 02:26:28 UTC INFO    __workspace___hf__models__Llama-3_1-8B-Instruct/stage1: 685/1800 done, 2.1s/item, elapsed 23.4 min, VRAM peak 83.6%, ETA 2026-08-22 03:04:34 UTC (in 38.1 min)
2026-08-22 02:26:38 UTC INFO    __workspace___hf__models__Llama-3_1-8B-Instruct/stage1: 690/1800 done, 2.0s/item, elapsed 23.6 min, VRAM peak 83.6%, ETA 2026-08-22 03:04:33 UTC (in 37.9 min)
2026-08-22 02:26:50 UTC INFO    __workspace___hf__models__Llama-3_1-8B-Instruct/stage1: 695/1800 done, 2.1s/item, elapsed 23.8 min, VRAM peak 83.6%, ETA 2026-08-22 03:04:37 UTC (in 37.8 min)
2026-08-22 02:27:00 UTC INFO    __workspace___hf__models__Llama-3_1-8B-Instruct/stage1: 700/1800 done, 2.1s/item, elapsed 23.9 min, VRAM peak 83.6%, ETA 2026-08-22 03:04:36 UTC (in 37.6 min)
2026-08-22 02:27:10 UTC INFO    __workspace___hf__models__Llama-3_1-8B-Instruct/stage1: 705/1800 done, 2.1s/item, elapsed 24.1 min, VRAM peak 83.6%, ETA 2026-08-22 03:04:35 UTC (in 37.4 min)
2026-08-22 02:27:20 UTC INFO    __workspace___hf__models__Llama-3_1-8B-Instruct/stage1: 710/1800 done, 2.1s/item, elapsed 24.3 min, VRAM peak 83.6%, ETA 2026-08-22 03:04:35 UTC (in 37.3 min)
2026-08-22 02:27:27 UTC INFO    __workspace___hf__models__Llama-3_1-8B-Instruct/stage1: 715/1800 done, 2.0s/item, elapsed 24.4 min, VRAM peak 83.6%, ETA 2026-08-22 03:04:27 UTC (in 37.0 min)
2026-08-22 02:27:36 UTC INFO    __workspace___hf__models__Llama-3_1-8B-Instruct/stage1: 720/1800 done, 2.0s/item, elapsed 24.5 min, VRAM peak 83.6%, ETA 2026-08-22 03:04:25 UTC (in 36.8 min)
2026-08-22 02:27:45 UTC INFO    __workspace___hf__models__Llama-3_1-8B-Instruct/stage1: 725/1800 done, 2.0s/item, elapsed 24.7 min, VRAM peak 83.6%, ETA 2026-08-22 03:04:22 UTC (in 36.6 min)
2026-08-22 02:27:55 UTC INFO    __workspace___hf__models__Llama-3_1-8B-Instruct/stage1: 730/1800 done, 2.0s/item, elapsed 24.9 min, VRAM peak 83.6%, ETA 2026-08-22 03:04:22 UTC (in 36.4 min)
2026-08-22 02:28:04 UTC INFO    __workspace___hf__models__Llama-3_1-8B-Instruct/stage1: 735/1800 done, 2.0s/item, elapsed 25.0 min, VRAM peak 83.6%, ETA 2026-08-22 03:04:19 UTC (in 36.2 min)
2026-08-22 02:28:13 UTC INFO    __workspace___hf__models__Llama-3_1-8B-Instruct/stage1: 740/1800 done, 2.0s/item, elapsed 25.2 min, VRAM peak 83.6%, ETA 2026-08-22 03:04:16 UTC (in 36.0 min)
2026-08-22 02:28:23 UTC INFO    __workspace___hf__models__Llama-3_1-8B-Instruct/stage1: 745/1800 done, 2.0s/item, elapsed 25.3 min, VRAM peak 83.6%, ETA 2026-08-22 03:04:16 UTC (in 35.9 min)
2026-08-22 02:28:34 UTC INFO    __workspace___hf__models__Llama-3_1-8B-Instruct/stage1: 750/1800 done, 2.0s/item, elapsed 25.5 min, VRAM peak 83.6%, ETA 2026-08-22 03:04:16 UTC (in 35.7 min)
2026-08-22 02:28:44 UTC INFO    __workspace___hf__models__Llama-3_1-8B-Instruct/stage1: 755/1800 done, 2.0s/item, elapsed 25.7 min, VRAM peak 83.6%, ETA 2026-08-22 03:04:15 UTC (in 35.5 min)
2026-08-22 02:28:53 UTC INFO    __workspace___hf__models__Llama-3_1-8B-Instruct/stage1: 760/1800 done, 2.0s/item, elapsed 25.8 min, VRAM peak 83.6%, ETA 2026-08-22 03:04:12 UTC (in 35.3 min)
2026-08-22 02:29:02 UTC INFO    __workspace___hf__models__Llama-3_1-8B-Instruct/stage1: 765/1800 done, 2.0s/item, elapsed 26.0 min, VRAM peak 83.6%, ETA 2026-08-22 03:04:10 UTC (in 35.1 min)
2026-08-22 02:29:12 UTC INFO    __workspace___hf__models__Llama-3_1-8B-Instruct/stage1: 770/1800 done, 2.0s/item, elapsed 26.1 min, VRAM peak 83.6%, ETA 2026-08-22 03:04:09 UTC (in 35.0 min)
2026-08-22 02:29:20 UTC INFO    __workspace___hf__models__Llama-3_1-8B-Instruct/stage1: 775/1800 done, 2.0s/item, elapsed 26.3 min, VRAM peak 83.6%, ETA 2026-08-22 03:04:06 UTC (in 34.8 min)
2026-08-22 02:29:28 UTC INFO    __workspace___hf__models__Llama-3_1-8B-Instruct/stage1: 780/1800 done, 2.0s/item, elapsed 26.4 min, VRAM peak 83.6%, ETA 2026-08-22 03:04:00 UTC (in 34.5 min)
2026-08-22 02:29:39 UTC INFO    __workspace___hf__models__Llama-3_1-8B-Instruct/stage1: 785/1800 done, 2.0s/item, elapsed 26.6 min, VRAM peak 83.6%, ETA 2026-08-22 03:04:01 UTC (in 34.4 min)
2026-08-22 02:29:48 UTC INFO    __workspace___hf__models__Llama-3_1-8B-Instruct/stage1: 790/1800 done, 2.0s/item, elapsed 26.7 min, VRAM peak 83.6%, ETA 2026-08-22 03:04:00 UTC (in 34.2 min)
2026-08-22 02:29:57 UTC INFO    __workspace___hf__models__Llama-3_1-8B-Instruct/stage1: 795/1800 done, 2.0s/item, elapsed 26.9 min, VRAM peak 83.6%, ETA 2026-08-22 03:03:57 UTC (in 34.0 min)
2026-08-22 02:30:08 UTC INFO    __workspace___hf__models__Llama-3_1-8B-Instruct/stage1: 800/1800 done, 2.0s/item, elapsed 27.1 min, VRAM peak 83.6%, ETA 2026-08-22 03:03:58 UTC (in 33.8 min)
2026-08-22 02:30:16 UTC INFO    __workspace___hf__models__Llama-3_1-8B-Instruct/stage1: 805/1800 done, 2.0s/item, elapsed 27.2 min, VRAM peak 83.6%, ETA 2026-08-22 03:03:54 UTC (in 33.6 min)
2026-08-22 02:30:28 UTC INFO    __workspace___hf__models__Llama-3_1-8B-Instruct/stage1: 810/1800 done, 2.0s/item, elapsed 27.4 min, VRAM peak 83.6%, ETA 2026-08-22 03:03:57 UTC (in 33.5 min)
2026-08-22 02:30:38 UTC INFO    __workspace___hf__models__Llama-3_1-8B-Instruct/stage1: 815/1800 done, 2.0s/item, elapsed 27.6 min, VRAM peak 83.6%, ETA 2026-08-22 03:03:58 UTC (in 33.3 min)
2026-08-22 02:30:49 UTC INFO    __workspace___hf__models__Llama-3_1-8B-Instruct/stage1: 820/1800 done, 2.0s/item, elapsed 27.8 min, VRAM peak 83.6%, ETA 2026-08-22 03:03:59 UTC (in 33.2 min)
2026-08-22 02:30:58 UTC INFO    __workspace___hf__models__Llama-3_1-8B-Instruct/stage1: 825/1800 done, 2.0s/item, elapsed 27.9 min, VRAM peak 83.6%, ETA 2026-08-22 03:03:57 UTC (in 33.0 min)
2026-08-22 02:31:08 UTC INFO    __workspace___hf__models__Llama-3_1-8B-Instruct/stage1: 830/1800 done, 2.0s/item, elapsed 28.1 min, VRAM peak 83.6%, ETA 2026-08-22 03:03:56 UTC (in 32.8 min)
2026-08-22 02:31:17 UTC INFO    __workspace___hf__models__Llama-3_1-8B-Instruct/stage1: 835/1800 done, 2.0s/item, elapsed 28.2 min, VRAM peak 83.6%, ETA 2026-08-22 03:03:54 UTC (in 32.6 min)
2026-08-22 02:31:27 UTC INFO    __workspace___hf__models__Llama-3_1-8B-Instruct/stage1: 840/1800 done, 2.0s/item, elapsed 28.4 min, VRAM peak 83.6%, ETA 2026-08-22 03:03:53 UTC (in 32.4 min)
2026-08-22 02:31:36 UTC INFO    __workspace___hf__models__Llama-3_1-8B-Instruct/stage1: 845/1800 done, 2.0s/item, elapsed 28.5 min, VRAM peak 83.6%, ETA 2026-08-22 03:03:51 UTC (in 32.3 min)
2026-08-22 02:31:45 UTC INFO    __workspace___hf__models__Llama-3_1-8B-Instruct/stage1: 850/1800 done, 2.0s/item, elapsed 28.7 min, VRAM peak 83.6%, ETA 2026-08-22 03:03:48 UTC (in 32.1 min)
2026-08-22 02:31:54 UTC INFO    __workspace___hf__models__Llama-3_1-8B-Instruct/stage1: 855/1800 done, 2.0s/item, elapsed 28.8 min, VRAM peak 83.6%, ETA 2026-08-22 03:03:46 UTC (in 31.9 min)
2026-08-22 02:32:05 UTC INFO    __workspace___hf__models__Llama-3_1-8B-Instruct/stage1: 860/1800 done, 2.0s/item, elapsed 29.0 min, VRAM peak 83.6%, ETA 2026-08-22 03:03:48 UTC (in 31.7 min)
2026-08-22 02:32:15 UTC INFO    __workspace___hf__models__Llama-3_1-8B-Instruct/stage1: 865/1800 done, 2.0s/item, elapsed 29.2 min, VRAM peak 83.6%, ETA 2026-08-22 03:03:47 UTC (in 31.5 min)
2026-08-22 02:32:26 UTC INFO    __workspace___hf__models__Llama-3_1-8B-Instruct/stage1: 870/1800 done, 2.0s/item, elapsed 29.4 min, VRAM peak 83.6%, ETA 2026-08-22 03:03:50 UTC (in 31.4 min)
2026-08-22 02:32:36 UTC INFO    __workspace___hf__models__Llama-3_1-8B-Instruct/stage1: 875/1800 done, 2.0s/item, elapsed 29.5 min, VRAM peak 83.6%, ETA 2026-08-22 03:03:50 UTC (in 31.2 min)
2026-08-22 02:32:46 UTC INFO    __workspace___hf__models__Llama-3_1-8B-Instruct/stage1: 880/1800 done, 2.0s/item, elapsed 29.7 min, VRAM peak 83.6%, ETA 2026-08-22 03:03:50 UTC (in 31.1 min)
2026-08-22 02:32:55 UTC INFO    __workspace___hf__models__Llama-3_1-8B-Instruct/stage1: 885/1800 done, 2.0s/item, elapsed 29.9 min, VRAM peak 83.6%, ETA 2026-08-22 03:03:48 UTC (in 30.9 min)
2026-08-22 02:33:05 UTC INFO    __workspace___hf__models__Llama-3_1-8B-Instruct/stage1: 890/1800 done, 2.0s/item, elapsed 30.0 min, VRAM peak 83.6%, ETA 2026-08-22 03:03:46 UTC (in 30.7 min)
2026-08-22 02:33:14 UTC INFO    __workspace___hf__models__Llama-3_1-8B-Instruct/stage1: 895/1800 done, 2.0s/item, elapsed 30.2 min, VRAM peak 83.6%, ETA 2026-08-22 03:03:46 UTC (in 30.5 min)
2026-08-22 02:33:30 UTC INFO    __workspace___hf__models__Llama-3_1-8B-Instruct/stage1: 900/1800 done, 2.0s/item, elapsed 30.4 min, VRAM peak 83.6%, ETA 2026-08-22 03:03:57 UTC (in 30.4 min)
2026-08-22 02:33:40 UTC INFO    __workspace___hf__models__Llama-3_1-8B-Instruct/stage1: 905/1800 done, 2.0s/item, elapsed 30.6 min, VRAM peak 83.6%, ETA 2026-08-22 03:03:57 UTC (in 30.3 min)
2026-08-22 02:33:48 UTC INFO    __workspace___hf__models__Llama-3_1-8B-Instruct/stage1: 910/1800 done, 2.0s/item, elapsed 30.7 min, VRAM peak 83.6%, ETA 2026-08-22 03:03:52 UTC (in 30.1 min)
2026-08-22 02:33:58 UTC INFO    __workspace___hf__models__Llama-3_1-8B-Instruct/stage1: 915/1800 done, 2.0s/item, elapsed 30.9 min, VRAM peak 83.6%, ETA 2026-08-22 03:03:52 UTC (in 29.9 min)
2026-08-22 02:34:10 UTC INFO    __workspace___hf__models__Llama-3_1-8B-Instruct/stage1: 920/1800 done, 2.0s/item, elapsed 31.1 min, VRAM peak 83.6%, ETA 2026-08-22 03:03:56 UTC (in 29.8 min)
2026-08-22 02:34:20 UTC INFO    __workspace___hf__models__Llama-3_1-8B-Instruct/stage1: 925/1800 done, 2.0s/item, elapsed 31.3 min, VRAM peak 83.6%, ETA 2026-08-22 03:03:55 UTC (in 29.6 min)
2026-08-22 02:34:29 UTC INFO    __workspace___hf__models__Llama-3_1-8B-Instruct/stage1: 930/1800 done, 2.0s/item, elapsed 31.4 min, VRAM peak 83.6%, ETA 2026-08-22 03:03:52 UTC (in 29.4 min)
2026-08-22 02:34:39 UTC INFO    __workspace___hf__models__Llama-3_1-8B-Instruct/stage1: 935/1800 done, 2.0s/item, elapsed 31.6 min, VRAM peak 83.6%, ETA 2026-08-22 03:03:53 UTC (in 29.2 min)
2026-08-22 02:34:52 UTC INFO    __workspace___hf__models__Llama-3_1-8B-Instruct/stage1: 940/1800 done, 2.0s/item, elapsed 31.8 min, VRAM peak 83.6%, ETA 2026-08-22 03:03:58 UTC (in 29.1 min)
2026-08-22 02:35:02 UTC INFO    __workspace___hf__models__Llama-3_1-8B-Instruct/stage1: 945/1800 done, 2.0s/item, elapsed 32.0 min, VRAM peak 83.6%, ETA 2026-08-22 03:03:58 UTC (in 28.9 min)
2026-08-22 02:35:14 UTC INFO    __workspace___hf__models__Llama-3_1-8B-Instruct/stage1: 950/1800 done, 2.0s/item, elapsed 32.2 min, VRAM peak 83.6%, ETA 2026-08-22 03:04:02 UTC (in 28.8 min)
2026-08-22 02:35:29 UTC INFO    __workspace___hf__models__Llama-3_1-8B-Instruct/stage1: 955/1800 done, 2.0s/item, elapsed 32.4 min, VRAM peak 83.6%, ETA 2026-08-22 03:04:11 UTC (in 28.7 min)
2026-08-22 02:35:40 UTC INFO    __workspace___hf__models__Llama-3_1-8B-Instruct/stage1: 960/1800 done, 2.0s/item, elapsed 32.6 min, VRAM peak 83.6%, ETA 2026-08-22 03:04:11 UTC (in 28.5 min)
2026-08-22 02:35:49 UTC INFO    __workspace___hf__models__Llama-3_1-8B-Instruct/stage1: 965/1800 done, 2.0s/item, elapsed 32.8 min, VRAM peak 83.6%, ETA 2026-08-22 03:04:10 UTC (in 28.3 min)
2026-08-22 02:35:59 UTC INFO    __workspace___hf__models__Llama-3_1-8B-Instruct/stage1: 970/1800 done, 2.0s/item, elapsed 32.9 min, VRAM peak 83.6%, ETA 2026-08-22 03:04:08 UTC (in 28.2 min)
2026-08-22 02:36:08 UTC INFO    __workspace___hf__models__Llama-3_1-8B-Instruct/stage1: 975/1800 done, 2.0s/item, elapsed 33.1 min, VRAM peak 83.6%, ETA 2026-08-22 03:04:07 UTC (in 28.0 min)
2026-08-22 02:36:18 UTC INFO    __workspace___hf__models__Llama-3_1-8B-Instruct/stage1: 980/1800 done, 2.0s/item, elapsed 33.2 min, VRAM peak 83.6%, ETA 2026-08-22 03:04:07 UTC (in 27.8 min)
2026-08-22 02:36:26 UTC INFO    __workspace___hf__models__Llama-3_1-8B-Instruct/stage1: 985/1800 done, 2.0s/item, elapsed 33.4 min, VRAM peak 83.6%, ETA 2026-08-22 03:04:03 UTC (in 27.6 min)
2026-08-22 02:36:37 UTC INFO    __workspace___hf__models__Llama-3_1-8B-Instruct/stage1: 990/1800 done, 2.0s/item, elapsed 33.6 min, VRAM peak 83.6%, ETA 2026-08-22 03:04:04 UTC (in 27.5 min)
2026-08-22 02:36:45 UTC INFO    __workspace___hf__models__Llama-3_1-8B-Instruct/stage1: 995/1800 done, 2.0s/item, elapsed 33.7 min, VRAM peak 83.6%, ETA 2026-08-22 03:04:01 UTC (in 27.3 min)
2026-08-22 02:36:58 UTC INFO    __workspace___hf__models__Llama-3_1-8B-Instruct/stage1: 1000/1800 done, 2.0s/item, elapsed 33.9 min, VRAM peak 84.0%, ETA 2026-08-22 03:04:05 UTC (in 27.1 min)
2026-08-22 02:37:07 UTC INFO    __workspace___hf__models__Llama-3_1-8B-Instruct/stage1: 1005/1800 done, 2.0s/item, elapsed 34.1 min, VRAM peak 84.0%, ETA 2026-08-22 03:04:04 UTC (in 26.9 min)
2026-08-22 02:37:17 UTC INFO    __workspace___hf__models__Llama-3_1-8B-Instruct/stage1: 1010/1800 done, 2.0s/item, elapsed 34.2 min, VRAM peak 84.0%, ETA 2026-08-22 03:04:04 UTC (in 26.8 min)
2026-08-22 02:37:26 UTC INFO    __workspace___hf__models__Llama-3_1-8B-Instruct/stage1: 1015/1800 done, 2.0s/item, elapsed 34.4 min, VRAM peak 84.0%, ETA 2026-08-22 03:04:01 UTC (in 26.6 min)
2026-08-22 02:37:35 UTC INFO    __workspace___hf__models__Llama-3_1-8B-Instruct/stage1: 1020/1800 done, 2.0s/item, elapsed 34.5 min, VRAM peak 84.0%, ETA 2026-08-22 03:03:58 UTC (in 26.4 min)
2026-08-22 02:37:44 UTC INFO    __workspace___hf__models__Llama-3_1-8B-Instruct/stage1: 1025/1800 done, 2.0s/item, elapsed 34.7 min, VRAM peak 84.0%, ETA 2026-08-22 03:03:57 UTC (in 26.2 min)
2026-08-22 02:37:52 UTC INFO    __workspace___hf__models__Llama-3_1-8B-Instruct/stage1: 1030/1800 done, 2.0s/item, elapsed 34.8 min, VRAM peak 84.0%, ETA 2026-08-22 03:03:53 UTC (in 26.0 min)
2026-08-22 02:38:04 UTC INFO    __workspace___hf__models__Llama-3_1-8B-Instruct/stage1: 1035/1800 done, 2.0s/item, elapsed 35.0 min, VRAM peak 84.0%, ETA 2026-08-22 03:03:56 UTC (in 25.9 min)
2026-08-22 02:38:14 UTC INFO    __workspace___hf__models__Llama-3_1-8B-Instruct/stage1: 1040/1800 done, 2.0s/item, elapsed 35.2 min, VRAM peak 84.0%, ETA 2026-08-22 03:03:56 UTC (in 25.7 min)
2026-08-22 02:38:23 UTC INFO    __workspace___hf__models__Llama-3_1-8B-Instruct/stage1: 1045/1800 done, 2.0s/item, elapsed 35.3 min, VRAM peak 84.0%, ETA 2026-08-22 03:03:55 UTC (in 25.5 min)
2026-08-22 02:38:34 UTC INFO    __workspace___hf__models__Llama-3_1-8B-Instruct/stage1: 1050/1800 done, 2.0s/item, elapsed 35.5 min, VRAM peak 84.0%, ETA 2026-08-22 03:03:56 UTC (in 25.4 min)
2026-08-22 02:38:43 UTC INFO    __workspace___hf__models__Llama-3_1-8B-Instruct/stage1: 1055/1800 done, 2.0s/item, elapsed 35.7 min, VRAM peak 84.0%, ETA 2026-08-22 03:03:53 UTC (in 25.2 min)
2026-08-22 02:38:57 UTC INFO    __workspace___hf__models__Llama-3_1-8B-Instruct/stage1: 1060/1800 done, 2.0s/item, elapsed 35.9 min, VRAM peak 84.0%, ETA 2026-08-22 03:04:00 UTC (in 25.1 min)
2026-08-22 02:39:07 UTC INFO    __workspace___hf__models__Llama-3_1-8B-Instruct/stage1: 1065/1800 done, 2.0s/item, elapsed 36.1 min, VRAM peak 84.0%, ETA 2026-08-22 03:04:00 UTC (in 24.9 min)
2026-08-22 02:39:17 UTC INFO    __workspace___hf__models__Llama-3_1-8B-Instruct/stage1: 1070/1800 done, 2.0s/item, elapsed 36.2 min, VRAM peak 84.0%, ETA 2026-08-22 03:03:59 UTC (in 24.7 min)
2026-08-22 02:39:26 UTC INFO    __workspace___hf__models__Llama-3_1-8B-Instruct/stage1: 1075/1800 done, 2.0s/item, elapsed 36.4 min, VRAM peak 84.0%, ETA 2026-08-22 03:03:58 UTC (in 24.5 min)
2026-08-22 02:39:36 UTC INFO    __workspace___hf__models__Llama-3_1-8B-Instruct/stage1: 1080/1800 done, 2.0s/item, elapsed 36.5 min, VRAM peak 84.0%, ETA 2026-08-22 03:03:57 UTC (in 24.4 min)
2026-08-22 02:39:45 UTC INFO    __workspace___hf__models__Llama-3_1-8B-Instruct/stage1: 1085/1800 done, 2.0s/item, elapsed 36.7 min, VRAM peak 84.0%, ETA 2026-08-22 03:03:56 UTC (in 24.2 min)
2026-08-22 02:39:55 UTC INFO    __workspace___hf__models__Llama-3_1-8B-Instruct/stage1: 1090/1800 done, 2.0s/item, elapsed 36.9 min, VRAM peak 84.0%, ETA 2026-08-22 03:03:55 UTC (in 24.0 min)
2026-08-22 02:40:03 UTC INFO    __workspace___hf__models__Llama-3_1-8B-Instruct/stage1: 1095/1800 done, 2.0s/item, elapsed 37.0 min, VRAM peak 84.0%, ETA 2026-08-22 03:03:52 UTC (in 23.8 min)
2026-08-22 02:40:12 UTC INFO    __workspace___hf__models__Llama-3_1-8B-Instruct/stage1: 1100/1800 done, 2.0s/item, elapsed 37.1 min, VRAM peak 84.0%, ETA 2026-08-22 03:03:50 UTC (in 23.6 min)
2026-08-22 02:40:22 UTC INFO    __workspace___hf__models__Llama-3_1-8B-Instruct/stage1: 1105/1800 done, 2.0s/item, elapsed 37.3 min, VRAM peak 84.0%, ETA 2026-08-22 03:03:49 UTC (in 23.5 min)
2026-08-22 02:40:31 UTC INFO    __workspace___hf__models__Llama-3_1-8B-Instruct/stage1: 1110/1800 done, 2.0s/item, elapsed 37.5 min, VRAM peak 84.0%, ETA 2026-08-22 03:03:49 UTC (in 23.3 min)
2026-08-22 02:40:41 UTC INFO    __workspace___hf__models__Llama-3_1-8B-Instruct/stage1: 1115/1800 done, 2.0s/item, elapsed 37.6 min, VRAM peak 84.0%, ETA 2026-08-22 03:03:48 UTC (in 23.1 min)
2026-08-22 02:40:54 UTC INFO    __workspace___hf__models__Llama-3_1-8B-Instruct/stage1: 1120/1800 done, 2.0s/item, elapsed 37.8 min, VRAM peak 84.0%, ETA 2026-08-22 03:03:52 UTC (in 23.0 min)
2026-08-22 02:41:04 UTC INFO    __workspace___hf__models__Llama-3_1-8B-Instruct/stage1: 1125/1800 done, 2.0s/item, elapsed 38.0 min, VRAM peak 84.0%, ETA 2026-08-22 03:03:51 UTC (in 22.8 min)
2026-08-22 02:41:13 UTC INFO    __workspace___hf__models__Llama-3_1-8B-Instruct/stage1: 1130/1800 done, 2.0s/item, elapsed 38.2 min, VRAM peak 84.0%, ETA 2026-08-22 03:03:51 UTC (in 22.6 min)
2026-08-22 02:41:23 UTC INFO    __workspace___hf__models__Llama-3_1-8B-Instruct/stage1: 1135/1800 done, 2.0s/item, elapsed 38.3 min, VRAM peak 84.0%, ETA 2026-08-22 03:03:50 UTC (in 22.5 min)
2026-08-22 02:41:34 UTC INFO    __workspace___hf__models__Llama-3_1-8B-Instruct/stage1: 1140/1800 done, 2.0s/item, elapsed 38.5 min, VRAM peak 84.0%, ETA 2026-08-22 03:03:51 UTC (in 22.3 min)
2026-08-22 02:41:42 UTC INFO    __workspace___hf__models__Llama-3_1-8B-Instruct/stage1: 1145/1800 done, 2.0s/item, elapsed 38.6 min, VRAM peak 84.0%, ETA 2026-08-22 03:03:49 UTC (in 22.1 min)
2026-08-22 02:41:51 UTC INFO    __workspace___hf__models__Llama-3_1-8B-Instruct/stage1: 1150/1800 done, 2.0s/item, elapsed 38.8 min, VRAM peak 84.0%, ETA 2026-08-22 03:03:46 UTC (in 21.9 min)
2026-08-22 02:42:02 UTC INFO    __workspace___hf__models__Llama-3_1-8B-Instruct/stage1: 1155/1800 done, 2.0s/item, elapsed 39.0 min, VRAM peak 84.0%, ETA 2026-08-22 03:03:48 UTC (in 21.8 min)
2026-08-22 02:42:12 UTC INFO    __workspace___hf__models__Llama-3_1-8B-Instruct/stage1: 1160/1800 done, 2.0s/item, elapsed 39.1 min, VRAM peak 84.0%, ETA 2026-08-22 03:03:47 UTC (in 21.6 min)
2026-08-22 02:42:24 UTC INFO    __workspace___hf__models__Llama-3_1-8B-Instruct/stage1: 1165/1800 done, 2.0s/item, elapsed 39.3 min, VRAM peak 84.0%, ETA 2026-08-22 03:03:50 UTC (in 21.4 min)
2026-08-22 02:42:34 UTC INFO    __workspace___hf__models__Llama-3_1-8B-Instruct/stage1: 1170/1800 done, 2.0s/item, elapsed 39.5 min, VRAM peak 84.0%, ETA 2026-08-22 03:03:50 UTC (in 21.3 min)
2026-08-22 02:42:44 UTC INFO    __workspace___hf__models__Llama-3_1-8B-Instruct/stage1: 1175/1800 done, 2.0s/item, elapsed 39.7 min, VRAM peak 84.0%, ETA 2026-08-22 03:03:50 UTC (in 21.1 min)
2026-08-22 02:42:55 UTC INFO    __workspace___hf__models__Llama-3_1-8B-Instruct/stage1: 1180/1800 done, 2.0s/item, elapsed 39.9 min, VRAM peak 84.0%, ETA 2026-08-22 03:03:52 UTC (in 20.9 min)
2026-08-22 02:43:04 UTC INFO    __workspace___hf__models__Llama-3_1-8B-Instruct/stage1: 1185/1800 done, 2.0s/item, elapsed 40.0 min, VRAM peak 84.0%, ETA 2026-08-22 03:03:49 UTC (in 20.8 min)
2026-08-22 02:43:13 UTC INFO    __workspace___hf__models__Llama-3_1-8B-Instruct/stage1: 1190/1800 done, 2.0s/item, elapsed 40.2 min, VRAM peak 84.0%, ETA 2026-08-22 03:03:49 UTC (in 20.6 min)
2026-08-22 02:43:22 UTC INFO    __workspace___hf__models__Llama-3_1-8B-Instruct/stage1: 1195/1800 done, 2.0s/item, elapsed 40.3 min, VRAM peak 84.0%, ETA 2026-08-22 03:03:47 UTC (in 20.4 min)
2026-08-22 02:43:31 UTC INFO    __workspace___hf__models__Llama-3_1-8B-Instruct/stage1: 1200/1800 done, 2.0s/item, elapsed 40.5 min, VRAM peak 84.0%, ETA 2026-08-22 03:03:45 UTC (in 20.2 min)
2026-08-22 02:43:40 UTC INFO    __workspace___hf__models__Llama-3_1-8B-Instruct/stage1: 1205/1800 done, 2.0s/item, elapsed 40.6 min, VRAM peak 84.0%, ETA 2026-08-22 03:03:44 UTC (in 20.1 min)
2026-08-22 02:43:49 UTC INFO    __workspace___hf__models__Llama-3_1-8B-Instruct/stage1: 1210/1800 done, 2.0s/item, elapsed 40.8 min, VRAM peak 84.0%, ETA 2026-08-22 03:03:42 UTC (in 19.9 min)
2026-08-22 02:43:59 UTC INFO    __workspace___hf__models__Llama-3_1-8B-Instruct/stage1: 1215/1800 done, 2.0s/item, elapsed 40.9 min, VRAM peak 84.0%, ETA 2026-08-22 03:03:41 UTC (in 19.7 min)
2026-08-22 02:44:10 UTC INFO    __workspace___hf__models__Llama-3_1-8B-Instruct/stage1: 1220/1800 done, 2.0s/item, elapsed 41.1 min, VRAM peak 84.0%, ETA 2026-08-22 03:03:42 UTC (in 19.5 min)
2026-08-22 02:44:19 UTC INFO    __workspace___hf__models__Llama-3_1-8B-Instruct/stage1: 1225/1800 done, 2.0s/item, elapsed 41.3 min, VRAM peak 84.0%, ETA 2026-08-22 03:03:40 UTC (in 19.4 min)
2026-08-22 02:44:28 UTC INFO    __workspace___hf__models__Llama-3_1-8B-Instruct/stage1: 1230/1800 done, 2.0s/item, elapsed 41.4 min, VRAM peak 84.0%, ETA 2026-08-22 03:03:40 UTC (in 19.2 min)
2026-08-22 02:44:39 UTC INFO    __workspace___hf__models__Llama-3_1-8B-Instruct/stage1: 1235/1800 done, 2.0s/item, elapsed 41.6 min, VRAM peak 84.0%, ETA 2026-08-22 03:03:41 UTC (in 19.0 min)
2026-08-22 02:44:50 UTC INFO    __workspace___hf__models__Llama-3_1-8B-Instruct/stage1: 1240/1800 done, 2.0s/item, elapsed 41.8 min, VRAM peak 84.0%, ETA 2026-08-22 03:03:42 UTC (in 18.9 min)
2026-08-22 02:44:59 UTC INFO    __workspace___hf__models__Llama-3_1-8B-Instruct/stage1: 1245/1800 done, 2.0s/item, elapsed 41.9 min, VRAM peak 84.0%, ETA 2026-08-22 03:03:41 UTC (in 18.7 min)
2026-08-22 02:45:09 UTC INFO    __workspace___hf__models__Llama-3_1-8B-Instruct/stage1: 1250/1800 done, 2.0s/item, elapsed 42.1 min, VRAM peak 84.0%, ETA 2026-08-22 03:03:40 UTC (in 18.5 min)
2026-08-22 02:45:18 UTC INFO    __workspace___hf__models__Llama-3_1-8B-Instruct/stage1: 1255/1800 done, 2.0s/item, elapsed 42.2 min, VRAM peak 84.0%, ETA 2026-08-22 03:03:39 UTC (in 18.3 min)
2026-08-22 02:45:27 UTC INFO    __workspace___hf__models__Llama-3_1-8B-Instruct/stage1: 1260/1800 done, 2.0s/item, elapsed 42.4 min, VRAM peak 84.0%, ETA 2026-08-22 03:03:38 UTC (in 18.2 min)
2026-08-22 02:45:36 UTC INFO    __workspace___hf__models__Llama-3_1-8B-Instruct/stage1: 1265/1800 done, 2.0s/item, elapsed 42.5 min, VRAM peak 84.0%, ETA 2026-08-22 03:03:36 UTC (in 18.0 min)
2026-08-22 02:45:46 UTC INFO    __workspace___hf__models__Llama-3_1-8B-Instruct/stage1: 1270/1800 done, 2.0s/item, elapsed 42.7 min, VRAM peak 84.0%, ETA 2026-08-22 03:03:35 UTC (in 17.8 min)
2026-08-22 02:45:54 UTC INFO    __workspace___hf__models__Llama-3_1-8B-Instruct/stage1: 1275/1800 done, 2.0s/item, elapsed 42.8 min, VRAM peak 84.0%, ETA 2026-08-22 03:03:33 UTC (in 17.6 min)
2026-08-22 02:46:04 UTC INFO    __workspace___hf__models__Llama-3_1-8B-Instruct/stage1: 1280/1800 done, 2.0s/item, elapsed 43.0 min, VRAM peak 84.4%, ETA 2026-08-22 03:03:32 UTC (in 17.5 min)
2026-08-22 02:46:13 UTC INFO    __workspace___hf__models__Llama-3_1-8B-Instruct/stage1: 1285/1800 done, 2.0s/item, elapsed 43.2 min, VRAM peak 84.4%, ETA 2026-08-22 03:03:30 UTC (in 17.3 min)
2026-08-22 02:46:23 UTC INFO    __workspace___hf__models__Llama-3_1-8B-Instruct/stage1: 1290/1800 done, 2.0s/item, elapsed 43.3 min, VRAM peak 84.4%, ETA 2026-08-22 03:03:31 UTC (in 17.1 min)
2026-08-22 02:46:33 UTC INFO    __workspace___hf__models__Llama-3_1-8B-Instruct/stage1: 1295/1800 done, 2.0s/item, elapsed 43.5 min, VRAM peak 84.4%, ETA 2026-08-22 03:03:31 UTC (in 17.0 min)
2026-08-22 02:46:43 UTC INFO    __workspace___hf__models__Llama-3_1-8B-Instruct/stage1: 1300/1800 done, 2.0s/item, elapsed 43.7 min, VRAM peak 84.4%, ETA 2026-08-22 03:03:31 UTC (in 16.8 min)
2026-08-22 02:46:52 UTC INFO    __workspace___hf__models__Llama-3_1-8B-Instruct/stage1: 1305/1800 done, 2.0s/item, elapsed 43.8 min, VRAM peak 84.4%, ETA 2026-08-22 03:03:29 UTC (in 16.6 min)
2026-08-22 02:47:01 UTC INFO    __workspace___hf__models__Llama-3_1-8B-Instruct/stage1: 1310/1800 done, 2.0s/item, elapsed 44.0 min, VRAM peak 84.4%, ETA 2026-08-22 03:03:27 UTC (in 16.4 min)
2026-08-22 02:47:10 UTC INFO    __workspace___hf__models__Llama-3_1-8B-Instruct/stage1: 1315/1800 done, 2.0s/item, elapsed 44.1 min, VRAM peak 84.4%, ETA 2026-08-22 03:03:26 UTC (in 16.3 min)
2026-08-22 02:47:20 UTC INFO    __workspace___hf__models__Llama-3_1-8B-Instruct/stage1: 1320/1800 done, 2.0s/item, elapsed 44.3 min, VRAM peak 84.4%, ETA 2026-08-22 03:03:26 UTC (in 16.1 min)
2026-08-22 02:47:29 UTC INFO    __workspace___hf__models__Llama-3_1-8B-Instruct/stage1: 1325/1800 done, 2.0s/item, elapsed 44.4 min, VRAM peak 84.4%, ETA 2026-08-22 03:03:25 UTC (in 15.9 min)
2026-08-22 02:47:39 UTC INFO    __workspace___hf__models__Llama-3_1-8B-Instruct/stage1: 1330/1800 done, 2.0s/item, elapsed 44.6 min, VRAM peak 84.4%, ETA 2026-08-22 03:03:25 UTC (in 15.8 min)
2026-08-22 02:47:49 UTC INFO    __workspace___hf__models__Llama-3_1-8B-Instruct/stage1: 1335/1800 done, 2.0s/item, elapsed 44.7 min, VRAM peak 84.4%, ETA 2026-08-22 03:03:24 UTC (in 15.6 min)
2026-08-22 02:47:57 UTC INFO    __workspace___hf__models__Llama-3_1-8B-Instruct/stage1: 1340/1800 done, 2.0s/item, elapsed 44.9 min, VRAM peak 84.4%, ETA 2026-08-22 03:03:22 UTC (in 15.4 min)
2026-08-22 02:48:08 UTC INFO    __workspace___hf__models__Llama-3_1-8B-Instruct/stage1: 1345/1800 done, 2.0s/item, elapsed 45.1 min, VRAM peak 84.4%, ETA 2026-08-22 03:03:22 UTC (in 15.2 min)
2026-08-22 02:48:17 UTC INFO    __workspace___hf__models__Llama-3_1-8B-Instruct/stage1: 1350/1800 done, 2.0s/item, elapsed 45.2 min, VRAM peak 84.4%, ETA 2026-08-22 03:03:22 UTC (in 15.1 min)
2026-08-22 02:48:26 UTC INFO    __workspace___hf__models__Llama-3_1-8B-Instruct/stage1: 1355/1800 done, 2.0s/item, elapsed 45.4 min, VRAM peak 84.4%, ETA 2026-08-22 03:03:20 UTC (in 14.9 min)
2026-08-22 02:48:36 UTC INFO    __workspace___hf__models__Llama-3_1-8B-Instruct/stage1: 1360/1800 done, 2.0s/item, elapsed 45.5 min, VRAM peak 84.4%, ETA 2026-08-22 03:03:19 UTC (in 14.7 min)
2026-08-22 02:48:44 UTC INFO    __workspace___hf__models__Llama-3_1-8B-Instruct/stage1: 1365/1800 done, 2.0s/item, elapsed 45.7 min, VRAM peak 84.4%, ETA 2026-08-22 03:03:17 UTC (in 14.6 min)
2026-08-22 02:48:55 UTC INFO    __workspace___hf__models__Llama-3_1-8B-Instruct/stage1: 1370/1800 done, 2.0s/item, elapsed 45.9 min, VRAM peak 84.4%, ETA 2026-08-22 03:03:18 UTC (in 14.4 min)
2026-08-22 02:49:06 UTC INFO    __workspace___hf__models__Llama-3_1-8B-Instruct/stage1: 1375/1800 done, 2.0s/item, elapsed 46.0 min, VRAM peak 84.4%, ETA 2026-08-22 03:03:20 UTC (in 14.2 min)
2026-08-22 02:49:20 UTC INFO    __workspace___hf__models__Llama-3_1-8B-Instruct/stage1: 1380/1800 done, 2.0s/item, elapsed 46.3 min, VRAM peak 84.9%, ETA 2026-08-22 03:03:25 UTC (in 14.1 min)
2026-08-22 02:49:31 UTC INFO    __workspace___hf__models__Llama-3_1-8B-Instruct/stage1: 1385/1800 done, 2.0s/item, elapsed 46.5 min, VRAM peak 84.9%, ETA 2026-08-22 03:03:26 UTC (in 13.9 min)
2026-08-22 02:49:40 UTC INFO    __workspace___hf__models__Llama-3_1-8B-Instruct/stage1: 1390/1800 done, 2.0s/item, elapsed 46.6 min, VRAM peak 84.9%, ETA 2026-08-22 03:03:25 UTC (in 13.7 min)
2026-08-22 02:49:50 UTC INFO    __workspace___hf__models__Llama-3_1-8B-Instruct/stage1: 1395/1800 done, 2.0s/item, elapsed 46.8 min, VRAM peak 84.9%, ETA 2026-08-22 03:03:24 UTC (in 13.6 min)
2026-08-22 02:49:59 UTC INFO    __workspace___hf__models__Llama-3_1-8B-Instruct/stage1: 1400/1800 done, 2.0s/item, elapsed 46.9 min, VRAM peak 84.9%, ETA 2026-08-22 03:03:23 UTC (in 13.4 min)
2026-08-22 02:50:07 UTC INFO    __workspace___hf__models__Llama-3_1-8B-Instruct/stage1: 1405/1800 done, 2.0s/item, elapsed 47.1 min, VRAM peak 84.9%, ETA 2026-08-22 03:03:20 UTC (in 13.2 min)
2026-08-22 02:50:16 UTC INFO    __workspace___hf__models__Llama-3_1-8B-Instruct/stage1: 1410/1800 done, 2.0s/item, elapsed 47.2 min, VRAM peak 84.9%, ETA 2026-08-22 03:03:20 UTC (in 13.1 min)
2026-08-22 02:50:25 UTC INFO    __workspace___hf__models__Llama-3_1-8B-Instruct/stage1: 1415/1800 done, 2.0s/item, elapsed 47.4 min, VRAM peak 84.9%, ETA 2026-08-22 03:03:18 UTC (in 12.9 min)
2026-08-22 02:50:34 UTC INFO    __workspace___hf__models__Llama-3_1-8B-Instruct/stage1: 1420/1800 done, 2.0s/item, elapsed 47.5 min, VRAM peak 84.9%, ETA 2026-08-22 03:03:16 UTC (in 12.7 min)
2026-08-22 02:50:44 UTC INFO    __workspace___hf__models__Llama-3_1-8B-Instruct/stage1: 1425/1800 done, 2.0s/item, elapsed 47.7 min, VRAM peak 84.9%, ETA 2026-08-22 03:03:17 UTC (in 12.5 min)
2026-08-22 02:50:54 UTC INFO    __workspace___hf__models__Llama-3_1-8B-Instruct/stage1: 1430/1800 done, 2.0s/item, elapsed 47.8 min, VRAM peak 85.4%, ETA 2026-08-22 03:03:16 UTC (in 12.4 min)
2026-08-22 02:51:03 UTC INFO    __workspace___hf__models__Llama-3_1-8B-Instruct/stage1: 1435/1800 done, 2.0s/item, elapsed 48.0 min, VRAM peak 85.4%, ETA 2026-08-22 03:03:15 UTC (in 12.2 min)
2026-08-22 02:51:12 UTC INFO    __workspace___hf__models__Llama-3_1-8B-Instruct/stage1: 1440/1800 done, 2.0s/item, elapsed 48.1 min, VRAM peak 85.4%, ETA 2026-08-22 03:03:14 UTC (in 12.0 min)
2026-08-22 02:51:21 UTC INFO    __workspace___hf__models__Llama-3_1-8B-Instruct/stage1: 1445/1800 done, 2.0s/item, elapsed 48.3 min, VRAM peak 85.4%, ETA 2026-08-22 03:03:13 UTC (in 11.9 min)
2026-08-22 02:51:31 UTC INFO    __workspace___hf__models__Llama-3_1-8B-Instruct/stage1: 1450/1800 done, 2.0s/item, elapsed 48.5 min, VRAM peak 85.4%, ETA 2026-08-22 03:03:13 UTC (in 11.7 min)
2026-08-22 02:51:40 UTC INFO    __workspace___hf__models__Llama-3_1-8B-Instruct/stage1: 1455/1800 done, 2.0s/item, elapsed 48.6 min, VRAM peak 85.4%, ETA 2026-08-22 03:03:12 UTC (in 11.5 min)
2026-08-22 02:51:49 UTC INFO    __workspace___hf__models__Llama-3_1-8B-Instruct/stage1: 1460/1800 done, 2.0s/item, elapsed 48.8 min, VRAM peak 85.4%, ETA 2026-08-22 03:03:10 UTC (in 11.4 min)
2026-08-22 02:51:57 UTC INFO    __workspace___hf__models__Llama-3_1-8B-Instruct/stage1: 1465/1800 done, 2.0s/item, elapsed 48.9 min, VRAM peak 85.4%, ETA 2026-08-22 03:03:08 UTC (in 11.2 min)
2026-08-22 02:52:06 UTC INFO    __workspace___hf__models__Llama-3_1-8B-Instruct/stage1: 1470/1800 done, 2.0s/item, elapsed 49.0 min, VRAM peak 85.4%, ETA 2026-08-22 03:03:06 UTC (in 11.0 min)
2026-08-22 02:52:15 UTC INFO    __workspace___hf__models__Llama-3_1-8B-Instruct/stage1: 1475/1800 done, 2.0s/item, elapsed 49.2 min, VRAM peak 85.4%, ETA 2026-08-22 03:03:05 UTC (in 10.8 min)
2026-08-22 02:52:25 UTC INFO    __workspace___hf__models__Llama-3_1-8B-Instruct/stage1: 1480/1800 done, 2.0s/item, elapsed 49.3 min, VRAM peak 85.4%, ETA 2026-08-22 03:03:05 UTC (in 10.7 min)
2026-08-22 02:52:37 UTC INFO    __workspace___hf__models__Llama-3_1-8B-Instruct/stage1: 1485/1800 done, 2.0s/item, elapsed 49.6 min, VRAM peak 85.4%, ETA 2026-08-22 03:03:07 UTC (in 10.5 min)
2026-08-22 02:52:47 UTC INFO    __workspace___hf__models__Llama-3_1-8B-Instruct/stage1: 1490/1800 done, 2.0s/item, elapsed 49.7 min, VRAM peak 85.4%, ETA 2026-08-22 03:03:07 UTC (in 10.3 min)
2026-08-22 02:52:57 UTC INFO    __workspace___hf__models__Llama-3_1-8B-Instruct/stage1: 1495/1800 done, 2.0s/item, elapsed 49.9 min, VRAM peak 85.4%, ETA 2026-08-22 03:03:07 UTC (in 10.2 min)
2026-08-22 02:53:06 UTC INFO    __workspace___hf__models__Llama-3_1-8B-Instruct/stage1: 1500/1800 done, 2.0s/item, elapsed 50.0 min, VRAM peak 85.4%, ETA 2026-08-22 03:03:07 UTC (in 10.0 min)
2026-08-22 02:53:15 UTC INFO    __workspace___hf__models__Llama-3_1-8B-Instruct/stage1: 1505/1800 done, 2.0s/item, elapsed 50.2 min, VRAM peak 85.4%, ETA 2026-08-22 03:03:06 UTC (in 9.8 min)
2026-08-22 02:53:25 UTC INFO    __workspace___hf__models__Llama-3_1-8B-Instruct/stage1: 1510/1800 done, 2.0s/item, elapsed 50.4 min, VRAM peak 85.4%, ETA 2026-08-22 03:03:05 UTC (in 9.7 min)
2026-08-22 02:53:36 UTC INFO    __workspace___hf__models__Llama-3_1-8B-Instruct/stage1: 1515/1800 done, 2.0s/item, elapsed 50.5 min, VRAM peak 85.4%, ETA 2026-08-22 03:03:07 UTC (in 9.5 min)
2026-08-22 02:53:45 UTC INFO    __workspace___hf__models__Llama-3_1-8B-Instruct/stage1: 1520/1800 done, 2.0s/item, elapsed 50.7 min, VRAM peak 85.4%, ETA 2026-08-22 03:03:05 UTC (in 9.3 min)
2026-08-22 02:53:56 UTC INFO    __workspace___hf__models__Llama-3_1-8B-Instruct/stage1: 1525/1800 done, 2.0s/item, elapsed 50.9 min, VRAM peak 85.4%, ETA 2026-08-22 03:03:06 UTC (in 9.2 min)
2026-08-22 02:54:08 UTC INFO    __workspace___hf__models__Llama-3_1-8B-Instruct/stage1: 1530/1800 done, 2.0s/item, elapsed 51.1 min, VRAM peak 85.4%, ETA 2026-08-22 03:03:09 UTC (in 9.0 min)
2026-08-22 02:54:20 UTC INFO    __workspace___hf__models__Llama-3_1-8B-Instruct/stage1: 1535/1800 done, 2.0s/item, elapsed 51.3 min, VRAM peak 85.4%, ETA 2026-08-22 03:03:11 UTC (in 8.9 min)
2026-08-22 02:54:29 UTC INFO    __workspace___hf__models__Llama-3_1-8B-Instruct/stage1: 1540/1800 done, 2.0s/item, elapsed 51.4 min, VRAM peak 85.4%, ETA 2026-08-22 03:03:10 UTC (in 8.7 min)
2026-08-22 02:54:38 UTC INFO    __workspace___hf__models__Llama-3_1-8B-Instruct/stage1: 1545/1800 done, 2.0s/item, elapsed 51.6 min, VRAM peak 85.4%, ETA 2026-08-22 03:03:09 UTC (in 8.5 min)
2026-08-22 02:54:48 UTC INFO    __workspace___hf__models__Llama-3_1-8B-Instruct/stage1: 1550/1800 done, 2.0s/item, elapsed 51.7 min, VRAM peak 85.4%, ETA 2026-08-22 03:03:09 UTC (in 8.3 min)
2026-08-22 02:54:56 UTC INFO    __workspace___hf__models__Llama-3_1-8B-Instruct/stage1: 1555/1800 done, 2.0s/item, elapsed 51.9 min, VRAM peak 85.4%, ETA 2026-08-22 03:03:06 UTC (in 8.2 min)
2026-08-22 02:55:06 UTC INFO    __workspace___hf__models__Llama-3_1-8B-Instruct/stage1: 1560/1800 done, 2.0s/item, elapsed 52.0 min, VRAM peak 85.4%, ETA 2026-08-22 03:03:06 UTC (in 8.0 min)
2026-08-22 02:55:14 UTC INFO    __workspace___hf__models__Llama-3_1-8B-Instruct/stage1: 1565/1800 done, 2.0s/item, elapsed 52.2 min, VRAM peak 85.4%, ETA 2026-08-22 03:03:04 UTC (in 7.8 min)
2026-08-22 02:55:23 UTC INFO    __workspace___hf__models__Llama-3_1-8B-Instruct/stage1: 1570/1800 done, 2.0s/item, elapsed 52.3 min, VRAM peak 85.4%, ETA 2026-08-22 03:03:03 UTC (in 7.7 min)
2026-08-22 02:55:33 UTC INFO    __workspace___hf__models__Llama-3_1-8B-Instruct/stage1: 1575/1800 done, 2.0s/item, elapsed 52.5 min, VRAM peak 85.4%, ETA 2026-08-22 03:03:03 UTC (in 7.5 min)
2026-08-22 02:55:42 UTC INFO    __workspace___hf__models__Llama-3_1-8B-Instruct/stage1: 1580/1800 done, 2.0s/item, elapsed 52.6 min, VRAM peak 85.4%, ETA 2026-08-22 03:03:02 UTC (in 7.3 min)
2026-08-22 02:55:52 UTC INFO    __workspace___hf__models__Llama-3_1-8B-Instruct/stage1: 1585/1800 done, 2.0s/item, elapsed 52.8 min, VRAM peak 85.4%, ETA 2026-08-22 03:03:01 UTC (in 7.2 min)
2026-08-22 02:56:01 UTC INFO    __workspace___hf__models__Llama-3_1-8B-Instruct/stage1: 1590/1800 done, 2.0s/item, elapsed 53.0 min, VRAM peak 85.4%, ETA 2026-08-22 03:03:01 UTC (in 7.0 min)
2026-08-22 02:56:14 UTC INFO    __workspace___hf__models__Llama-3_1-8B-Instruct/stage1: 1595/1800 done, 2.0s/item, elapsed 53.2 min, VRAM peak 85.9%, ETA 2026-08-22 03:03:04 UTC (in 6.8 min)
2026-08-22 02:56:24 UTC INFO    __workspace___hf__models__Llama-3_1-8B-Instruct/stage1: 1600/1800 done, 2.0s/item, elapsed 53.3 min, VRAM peak 85.9%, ETA 2026-08-22 03:03:04 UTC (in 6.7 min)
2026-08-22 02:56:38 UTC INFO    __workspace___hf__models__Llama-3_1-8B-Instruct/stage1: 1605/1800 done, 2.0s/item, elapsed 53.6 min, VRAM peak 85.9%, ETA 2026-08-22 03:03:09 UTC (in 6.5 min)
2026-08-22 02:56:48 UTC INFO    __workspace___hf__models__Llama-3_1-8B-Instruct/stage1: 1610/1800 done, 2.0s/item, elapsed 53.7 min, VRAM peak 85.9%, ETA 2026-08-22 03:03:08 UTC (in 6.3 min)
2026-08-22 02:56:58 UTC INFO    __workspace___hf__models__Llama-3_1-8B-Instruct/stage1: 1615/1800 done, 2.0s/item, elapsed 53.9 min, VRAM peak 85.9%, ETA 2026-08-22 03:03:08 UTC (in 6.2 min)
2026-08-22 02:57:07 UTC INFO    __workspace___hf__models__Llama-3_1-8B-Instruct/stage1: 1620/1800 done, 2.0s/item, elapsed 54.1 min, VRAM peak 85.9%, ETA 2026-08-22 03:03:07 UTC (in 6.0 min)
2026-08-22 02:57:16 UTC INFO    __workspace___hf__models__Llama-3_1-8B-Instruct/stage1: 1625/1800 done, 2.0s/item, elapsed 54.2 min, VRAM peak 85.9%, ETA 2026-08-22 03:03:06 UTC (in 5.8 min)
2026-08-22 02:57:25 UTC INFO    __workspace___hf__models__Llama-3_1-8B-Instruct/stage1: 1630/1800 done, 2.0s/item, elapsed 54.4 min, VRAM peak 85.9%, ETA 2026-08-22 03:03:05 UTC (in 5.7 min)
2026-08-22 02:57:33 UTC INFO    __workspace___hf__models__Llama-3_1-8B-Instruct/stage1: 1635/1800 done, 2.0s/item, elapsed 54.5 min, VRAM peak 85.9%, ETA 2026-08-22 03:03:03 UTC (in 5.5 min)
2026-08-22 02:57:43 UTC INFO    __workspace___hf__models__Llama-3_1-8B-Instruct/stage1: 1640/1800 done, 2.0s/item, elapsed 54.6 min, VRAM peak 85.9%, ETA 2026-08-22 03:03:03 UTC (in 5.3 min)
2026-08-22 02:57:53 UTC INFO    __workspace___hf__models__Llama-3_1-8B-Instruct/stage1: 1645/1800 done, 2.0s/item, elapsed 54.8 min, VRAM peak 85.9%, ETA 2026-08-22 03:03:02 UTC (in 5.2 min)
2026-08-22 02:58:02 UTC INFO    __workspace___hf__models__Llama-3_1-8B-Instruct/stage1: 1650/1800 done, 2.0s/item, elapsed 55.0 min, VRAM peak 85.9%, ETA 2026-08-22 03:03:02 UTC (in 5.0 min)
2026-08-22 02:58:14 UTC INFO    __workspace___hf__models__Llama-3_1-8B-Instruct/stage1: 1655/1800 done, 2.0s/item, elapsed 55.2 min, VRAM peak 85.9%, ETA 2026-08-22 03:03:04 UTC (in 4.8 min)
2026-08-22 02:58:22 UTC INFO    __workspace___hf__models__Llama-3_1-8B-Instruct/stage1: 1660/1800 done, 2.0s/item, elapsed 55.3 min, VRAM peak 85.9%, ETA 2026-08-22 03:03:02 UTC (in 4.7 min)
2026-08-22 02:58:33 UTC INFO    __workspace___hf__models__Llama-3_1-8B-Instruct/stage1: 1665/1800 done, 2.0s/item, elapsed 55.5 min, VRAM peak 85.9%, ETA 2026-08-22 03:03:03 UTC (in 4.5 min)
2026-08-22 02:58:43 UTC INFO    __workspace___hf__models__Llama-3_1-8B-Instruct/stage1: 1670/1800 done, 2.0s/item, elapsed 55.7 min, VRAM peak 85.9%, ETA 2026-08-22 03:03:03 UTC (in 4.3 min)
2026-08-22 02:58:53 UTC INFO    __workspace___hf__models__Llama-3_1-8B-Instruct/stage1: 1675/1800 done, 2.0s/item, elapsed 55.8 min, VRAM peak 85.9%, ETA 2026-08-22 03:03:03 UTC (in 4.2 min)
2026-08-22 02:59:02 UTC INFO    __workspace___hf__models__Llama-3_1-8B-Instruct/stage1: 1680/1800 done, 2.0s/item, elapsed 56.0 min, VRAM peak 85.9%, ETA 2026-08-22 03:03:02 UTC (in 4.0 min)
2026-08-22 02:59:11 UTC INFO    __workspace___hf__models__Llama-3_1-8B-Instruct/stage1: 1685/1800 done, 2.0s/item, elapsed 56.1 min, VRAM peak 85.9%, ETA 2026-08-22 03:03:01 UTC (in 3.8 min)
2026-08-22 02:59:25 UTC INFO    __workspace___hf__models__Llama-3_1-8B-Instruct/stage1: 1690/1800 done, 2.0s/item, elapsed 56.4 min, VRAM peak 85.9%, ETA 2026-08-22 03:03:05 UTC (in 3.7 min)
2026-08-22 02:59:34 UTC INFO    __workspace___hf__models__Llama-3_1-8B-Instruct/stage1: 1695/1800 done, 2.0s/item, elapsed 56.5 min, VRAM peak 85.9%, ETA 2026-08-22 03:03:04 UTC (in 3.5 min)
2026-08-22 02:59:42 UTC INFO    __workspace___hf__models__Llama-3_1-8B-Instruct/stage1: 1700/1800 done, 2.0s/item, elapsed 56.6 min, VRAM peak 85.9%, ETA 2026-08-22 03:03:02 UTC (in 3.3 min)
2026-08-22 02:59:53 UTC INFO    __workspace___hf__models__Llama-3_1-8B-Instruct/stage1: 1705/1800 done, 2.0s/item, elapsed 56.8 min, VRAM peak 85.9%, ETA 2026-08-22 03:03:03 UTC (in 3.2 min)
2026-08-22 03:00:02 UTC INFO    __workspace___hf__models__Llama-3_1-8B-Instruct/stage1: 1710/1800 done, 2.0s/item, elapsed 57.0 min, VRAM peak 85.9%, ETA 2026-08-22 03:03:02 UTC (in 3.0 min)
2026-08-22 03:00:12 UTC INFO    __workspace___hf__models__Llama-3_1-8B-Instruct/stage1: 1715/1800 done, 2.0s/item, elapsed 57.1 min, VRAM peak 85.9%, ETA 2026-08-22 03:03:02 UTC (in 2.8 min)
2026-08-22 03:00:22 UTC INFO    __workspace___hf__models__Llama-3_1-8B-Instruct/stage1: 1720/1800 done, 2.0s/item, elapsed 57.3 min, VRAM peak 85.9%, ETA 2026-08-22 03:03:02 UTC (in 2.7 min)
2026-08-22 03:00:31 UTC INFO    __workspace___hf__models__Llama-3_1-8B-Instruct/stage1: 1725/1800 done, 2.0s/item, elapsed 57.5 min, VRAM peak 85.9%, ETA 2026-08-22 03:03:01 UTC (in 2.5 min)
2026-08-22 03:00:40 UTC INFO    __workspace___hf__models__Llama-3_1-8B-Instruct/stage1: 1730/1800 done, 2.0s/item, elapsed 57.6 min, VRAM peak 85.9%, ETA 2026-08-22 03:03:00 UTC (in 2.3 min)
2026-08-22 03:00:50 UTC INFO    __workspace___hf__models__Llama-3_1-8B-Instruct/stage1: 1735/1800 done, 2.0s/item, elapsed 57.8 min, VRAM peak 85.9%, ETA 2026-08-22 03:03:00 UTC (in 2.2 min)
2026-08-22 03:01:00 UTC INFO    __workspace___hf__models__Llama-3_1-8B-Instruct/stage1: 1740/1800 done, 2.0s/item, elapsed 57.9 min, VRAM peak 85.9%, ETA 2026-08-22 03:03:00 UTC (in 2.0 min)
2026-08-22 03:01:13 UTC INFO    __workspace___hf__models__Llama-3_1-8B-Instruct/stage1: 1745/1800 done, 2.0s/item, elapsed 58.2 min, VRAM peak 85.9%, ETA 2026-08-22 03:03:03 UTC (in 1.8 min)
2026-08-22 03:01:24 UTC INFO    __workspace___hf__models__Llama-3_1-8B-Instruct/stage1: 1750/1800 done, 2.0s/item, elapsed 58.3 min, VRAM peak 85.9%, ETA 2026-08-22 03:03:04 UTC (in 1.7 min)
2026-08-22 03:01:34 UTC INFO    __workspace___hf__models__Llama-3_1-8B-Instruct/stage1: 1755/1800 done, 2.0s/item, elapsed 58.5 min, VRAM peak 85.9%, ETA 2026-08-22 03:03:04 UTC (in 1.5 min)
2026-08-22 03:01:42 UTC INFO    __workspace___hf__models__Llama-3_1-8B-Instruct/stage1: 1760/1800 done, 2.0s/item, elapsed 58.6 min, VRAM peak 85.9%, ETA 2026-08-22 03:03:02 UTC (in 1.3 min)
2026-08-22 03:01:51 UTC INFO    __workspace___hf__models__Llama-3_1-8B-Instruct/stage1: 1765/1800 done, 2.0s/item, elapsed 58.8 min, VRAM peak 85.9%, ETA 2026-08-22 03:03:01 UTC (in 1.2 min)
2026-08-22 03:02:02 UTC INFO    __workspace___hf__models__Llama-3_1-8B-Instruct/stage1: 1770/1800 done, 2.0s/item, elapsed 59.0 min, VRAM peak 85.9%, ETA 2026-08-22 03:03:02 UTC (in 1.0 min)
2026-08-22 03:02:11 UTC INFO    __workspace___hf__models__Llama-3_1-8B-Instruct/stage1: 1775/1800 done, 2.0s/item, elapsed 59.1 min, VRAM peak 85.9%, ETA 2026-08-22 03:03:01 UTC (in 0.8 min)
2026-08-22 03:02:20 UTC INFO    __workspace___hf__models__Llama-3_1-8B-Instruct/stage1: 1780/1800 done, 2.0s/item, elapsed 59.3 min, VRAM peak 85.9%, ETA 2026-08-22 03:03:00 UTC (in 0.7 min)
2026-08-22 03:02:30 UTC INFO    __workspace___hf__models__Llama-3_1-8B-Instruct/stage1: 1785/1800 done, 2.0s/item, elapsed 59.4 min, VRAM peak 85.9%, ETA 2026-08-22 03:03:00 UTC (in 0.5 min)
2026-08-22 03:02:41 UTC INFO    __workspace___hf__models__Llama-3_1-8B-Instruct/stage1: 1790/1800 done, 2.0s/item, elapsed 59.6 min, VRAM peak 85.9%, ETA 2026-08-22 03:03:01 UTC (in 0.3 min)
2026-08-22 03:02:50 UTC INFO    __workspace___hf__models__Llama-3_1-8B-Instruct/stage1: 1795/1800 done, 2.0s/item, elapsed 59.8 min, VRAM peak 85.9%, ETA 2026-08-22 03:03:00 UTC (in 0.2 min)
2026-08-22 03:03:00 UTC INFO    __workspace___hf__models__Llama-3_1-8B-Instruct/stage1: 1800/1800 done, 2.0s/item, elapsed 59.9 min, VRAM peak 85.9%, ETA 2026-08-22 03:03:00 UTC (in 0.0 min)
2026-08-22 03:03:00 UTC INFO    GPU ledger: +3596.7s for __workspace___hf__models__Llama-3_1-8B-Instruct/stage1, cumulative 50697.0s (14.08 h, 70.4% of the 20 h allowance)
2026-08-22 03:03:00 UTC INFO    /workspace/.hf/models/Llama-3.1-8B-Instruct stage1: {"items": 1800, "unreadable_choice": 111, "usable": 396, "abort_reason": null, "elapsed_min": 59.95, "vram_peak_pct": 85.9}
2026-08-22 03:03:20 UTC INFO    /workspace/.hf/models/Llama-3.1-8B-Instruct stage2: {"attempted": 396, "built": 192, "dropped": 204, "search_cap_hit": 238}
2026-08-22 03:03:30 UTC INFO    __workspace___hf__models__Llama-3_1-8B-Instruct/stage3: 10/1920 done, 1.0s/item, elapsed 0.2 min, VRAM peak 85.9%, ETA 2026-08-22 03:36:44 UTC (in 33.2 min)
2026-08-22 03:03:40 UTC INFO    __workspace___hf__models__Llama-3_1-8B-Instruct/stage3: 20/1920 done, 1.0s/item, elapsed 0.3 min, VRAM peak 85.9%, ETA 2026-08-22 03:35:08 UTC (in 31.5 min)
2026-08-22 03:03:50 UTC INFO    __workspace___hf__models__Llama-3_1-8B-Instruct/stage3: 30/1920 done, 1.0s/item, elapsed 0.5 min, VRAM peak 85.9%, ETA 2026-08-22 03:35:31 UTC (in 31.7 min)
2026-08-22 03:04:01 UTC INFO    __workspace___hf__models__Llama-3_1-8B-Instruct/stage3: 40/1920 done, 1.0s/item, elapsed 0.7 min, VRAM peak 85.9%, ETA 2026-08-22 03:36:02 UTC (in 32.0 min)
2026-08-22 03:04:14 UTC INFO    __workspace___hf__models__Llama-3_1-8B-Instruct/stage3: 50/1920 done, 1.1s/item, elapsed 0.9 min, VRAM peak 85.9%, ETA 2026-08-22 03:37:36 UTC (in 33.4 min)
2026-08-22 03:04:23 UTC INFO    __workspace___hf__models__Llama-3_1-8B-Instruct/stage3: 60/1920 done, 1.0s/item, elapsed 1.0 min, VRAM peak 85.9%, ETA 2026-08-22 03:36:41 UTC (in 32.3 min)
2026-08-22 03:04:34 UTC INFO    __workspace___hf__models__Llama-3_1-8B-Instruct/stage3: 70/1920 done, 1.1s/item, elapsed 1.2 min, VRAM peak 85.9%, ETA 2026-08-22 03:37:16 UTC (in 32.7 min)
2026-08-22 03:04:44 UTC INFO    __workspace___hf__models__Llama-3_1-8B-Instruct/stage3: 80/1920 done, 1.0s/item, elapsed 1.4 min, VRAM peak 85.9%, ETA 2026-08-22 03:36:49 UTC (in 32.1 min)
2026-08-22 03:04:55 UTC INFO    __workspace___hf__models__Llama-3_1-8B-Instruct/stage3: 90/1920 done, 1.1s/item, elapsed 1.6 min, VRAM peak 85.9%, ETA 2026-08-22 03:37:14 UTC (in 32.3 min)
2026-08-22 03:05:05 UTC INFO    __workspace___hf__models__Llama-3_1-8B-Instruct/stage3: 100/1920 done, 1.0s/item, elapsed 1.7 min, VRAM peak 85.9%, ETA 2026-08-22 03:36:51 UTC (in 31.8 min)
2026-08-22 03:05:15 UTC INFO    __workspace___hf__models__Llama-3_1-8B-Instruct/stage3: 110/1920 done, 1.0s/item, elapsed 1.9 min, VRAM peak 85.9%, ETA 2026-08-22 03:36:41 UTC (in 31.4 min)
2026-08-22 03:05:27 UTC INFO    __workspace___hf__models__Llama-3_1-8B-Instruct/stage3: 120/1920 done, 1.1s/item, elapsed 2.1 min, VRAM peak 85.9%, ETA 2026-08-22 03:37:15 UTC (in 31.8 min)
2026-08-22 03:05:37 UTC INFO    __workspace___hf__models__Llama-3_1-8B-Instruct/stage3: 130/1920 done, 1.1s/item, elapsed 2.3 min, VRAM peak 85.9%, ETA 2026-08-22 03:37:07 UTC (in 31.5 min)
2026-08-22 03:05:48 UTC INFO    __workspace___hf__models__Llama-3_1-8B-Instruct/stage3: 140/1920 done, 1.1s/item, elapsed 2.5 min, VRAM peak 85.9%, ETA 2026-08-22 03:37:10 UTC (in 31.4 min)
2026-08-22 03:06:01 UTC INFO    __workspace___hf__models__Llama-3_1-8B-Instruct/stage3: 150/1920 done, 1.1s/item, elapsed 2.7 min, VRAM peak 85.9%, ETA 2026-08-22 03:37:46 UTC (in 31.7 min)
2026-08-22 03:06:12 UTC INFO    __workspace___hf__models__Llama-3_1-8B-Instruct/stage3: 160/1920 done, 1.1s/item, elapsed 2.9 min, VRAM peak 85.9%, ETA 2026-08-22 03:37:44 UTC (in 31.5 min)
2026-08-22 03:06:26 UTC INFO    __workspace___hf__models__Llama-3_1-8B-Instruct/stage3: 170/1920 done, 1.1s/item, elapsed 3.1 min, VRAM peak 85.9%, ETA 2026-08-22 03:38:17 UTC (in 31.9 min)
2026-08-22 03:06:35 UTC INFO    __workspace___hf__models__Llama-3_1-8B-Instruct/stage3: 180/1920 done, 1.1s/item, elapsed 3.2 min, VRAM peak 85.9%, ETA 2026-08-22 03:37:59 UTC (in 31.4 min)
2026-08-22 03:06:47 UTC INFO    __workspace___hf__models__Llama-3_1-8B-Instruct/stage3: 190/1920 done, 1.1s/item, elapsed 3.4 min, VRAM peak 85.9%, ETA 2026-08-22 03:38:07 UTC (in 31.3 min)
2026-08-22 03:07:00 UTC INFO    __workspace___hf__models__Llama-3_1-8B-Instruct/stage3: 200/1920 done, 1.1s/item, elapsed 3.7 min, VRAM peak 85.9%, ETA 2026-08-22 03:38:28 UTC (in 31.5 min)
2026-08-22 03:07:10 UTC INFO    __workspace___hf__models__Llama-3_1-8B-Instruct/stage3: 210/1920 done, 1.1s/item, elapsed 3.8 min, VRAM peak 85.9%, ETA 2026-08-22 03:38:21 UTC (in 31.2 min)
2026-08-22 03:07:36 UTC INFO    __workspace___hf__models__Llama-3_1-8B-Instruct/stage3: 220/1920 done, 1.2s/item, elapsed 4.3 min, VRAM peak 85.9%, ETA 2026-08-22 03:40:31 UTC (in 32.9 min)
2026-08-22 03:07:48 UTC INFO    __workspace___hf__models__Llama-3_1-8B-Instruct/stage3: 230/1920 done, 1.2s/item, elapsed 4.5 min, VRAM peak 85.9%, ETA 2026-08-22 03:40:35 UTC (in 32.8 min)
2026-08-22 03:07:59 UTC INFO    __workspace___hf__models__Llama-3_1-8B-Instruct/stage3: 240/1920 done, 1.2s/item, elapsed 4.6 min, VRAM peak 85.9%, ETA 2026-08-22 03:40:30 UTC (in 32.5 min)
2026-08-22 03:08:08 UTC INFO    __workspace___hf__models__Llama-3_1-8B-Instruct/stage3: 250/1920 done, 1.2s/item, elapsed 4.8 min, VRAM peak 85.9%, ETA 2026-08-22 03:40:11 UTC (in 32.1 min)
2026-08-22 03:08:21 UTC INFO    __workspace___hf__models__Llama-3_1-8B-Instruct/stage3: 260/1920 done, 1.2s/item, elapsed 5.0 min, VRAM peak 85.9%, ETA 2026-08-22 03:40:22 UTC (in 32.0 min)
2026-08-22 03:08:31 UTC INFO    __workspace___hf__models__Llama-3_1-8B-Instruct/stage3: 270/1920 done, 1.2s/item, elapsed 5.2 min, VRAM peak 85.9%, ETA 2026-08-22 03:40:12 UTC (in 31.7 min)
2026-08-22 03:08:47 UTC INFO    __workspace___hf__models__Llama-3_1-8B-Instruct/stage3: 280/1920 done, 1.2s/item, elapsed 5.4 min, VRAM peak 85.9%, ETA 2026-08-22 03:40:40 UTC (in 31.9 min)
2026-08-22 03:08:58 UTC INFO    __workspace___hf__models__Llama-3_1-8B-Instruct/stage3: 290/1920 done, 1.2s/item, elapsed 5.6 min, VRAM peak 85.9%, ETA 2026-08-22 03:40:39 UTC (in 31.7 min)
2026-08-22 03:09:10 UTC INFO    __workspace___hf__models__Llama-3_1-8B-Instruct/stage3: 300/1920 done, 1.2s/item, elapsed 5.8 min, VRAM peak 85.9%, ETA 2026-08-22 03:40:37 UTC (in 31.5 min)
2026-08-22 03:09:19 UTC INFO    __workspace___hf__models__Llama-3_1-8B-Instruct/stage3: 310/1920 done, 1.2s/item, elapsed 6.0 min, VRAM peak 85.9%, ETA 2026-08-22 03:40:24 UTC (in 31.1 min)
2026-08-22 03:09:31 UTC INFO    __workspace___hf__models__Llama-3_1-8B-Instruct/stage3: 320/1920 done, 1.2s/item, elapsed 6.2 min, VRAM peak 85.9%, ETA 2026-08-22 03:40:26 UTC (in 30.9 min)
2026-08-22 03:09:42 UTC INFO    __workspace___hf__models__Llama-3_1-8B-Instruct/stage3: 330/1920 done, 1.2s/item, elapsed 6.4 min, VRAM peak 85.9%, ETA 2026-08-22 03:40:25 UTC (in 30.7 min)
2026-08-22 03:09:53 UTC INFO    __workspace___hf__models__Llama-3_1-8B-Instruct/stage3: 340/1920 done, 1.2s/item, elapsed 6.5 min, VRAM peak 85.9%, ETA 2026-08-22 03:40:17 UTC (in 30.4 min)
2026-08-22 03:10:04 UTC INFO    __workspace___hf__models__Llama-3_1-8B-Instruct/stage3: 350/1920 done, 1.2s/item, elapsed 6.7 min, VRAM peak 85.9%, ETA 2026-08-22 03:40:15 UTC (in 30.2 min)
2026-08-22 03:10:17 UTC INFO    __workspace___hf__models__Llama-3_1-8B-Instruct/stage3: 360/1920 done, 1.2s/item, elapsed 6.9 min, VRAM peak 85.9%, ETA 2026-08-22 03:40:21 UTC (in 30.1 min)
2026-08-22 03:10:28 UTC INFO    __workspace___hf__models__Llama-3_1-8B-Instruct/stage3: 370/1920 done, 1.2s/item, elapsed 7.1 min, VRAM peak 85.9%, ETA 2026-08-22 03:40:20 UTC (in 29.9 min)
2026-08-22 03:10:37 UTC INFO    __workspace___hf__models__Llama-3_1-8B-Instruct/stage3: 380/1920 done, 1.1s/item, elapsed 7.3 min, VRAM peak 85.9%, ETA 2026-08-22 03:40:08 UTC (in 29.5 min)
2026-08-22 03:10:47 UTC INFO    __workspace___hf__models__Llama-3_1-8B-Instruct/stage3: 390/1920 done, 1.1s/item, elapsed 7.4 min, VRAM peak 85.9%, ETA 2026-08-22 03:40:00 UTC (in 29.2 min)
2026-08-22 03:10:58 UTC INFO    __workspace___hf__models__Llama-3_1-8B-Instruct/stage3: 400/1920 done, 1.1s/item, elapsed 7.6 min, VRAM peak 85.9%, ETA 2026-08-22 03:40:01 UTC (in 29.0 min)
2026-08-22 03:11:12 UTC INFO    __workspace___hf__models__Llama-3_1-8B-Instruct/stage3: 410/1920 done, 1.2s/item, elapsed 7.9 min, VRAM peak 85.9%, ETA 2026-08-22 03:40:08 UTC (in 28.9 min)
2026-08-22 03:11:28 UTC INFO    __workspace___hf__models__Llama-3_1-8B-Instruct/stage3: 420/1920 done, 1.2s/item, elapsed 8.1 min, VRAM peak 85.9%, ETA 2026-08-22 03:40:31 UTC (in 29.1 min)
2026-08-22 03:11:38 UTC INFO    __workspace___hf__models__Llama-3_1-8B-Instruct/stage3: 430/1920 done, 1.2s/item, elapsed 8.3 min, VRAM peak 85.9%, ETA 2026-08-22 03:40:24 UTC (in 28.8 min)
2026-08-22 03:11:44 UTC INFO    __workspace___hf__models__Llama-3_1-8B-Instruct/stage3: 440/1920 done, 1.1s/item, elapsed 8.4 min, VRAM peak 85.9%, ETA 2026-08-22 03:40:01 UTC (in 28.3 min)
2026-08-22 03:11:58 UTC INFO    __workspace___hf__models__Llama-3_1-8B-Instruct/stage3: 450/1920 done, 1.2s/item, elapsed 8.6 min, VRAM peak 85.9%, ETA 2026-08-22 03:40:10 UTC (in 28.2 min)
2026-08-22 03:12:07 UTC INFO    __workspace___hf__models__Llama-3_1-8B-Instruct/stage3: 460/1920 done, 1.1s/item, elapsed 8.8 min, VRAM peak 85.9%, ETA 2026-08-22 03:40:00 UTC (in 27.9 min)
2026-08-22 03:12:19 UTC INFO    __workspace___hf__models__Llama-3_1-8B-Instruct/stage3: 470/1920 done, 1.1s/item, elapsed 9.0 min, VRAM peak 85.9%, ETA 2026-08-22 03:40:03 UTC (in 27.7 min)
2026-08-22 03:12:31 UTC INFO    __workspace___hf__models__Llama-3_1-8B-Instruct/stage3: 480/1920 done, 1.1s/item, elapsed 9.2 min, VRAM peak 85.9%, ETA 2026-08-22 03:40:03 UTC (in 27.5 min)
2026-08-22 03:12:43 UTC INFO    __workspace___hf__models__Llama-3_1-8B-Instruct/stage3: 490/1920 done, 1.1s/item, elapsed 9.4 min, VRAM peak 85.9%, ETA 2026-08-22 03:40:05 UTC (in 27.4 min)
2026-08-22 03:12:53 UTC INFO    __workspace___hf__models__Llama-3_1-8B-Instruct/stage3: 500/1920 done, 1.1s/item, elapsed 9.6 min, VRAM peak 85.9%, ETA 2026-08-22 03:40:01 UTC (in 27.1 min)
2026-08-22 03:13:02 UTC INFO    __workspace___hf__models__Llama-3_1-8B-Instruct/stage3: 510/1920 done, 1.1s/item, elapsed 9.7 min, VRAM peak 85.9%, ETA 2026-08-22 03:39:49 UTC (in 26.8 min)
2026-08-22 03:13:13 UTC INFO    __workspace___hf__models__Llama-3_1-8B-Instruct/stage3: 520/1920 done, 1.1s/item, elapsed 9.9 min, VRAM peak 85.9%, ETA 2026-08-22 03:39:48 UTC (in 26.6 min)
2026-08-22 03:13:21 UTC INFO    __workspace___hf__models__Llama-3_1-8B-Instruct/stage3: 530/1920 done, 1.1s/item, elapsed 10.0 min, VRAM peak 85.9%, ETA 2026-08-22 03:39:39 UTC (in 26.3 min)
2026-08-22 03:13:35 UTC INFO    __workspace___hf__models__Llama-3_1-8B-Instruct/stage3: 540/1920 done, 1.1s/item, elapsed 10.2 min, VRAM peak 85.9%, ETA 2026-08-22 03:39:46 UTC (in 26.2 min)
2026-08-22 03:13:47 UTC INFO    __workspace___hf__models__Llama-3_1-8B-Instruct/stage3: 550/1920 done, 1.1s/item, elapsed 10.4 min, VRAM peak 85.9%, ETA 2026-08-22 03:39:48 UTC (in 26.0 min)
2026-08-22 03:13:56 UTC INFO    __workspace___hf__models__Llama-3_1-8B-Instruct/stage3: 560/1920 done, 1.1s/item, elapsed 10.6 min, VRAM peak 85.9%, ETA 2026-08-22 03:39:41 UTC (in 25.8 min)
2026-08-22 03:14:07 UTC INFO    __workspace___hf__models__Llama-3_1-8B-Instruct/stage3: 570/1920 done, 1.1s/item, elapsed 10.8 min, VRAM peak 85.9%, ETA 2026-08-22 03:39:40 UTC (in 25.5 min)
2026-08-22 03:14:17 UTC INFO    __workspace___hf__models__Llama-3_1-8B-Instruct/stage3: 580/1920 done, 1.1s/item, elapsed 10.9 min, VRAM peak 85.9%, ETA 2026-08-22 03:39:34 UTC (in 25.3 min)
2026-08-22 03:14:26 UTC INFO    __workspace___hf__models__Llama-3_1-8B-Instruct/stage3: 590/1920 done, 1.1s/item, elapsed 11.1 min, VRAM peak 85.9%, ETA 2026-08-22 03:39:26 UTC (in 25.0 min)
2026-08-22 03:14:38 UTC INFO    __workspace___hf__models__Llama-3_1-8B-Instruct/stage3: 600/1920 done, 1.1s/item, elapsed 11.3 min, VRAM peak 85.9%, ETA 2026-08-22 03:39:29 UTC (in 24.8 min)
2026-08-22 03:14:48 UTC INFO    __workspace___hf__models__Llama-3_1-8B-Instruct/stage3: 610/1920 done, 1.1s/item, elapsed 11.5 min, VRAM peak 85.9%, ETA 2026-08-22 03:39:25 UTC (in 24.6 min)
2026-08-22 03:14:59 UTC INFO    __workspace___hf__models__Llama-3_1-8B-Instruct/stage3: 620/1920 done, 1.1s/item, elapsed 11.6 min, VRAM peak 85.9%, ETA 2026-08-22 03:39:25 UTC (in 24.4 min)
2026-08-22 03:15:13 UTC INFO    __workspace___hf__models__Llama-3_1-8B-Instruct/stage3: 630/1920 done, 1.1s/item, elapsed 11.9 min, VRAM peak 85.9%, ETA 2026-08-22 03:39:32 UTC (in 24.3 min)
2026-08-22 03:15:23 UTC INFO    __workspace___hf__models__Llama-3_1-8B-Instruct/stage3: 640/1920 done, 1.1s/item, elapsed 12.1 min, VRAM peak 85.9%, ETA 2026-08-22 03:39:30 UTC (in 24.1 min)
2026-08-22 03:15:36 UTC INFO    __workspace___hf__models__Llama-3_1-8B-Instruct/stage3: 650/1920 done, 1.1s/item, elapsed 12.3 min, VRAM peak 85.9%, ETA 2026-08-22 03:39:33 UTC (in 24.0 min)
2026-08-22 03:15:46 UTC INFO    __workspace___hf__models__Llama-3_1-8B-Instruct/stage3: 660/1920 done, 1.1s/item, elapsed 12.4 min, VRAM peak 85.9%, ETA 2026-08-22 03:39:29 UTC (in 23.7 min)
2026-08-22 03:15:56 UTC INFO    __workspace___hf__models__Llama-3_1-8B-Instruct/stage3: 670/1920 done, 1.1s/item, elapsed 12.6 min, VRAM peak 85.9%, ETA 2026-08-22 03:39:26 UTC (in 23.5 min)
2026-08-22 03:16:06 UTC INFO    __workspace___hf__models__Llama-3_1-8B-Instruct/stage3: 680/1920 done, 1.1s/item, elapsed 12.8 min, VRAM peak 85.9%, ETA 2026-08-22 03:39:22 UTC (in 23.3 min)
2026-08-22 03:16:16 UTC INFO    __workspace___hf__models__Llama-3_1-8B-Instruct/stage3: 690/1920 done, 1.1s/item, elapsed 12.9 min, VRAM peak 85.9%, ETA 2026-08-22 03:39:19 UTC (in 23.1 min)
2026-08-22 03:16:24 UTC INFO    __workspace___hf__models__Llama-3_1-8B-Instruct/stage3: 700/1920 done, 1.1s/item, elapsed 13.1 min, VRAM peak 85.9%, ETA 2026-08-22 03:39:11 UTC (in 22.8 min)
2026-08-22 03:16:34 UTC INFO    __workspace___hf__models__Llama-3_1-8B-Instruct/stage3: 710/1920 done, 1.1s/item, elapsed 13.2 min, VRAM peak 85.9%, ETA 2026-08-22 03:39:08 UTC (in 22.6 min)
2026-08-22 03:16:42 UTC INFO    __workspace___hf__models__Llama-3_1-8B-Instruct/stage3: 720/1920 done, 1.1s/item, elapsed 13.4 min, VRAM peak 85.9%, ETA 2026-08-22 03:38:59 UTC (in 22.3 min)
2026-08-22 03:16:52 UTC INFO    __workspace___hf__models__Llama-3_1-8B-Instruct/stage3: 730/1920 done, 1.1s/item, elapsed 13.5 min, VRAM peak 85.9%, ETA 2026-08-22 03:38:56 UTC (in 22.1 min)
2026-08-22 03:17:04 UTC INFO    __workspace___hf__models__Llama-3_1-8B-Instruct/stage3: 740/1920 done, 1.1s/item, elapsed 13.7 min, VRAM peak 85.9%, ETA 2026-08-22 03:38:57 UTC (in 21.9 min)
2026-08-22 03:17:15 UTC INFO    __workspace___hf__models__Llama-3_1-8B-Instruct/stage3: 750/1920 done, 1.1s/item, elapsed 13.9 min, VRAM peak 85.9%, ETA 2026-08-22 03:38:58 UTC (in 21.7 min)
2026-08-22 03:17:25 UTC INFO    __workspace___hf__models__Llama-3_1-8B-Instruct/stage3: 760/1920 done, 1.1s/item, elapsed 14.1 min, VRAM peak 85.9%, ETA 2026-08-22 03:38:55 UTC (in 21.5 min)
2026-08-22 03:17:37 UTC INFO    __workspace___hf__models__Llama-3_1-8B-Instruct/stage3: 770/1920 done, 1.1s/item, elapsed 14.3 min, VRAM peak 85.9%, ETA 2026-08-22 03:38:58 UTC (in 21.3 min)
2026-08-22 03:17:53 UTC INFO    __workspace___hf__models__Llama-3_1-8B-Instruct/stage3: 780/1920 done, 1.1s/item, elapsed 14.6 min, VRAM peak 85.9%, ETA 2026-08-22 03:39:09 UTC (in 21.3 min)
2026-08-22 03:18:05 UTC INFO    __workspace___hf__models__Llama-3_1-8B-Instruct/stage3: 790/1920 done, 1.1s/item, elapsed 14.7 min, VRAM peak 85.9%, ETA 2026-08-22 03:39:11 UTC (in 21.1 min)
2026-08-22 03:18:14 UTC INFO    __workspace___hf__models__Llama-3_1-8B-Instruct/stage3: 800/1920 done, 1.1s/item, elapsed 14.9 min, VRAM peak 85.9%, ETA 2026-08-22 03:39:06 UTC (in 20.9 min)
2026-08-22 03:18:24 UTC INFO    __workspace___hf__models__Llama-3_1-8B-Instruct/stage3: 810/1920 done, 1.1s/item, elapsed 15.1 min, VRAM peak 85.9%, ETA 2026-08-22 03:39:02 UTC (in 20.6 min)
2026-08-22 03:18:34 UTC INFO    __workspace___hf__models__Llama-3_1-8B-Instruct/stage3: 820/1920 done, 1.1s/item, elapsed 15.2 min, VRAM peak 85.9%, ETA 2026-08-22 03:39:01 UTC (in 20.4 min)
2026-08-22 03:18:44 UTC INFO    __workspace___hf__models__Llama-3_1-8B-Instruct/stage3: 830/1920 done, 1.1s/item, elapsed 15.4 min, VRAM peak 85.9%, ETA 2026-08-22 03:38:58 UTC (in 20.2 min)
2026-08-22 03:18:56 UTC INFO    __workspace___hf__models__Llama-3_1-8B-Instruct/stage3: 840/1920 done, 1.1s/item, elapsed 15.6 min, VRAM peak 85.9%, ETA 2026-08-22 03:39:00 UTC (in 20.1 min)
2026-08-22 03:19:07 UTC INFO    __workspace___hf__models__Llama-3_1-8B-Instruct/stage3: 850/1920 done, 1.1s/item, elapsed 15.8 min, VRAM peak 85.9%, ETA 2026-08-22 03:38:59 UTC (in 19.9 min)
2026-08-22 03:19:17 UTC INFO    __workspace___hf__models__Llama-3_1-8B-Instruct/stage3: 860/1920 done, 1.1s/item, elapsed 16.0 min, VRAM peak 85.9%, ETA 2026-08-22 03:38:57 UTC (in 19.7 min)
2026-08-22 03:19:28 UTC INFO    __workspace___hf__models__Llama-3_1-8B-Instruct/stage3: 870/1920 done, 1.1s/item, elapsed 16.1 min, VRAM peak 85.9%, ETA 2026-08-22 03:38:56 UTC (in 19.5 min)
2026-08-22 03:19:40 UTC INFO    __workspace___hf__models__Llama-3_1-8B-Instruct/stage3: 880/1920 done, 1.1s/item, elapsed 16.3 min, VRAM peak 85.9%, ETA 2026-08-22 03:38:58 UTC (in 19.3 min)
2026-08-22 03:19:52 UTC INFO    __workspace___hf__models__Llama-3_1-8B-Instruct/stage3: 890/1920 done, 1.1s/item, elapsed 16.5 min, VRAM peak 85.9%, ETA 2026-08-22 03:38:59 UTC (in 19.1 min)
2026-08-22 03:20:02 UTC INFO    __workspace___hf__models__Llama-3_1-8B-Instruct/stage3: 900/1920 done, 1.1s/item, elapsed 16.7 min, VRAM peak 85.9%, ETA 2026-08-22 03:38:57 UTC (in 18.9 min)
2026-08-22 03:20:14 UTC INFO    __workspace___hf__models__Llama-3_1-8B-Instruct/stage3: 910/1920 done, 1.1s/item, elapsed 16.9 min, VRAM peak 85.9%, ETA 2026-08-22 03:38:59 UTC (in 18.8 min)
2026-08-22 03:20:24 UTC INFO    __workspace___hf__models__Llama-3_1-8B-Instruct/stage3: 920/1920 done, 1.1s/item, elapsed 17.1 min, VRAM peak 85.9%, ETA 2026-08-22 03:38:58 UTC (in 18.6 min)
2026-08-22 03:20:34 UTC INFO    __workspace___hf__models__Llama-3_1-8B-Instruct/stage3: 930/1920 done, 1.1s/item, elapsed 17.2 min, VRAM peak 85.9%, ETA 2026-08-22 03:38:54 UTC (in 18.3 min)
2026-08-22 03:20:44 UTC INFO    __workspace___hf__models__Llama-3_1-8B-Instruct/stage3: 940/1920 done, 1.1s/item, elapsed 17.4 min, VRAM peak 85.9%, ETA 2026-08-22 03:38:53 UTC (in 18.1 min)
2026-08-22 03:20:58 UTC INFO    __workspace___hf__models__Llama-3_1-8B-Instruct/stage3: 950/1920 done, 1.1s/item, elapsed 17.6 min, VRAM peak 85.9%, ETA 2026-08-22 03:38:58 UTC (in 18.0 min)
2026-08-22 03:21:09 UTC INFO    __workspace___hf__models__Llama-3_1-8B-Instruct/stage3: 960/1920 done, 1.1s/item, elapsed 17.8 min, VRAM peak 85.9%, ETA 2026-08-22 03:38:58 UTC (in 17.8 min)
2026-08-22 03:21:19 UTC INFO    __workspace___hf__models__Llama-3_1-8B-Instruct/stage3: 970/1920 done, 1.1s/item, elapsed 18.0 min, VRAM peak 85.9%, ETA 2026-08-22 03:38:57 UTC (in 17.6 min)
2026-08-22 03:21:30 UTC INFO    __workspace___hf__models__Llama-3_1-8B-Instruct/stage3: 980/1920 done, 1.1s/item, elapsed 18.2 min, VRAM peak 85.9%, ETA 2026-08-22 03:38:56 UTC (in 17.4 min)
2026-08-22 03:21:47 UTC INFO    __workspace___hf__models__Llama-3_1-8B-Instruct/stage3: 990/1920 done, 1.1s/item, elapsed 18.4 min, VRAM peak 85.9%, ETA 2026-08-22 03:39:06 UTC (in 17.3 min)
2026-08-22 03:21:56 UTC INFO    __workspace___hf__models__Llama-3_1-8B-Instruct/stage3: 1000/1920 done, 1.1s/item, elapsed 18.6 min, VRAM peak 85.9%, ETA 2026-08-22 03:39:04 UTC (in 17.1 min)
2026-08-22 03:22:04 UTC INFO    __workspace___hf__models__Llama-3_1-8B-Instruct/stage3: 1010/1920 done, 1.1s/item, elapsed 18.7 min, VRAM peak 85.9%, ETA 2026-08-22 03:38:58 UTC (in 16.9 min)
2026-08-22 03:22:15 UTC INFO    __workspace___hf__models__Llama-3_1-8B-Instruct/stage3: 1020/1920 done, 1.1s/item, elapsed 18.9 min, VRAM peak 85.9%, ETA 2026-08-22 03:38:56 UTC (in 16.7 min)
2026-08-22 03:22:23 UTC INFO    __workspace___hf__models__Llama-3_1-8B-Instruct/stage3: 1030/1920 done, 1.1s/item, elapsed 19.1 min, VRAM peak 85.9%, ETA 2026-08-22 03:38:51 UTC (in 16.5 min)
2026-08-22 03:22:37 UTC INFO    __workspace___hf__models__Llama-3_1-8B-Instruct/stage3: 1040/1920 done, 1.1s/item, elapsed 19.3 min, VRAM peak 85.9%, ETA 2026-08-22 03:38:56 UTC (in 16.3 min)
2026-08-22 03:22:48 UTC INFO    __workspace___hf__models__Llama-3_1-8B-Instruct/stage3: 1050/1920 done, 1.1s/item, elapsed 19.5 min, VRAM peak 85.9%, ETA 2026-08-22 03:38:56 UTC (in 16.1 min)
2026-08-22 03:23:00 UTC INFO    __workspace___hf__models__Llama-3_1-8B-Instruct/stage3: 1060/1920 done, 1.1s/item, elapsed 19.7 min, VRAM peak 85.9%, ETA 2026-08-22 03:38:57 UTC (in 16.0 min)
2026-08-22 03:23:10 UTC INFO    __workspace___hf__models__Llama-3_1-8B-Instruct/stage3: 1070/1920 done, 1.1s/item, elapsed 19.8 min, VRAM peak 85.9%, ETA 2026-08-22 03:38:55 UTC (in 15.8 min)
2026-08-22 03:23:21 UTC INFO    __workspace___hf__models__Llama-3_1-8B-Instruct/stage3: 1080/1920 done, 1.1s/item, elapsed 20.0 min, VRAM peak 85.9%, ETA 2026-08-22 03:38:54 UTC (in 15.6 min)
2026-08-22 03:23:33 UTC INFO    __workspace___hf__models__Llama-3_1-8B-Instruct/stage3: 1090/1920 done, 1.1s/item, elapsed 20.2 min, VRAM peak 85.9%, ETA 2026-08-22 03:38:56 UTC (in 15.4 min)
2026-08-22 03:23:43 UTC INFO    __workspace___hf__models__Llama-3_1-8B-Instruct/stage3: 1100/1920 done, 1.1s/item, elapsed 20.4 min, VRAM peak 85.9%, ETA 2026-08-22 03:38:54 UTC (in 15.2 min)
2026-08-22 03:24:02 UTC INFO    __workspace___hf__models__Llama-3_1-8B-Instruct/stage3: 1110/1920 done, 1.1s/item, elapsed 20.7 min, VRAM peak 85.9%, ETA 2026-08-22 03:39:09 UTC (in 15.1 min)
2026-08-22 03:24:17 UTC INFO    __workspace___hf__models__Llama-3_1-8B-Instruct/stage3: 1120/1920 done, 1.1s/item, elapsed 21.0 min, VRAM peak 85.9%, ETA 2026-08-22 03:39:15 UTC (in 15.0 min)
2026-08-22 03:24:30 UTC INFO    __workspace___hf__models__Llama-3_1-8B-Instruct/stage3: 1130/1920 done, 1.1s/item, elapsed 21.2 min, VRAM peak 85.9%, ETA 2026-08-22 03:39:19 UTC (in 14.8 min)
2026-08-22 03:24:42 UTC INFO    __workspace___hf__models__Llama-3_1-8B-Instruct/stage3: 1140/1920 done, 1.1s/item, elapsed 21.4 min, VRAM peak 85.9%, ETA 2026-08-22 03:39:20 UTC (in 14.6 min)
2026-08-22 03:24:53 UTC INFO    __workspace___hf__models__Llama-3_1-8B-Instruct/stage3: 1150/1920 done, 1.1s/item, elapsed 21.5 min, VRAM peak 85.9%, ETA 2026-08-22 03:39:18 UTC (in 14.4 min)
2026-08-22 03:25:01 UTC INFO    __workspace___hf__models__Llama-3_1-8B-Instruct/stage3: 1160/1920 done, 1.1s/item, elapsed 21.7 min, VRAM peak 85.9%, ETA 2026-08-22 03:39:14 UTC (in 14.2 min)
2026-08-22 03:25:19 UTC INFO    __workspace___hf__models__Llama-3_1-8B-Instruct/stage3: 1170/1920 done, 1.1s/item, elapsed 22.0 min, VRAM peak 85.9%, ETA 2026-08-22 03:39:25 UTC (in 14.1 min)
2026-08-22 03:25:30 UTC INFO    __workspace___hf__models__Llama-3_1-8B-Instruct/stage3: 1180/1920 done, 1.1s/item, elapsed 22.2 min, VRAM peak 85.9%, ETA 2026-08-22 03:39:24 UTC (in 13.9 min)
2026-08-22 03:25:41 UTC INFO    __workspace___hf__models__Llama-3_1-8B-Instruct/stage3: 1190/1920 done, 1.1s/item, elapsed 22.4 min, VRAM peak 85.9%, ETA 2026-08-22 03:39:24 UTC (in 13.7 min)
2026-08-22 03:25:52 UTC INFO    __workspace___hf__models__Llama-3_1-8B-Instruct/stage3: 1200/1920 done, 1.1s/item, elapsed 22.5 min, VRAM peak 85.9%, ETA 2026-08-22 03:39:23 UTC (in 13.5 min)
2026-08-22 03:26:02 UTC INFO    __workspace___hf__models__Llama-3_1-8B-Instruct/stage3: 1210/1920 done, 1.1s/item, elapsed 22.7 min, VRAM peak 85.9%, ETA 2026-08-22 03:39:21 UTC (in 13.3 min)
2026-08-22 03:26:10 UTC INFO    __workspace___hf__models__Llama-3_1-8B-Instruct/stage3: 1220/1920 done, 1.1s/item, elapsed 22.8 min, VRAM peak 85.9%, ETA 2026-08-22 03:39:17 UTC (in 13.1 min)
2026-08-22 03:26:25 UTC INFO    __workspace___hf__models__Llama-3_1-8B-Instruct/stage3: 1230/1920 done, 1.1s/item, elapsed 23.1 min, VRAM peak 85.9%, ETA 2026-08-22 03:39:22 UTC (in 12.9 min)
2026-08-22 03:26:34 UTC INFO    __workspace___hf__models__Llama-3_1-8B-Instruct/stage3: 1240/1920 done, 1.1s/item, elapsed 23.2 min, VRAM peak 85.9%, ETA 2026-08-22 03:39:18 UTC (in 12.7 min)
2026-08-22 03:26:44 UTC INFO    __workspace___hf__models__Llama-3_1-8B-Instruct/stage3: 1250/1920 done, 1.1s/item, elapsed 23.4 min, VRAM peak 85.9%, ETA 2026-08-22 03:39:17 UTC (in 12.5 min)
2026-08-22 03:26:54 UTC INFO    __workspace___hf__models__Llama-3_1-8B-Instruct/stage3: 1260/1920 done, 1.1s/item, elapsed 23.6 min, VRAM peak 85.9%, ETA 2026-08-22 03:39:14 UTC (in 12.3 min)
2026-08-22 03:27:03 UTC INFO    __workspace___hf__models__Llama-3_1-8B-Instruct/stage3: 1270/1920 done, 1.1s/item, elapsed 23.7 min, VRAM peak 85.9%, ETA 2026-08-22 03:39:12 UTC (in 12.1 min)
2026-08-22 03:27:12 UTC INFO    __workspace___hf__models__Llama-3_1-8B-Instruct/stage3: 1280/1920 done, 1.1s/item, elapsed 23.9 min, VRAM peak 85.9%, ETA 2026-08-22 03:39:09 UTC (in 11.9 min)
2026-08-22 03:27:23 UTC INFO    __workspace___hf__models__Llama-3_1-8B-Instruct/stage3: 1290/1920 done, 1.1s/item, elapsed 24.0 min, VRAM peak 85.9%, ETA 2026-08-22 03:39:07 UTC (in 11.7 min)
2026-08-22 03:27:33 UTC INFO    __workspace___hf__models__Llama-3_1-8B-Instruct/stage3: 1300/1920 done, 1.1s/item, elapsed 24.2 min, VRAM peak 85.9%, ETA 2026-08-22 03:39:07 UTC (in 11.6 min)
2026-08-22 03:27:46 UTC INFO    __workspace___hf__models__Llama-3_1-8B-Instruct/stage3: 1310/1920 done, 1.1s/item, elapsed 24.4 min, VRAM peak 85.9%, ETA 2026-08-22 03:39:08 UTC (in 11.4 min)
2026-08-22 03:27:56 UTC INFO    __workspace___hf__models__Llama-3_1-8B-Instruct/stage3: 1320/1920 done, 1.1s/item, elapsed 24.6 min, VRAM peak 85.9%, ETA 2026-08-22 03:39:08 UTC (in 11.2 min)
2026-08-22 03:28:08 UTC INFO    __workspace___hf__models__Llama-3_1-8B-Instruct/stage3: 1330/1920 done, 1.1s/item, elapsed 24.8 min, VRAM peak 85.9%, ETA 2026-08-22 03:39:07 UTC (in 11.0 min)
2026-08-22 03:28:19 UTC INFO    __workspace___hf__models__Llama-3_1-8B-Instruct/stage3: 1340/1920 done, 1.1s/item, elapsed 25.0 min, VRAM peak 85.9%, ETA 2026-08-22 03:39:07 UTC (in 10.8 min)
2026-08-22 03:28:30 UTC INFO    __workspace___hf__models__Llama-3_1-8B-Instruct/stage3: 1350/1920 done, 1.1s/item, elapsed 25.2 min, VRAM peak 85.9%, ETA 2026-08-22 03:39:07 UTC (in 10.6 min)
2026-08-22 03:28:46 UTC INFO    __workspace___hf__models__Llama-3_1-8B-Instruct/stage3: 1360/1920 done, 1.1s/item, elapsed 25.4 min, VRAM peak 85.9%, ETA 2026-08-22 03:39:15 UTC (in 10.5 min)
2026-08-22 03:28:57 UTC INFO    __workspace___hf__models__Llama-3_1-8B-Instruct/stage3: 1370/1920 done, 1.1s/item, elapsed 25.6 min, VRAM peak 85.9%, ETA 2026-08-22 03:39:14 UTC (in 10.3 min)
2026-08-22 03:29:06 UTC INFO    __workspace___hf__models__Llama-3_1-8B-Instruct/stage3: 1380/1920 done, 1.1s/item, elapsed 25.8 min, VRAM peak 85.9%, ETA 2026-08-22 03:39:11 UTC (in 10.1 min)
2026-08-22 03:29:18 UTC INFO    __workspace___hf__models__Llama-3_1-8B-Instruct/stage3: 1390/1920 done, 1.1s/item, elapsed 26.0 min, VRAM peak 85.9%, ETA 2026-08-22 03:39:12 UTC (in 9.9 min)
2026-08-22 03:29:31 UTC INFO    __workspace___hf__models__Llama-3_1-8B-Instruct/stage3: 1400/1920 done, 1.1s/item, elapsed 26.2 min, VRAM peak 85.9%, ETA 2026-08-22 03:39:15 UTC (in 9.7 min)
2026-08-22 03:29:40 UTC INFO    __workspace___hf__models__Llama-3_1-8B-Instruct/stage3: 1410/1920 done, 1.1s/item, elapsed 26.3 min, VRAM peak 85.9%, ETA 2026-08-22 03:39:12 UTC (in 9.5 min)
2026-08-22 03:29:53 UTC INFO    __workspace___hf__models__Llama-3_1-8B-Instruct/stage3: 1420/1920 done, 1.1s/item, elapsed 26.5 min, VRAM peak 85.9%, ETA 2026-08-22 03:39:14 UTC (in 9.3 min)
2026-08-22 03:30:02 UTC INFO    __workspace___hf__models__Llama-3_1-8B-Instruct/stage3: 1430/1920 done, 1.1s/item, elapsed 26.7 min, VRAM peak 85.9%, ETA 2026-08-22 03:39:11 UTC (in 9.1 min)
2026-08-22 03:30:17 UTC INFO    __workspace___hf__models__Llama-3_1-8B-Instruct/stage3: 1440/1920 done, 1.1s/item, elapsed 26.9 min, VRAM peak 85.9%, ETA 2026-08-22 03:39:16 UTC (in 9.0 min)
2026-08-22 03:30:27 UTC INFO    __workspace___hf__models__Llama-3_1-8B-Instruct/stage3: 1450/1920 done, 1.1s/item, elapsed 27.1 min, VRAM peak 85.9%, ETA 2026-08-22 03:39:14 UTC (in 8.8 min)
2026-08-22 03:30:38 UTC INFO    __workspace___hf__models__Llama-3_1-8B-Instruct/stage3: 1460/1920 done, 1.1s/item, elapsed 27.3 min, VRAM peak 85.9%, ETA 2026-08-22 03:39:14 UTC (in 8.6 min)
2026-08-22 03:30:48 UTC INFO    __workspace___hf__models__Llama-3_1-8B-Instruct/stage3: 1470/1920 done, 1.1s/item, elapsed 27.5 min, VRAM peak 85.9%, ETA 2026-08-22 03:39:12 UTC (in 8.4 min)
2026-08-22 03:31:00 UTC INFO    __workspace___hf__models__Llama-3_1-8B-Instruct/stage3: 1480/1920 done, 1.1s/item, elapsed 27.7 min, VRAM peak 85.9%, ETA 2026-08-22 03:39:13 UTC (in 8.2 min)
2026-08-22 03:31:10 UTC INFO    __workspace___hf__models__Llama-3_1-8B-Instruct/stage3: 1490/1920 done, 1.1s/item, elapsed 27.8 min, VRAM peak 85.9%, ETA 2026-08-22 03:39:12 UTC (in 8.0 min)
2026-08-22 03:31:20 UTC INFO    __workspace___hf__models__Llama-3_1-8B-Instruct/stage3: 1500/1920 done, 1.1s/item, elapsed 28.0 min, VRAM peak 85.9%, ETA 2026-08-22 03:39:11 UTC (in 7.8 min)
2026-08-22 03:31:32 UTC INFO    __workspace___hf__models__Llama-3_1-8B-Instruct/stage3: 1510/1920 done, 1.1s/item, elapsed 28.2 min, VRAM peak 85.9%, ETA 2026-08-22 03:39:11 UTC (in 7.7 min)
2026-08-22 03:31:42 UTC INFO    __workspace___hf__models__Llama-3_1-8B-Instruct/stage3: 1520/1920 done, 1.1s/item, elapsed 28.4 min, VRAM peak 85.9%, ETA 2026-08-22 03:39:10 UTC (in 7.5 min)
2026-08-22 03:31:54 UTC INFO    __workspace___hf__models__Llama-3_1-8B-Instruct/stage3: 1530/1920 done, 1.1s/item, elapsed 28.6 min, VRAM peak 85.9%, ETA 2026-08-22 03:39:11 UTC (in 7.3 min)
2026-08-22 03:32:04 UTC INFO    __workspace___hf__models__Llama-3_1-8B-Instruct/stage3: 1540/1920 done, 1.1s/item, elapsed 28.7 min, VRAM peak 85.9%, ETA 2026-08-22 03:39:10 UTC (in 7.1 min)
2026-08-22 03:32:13 UTC INFO    __workspace___hf__models__Llama-3_1-8B-Instruct/stage3: 1550/1920 done, 1.1s/item, elapsed 28.9 min, VRAM peak 85.9%, ETA 2026-08-22 03:39:06 UTC (in 6.9 min)
2026-08-22 03:32:23 UTC INFO    __workspace___hf__models__Llama-3_1-8B-Instruct/stage3: 1560/1920 done, 1.1s/item, elapsed 29.0 min, VRAM peak 85.9%, ETA 2026-08-22 03:39:05 UTC (in 6.7 min)
2026-08-22 03:32:33 UTC INFO    __workspace___hf__models__Llama-3_1-8B-Instruct/stage3: 1570/1920 done, 1.1s/item, elapsed 29.2 min, VRAM peak 85.9%, ETA 2026-08-22 03:39:04 UTC (in 6.5 min)
2026-08-22 03:32:45 UTC INFO    __workspace___hf__models__Llama-3_1-8B-Instruct/stage3: 1580/1920 done, 1.1s/item, elapsed 29.4 min, VRAM peak 85.9%, ETA 2026-08-22 03:39:04 UTC (in 6.3 min)
2026-08-22 03:32:57 UTC INFO    __workspace___hf__models__Llama-3_1-8B-Instruct/stage3: 1590/1920 done, 1.1s/item, elapsed 29.6 min, VRAM peak 85.9%, ETA 2026-08-22 03:39:06 UTC (in 6.1 min)
2026-08-22 03:33:06 UTC INFO    __workspace___hf__models__Llama-3_1-8B-Instruct/stage3: 1600/1920 done, 1.1s/item, elapsed 29.8 min, VRAM peak 85.9%, ETA 2026-08-22 03:39:04 UTC (in 6.0 min)
2026-08-22 03:33:17 UTC INFO    __workspace___hf__models__Llama-3_1-8B-Instruct/stage3: 1610/1920 done, 1.1s/item, elapsed 29.9 min, VRAM peak 85.9%, ETA 2026-08-22 03:39:03 UTC (in 5.8 min)
2026-08-22 03:33:29 UTC INFO    __workspace___hf__models__Llama-3_1-8B-Instruct/stage3: 1620/1920 done, 1.1s/item, elapsed 30.1 min, VRAM peak 85.9%, ETA 2026-08-22 03:39:04 UTC (in 5.6 min)
2026-08-22 03:33:38 UTC INFO    __workspace___hf__models__Llama-3_1-8B-Instruct/stage3: 1630/1920 done, 1.1s/item, elapsed 30.3 min, VRAM peak 85.9%, ETA 2026-08-22 03:39:02 UTC (in 5.4 min)
2026-08-22 03:33:47 UTC INFO    __workspace___hf__models__Llama-3_1-8B-Instruct/stage3: 1640/1920 done, 1.1s/item, elapsed 30.5 min, VRAM peak 85.9%, ETA 2026-08-22 03:38:59 UTC (in 5.2 min)
2026-08-22 03:33:57 UTC INFO    __workspace___hf__models__Llama-3_1-8B-Instruct/stage3: 1650/1920 done, 1.1s/item, elapsed 30.6 min, VRAM peak 85.9%, ETA 2026-08-22 03:38:58 UTC (in 5.0 min)
2026-08-22 03:34:11 UTC INFO    __workspace___hf__models__Llama-3_1-8B-Instruct/stage3: 1660/1920 done, 1.1s/item, elapsed 30.9 min, VRAM peak 85.9%, ETA 2026-08-22 03:39:01 UTC (in 4.8 min)
2026-08-22 03:34:21 UTC INFO    __workspace___hf__models__Llama-3_1-8B-Instruct/stage3: 1670/1920 done, 1.1s/item, elapsed 31.0 min, VRAM peak 85.9%, ETA 2026-08-22 03:39:00 UTC (in 4.6 min)
2026-08-22 03:34:31 UTC INFO    __workspace___hf__models__Llama-3_1-8B-Instruct/stage3: 1680/1920 done, 1.1s/item, elapsed 31.2 min, VRAM peak 85.9%, ETA 2026-08-22 03:38:59 UTC (in 4.5 min)
2026-08-22 03:34:42 UTC INFO    __workspace___hf__models__Llama-3_1-8B-Instruct/stage3: 1690/1920 done, 1.1s/item, elapsed 31.4 min, VRAM peak 85.9%, ETA 2026-08-22 03:38:58 UTC (in 4.3 min)
2026-08-22 03:34:55 UTC INFO    __workspace___hf__models__Llama-3_1-8B-Instruct/stage3: 1700/1920 done, 1.1s/item, elapsed 31.6 min, VRAM peak 85.9%, ETA 2026-08-22 03:39:01 UTC (in 4.1 min)
2026-08-22 03:35:03 UTC INFO    __workspace___hf__models__Llama-3_1-8B-Instruct/stage3: 1710/1920 done, 1.1s/item, elapsed 31.7 min, VRAM peak 85.9%, ETA 2026-08-22 03:38:56 UTC (in 3.9 min)
2026-08-22 03:35:12 UTC INFO    __workspace___hf__models__Llama-3_1-8B-Instruct/stage3: 1720/1920 done, 1.1s/item, elapsed 31.9 min, VRAM peak 85.9%, ETA 2026-08-22 03:38:54 UTC (in 3.7 min)
2026-08-22 03:35:35 UTC INFO    __workspace___hf__models__Llama-3_1-8B-Instruct/stage3: 1730/1920 done, 1.1s/item, elapsed 32.3 min, VRAM peak 86.5%, ETA 2026-08-22 03:39:08 UTC (in 3.5 min)
2026-08-22 03:35:45 UTC INFO    __workspace___hf__models__Llama-3_1-8B-Instruct/stage3: 1740/1920 done, 1.1s/item, elapsed 32.4 min, VRAM peak 86.5%, ETA 2026-08-22 03:39:07 UTC (in 3.4 min)
2026-08-22 03:35:54 UTC INFO    __workspace___hf__models__Llama-3_1-8B-Instruct/stage3: 1750/1920 done, 1.1s/item, elapsed 32.6 min, VRAM peak 86.5%, ETA 2026-08-22 03:39:04 UTC (in 3.2 min)
2026-08-22 03:36:05 UTC INFO    __workspace___hf__models__Llama-3_1-8B-Instruct/stage3: 1760/1920 done, 1.1s/item, elapsed 32.7 min, VRAM peak 86.5%, ETA 2026-08-22 03:39:03 UTC (in 3.0 min)
2026-08-22 03:36:14 UTC INFO    __workspace___hf__models__Llama-3_1-8B-Instruct/stage3: 1770/1920 done, 1.1s/item, elapsed 32.9 min, VRAM peak 86.5%, ETA 2026-08-22 03:39:01 UTC (in 2.8 min)
2026-08-22 03:36:24 UTC INFO    __workspace___hf__models__Llama-3_1-8B-Instruct/stage3: 1780/1920 done, 1.1s/item, elapsed 33.1 min, VRAM peak 86.5%, ETA 2026-08-22 03:39:00 UTC (in 2.6 min)
2026-08-22 03:36:44 UTC INFO    __workspace___hf__models__Llama-3_1-8B-Instruct/stage3: 1790/1920 done, 1.1s/item, elapsed 33.4 min, VRAM peak 86.5%, ETA 2026-08-22 03:39:10 UTC (in 2.4 min)
2026-08-22 03:36:57 UTC INFO    __workspace___hf__models__Llama-3_1-8B-Instruct/stage3: 1800/1920 done, 1.1s/item, elapsed 33.6 min, VRAM peak 86.5%, ETA 2026-08-22 03:39:11 UTC (in 2.2 min)
2026-08-22 03:37:07 UTC INFO    __workspace___hf__models__Llama-3_1-8B-Instruct/stage3: 1810/1920 done, 1.1s/item, elapsed 33.8 min, VRAM peak 86.5%, ETA 2026-08-22 03:39:11 UTC (in 2.1 min)
2026-08-22 03:37:20 UTC INFO    __workspace___hf__models__Llama-3_1-8B-Instruct/stage3: 1820/1920 done, 1.1s/item, elapsed 34.0 min, VRAM peak 86.5%, ETA 2026-08-22 03:39:12 UTC (in 1.9 min)
2026-08-22 03:37:29 UTC INFO    __workspace___hf__models__Llama-3_1-8B-Instruct/stage3: 1830/1920 done, 1.1s/item, elapsed 34.1 min, VRAM peak 86.5%, ETA 2026-08-22 03:39:10 UTC (in 1.7 min)
2026-08-22 03:37:40 UTC INFO    __workspace___hf__models__Llama-3_1-8B-Instruct/stage3: 1840/1920 done, 1.1s/item, elapsed 34.3 min, VRAM peak 86.5%, ETA 2026-08-22 03:39:10 UTC (in 1.5 min)
2026-08-22 03:37:50 UTC INFO    __workspace___hf__models__Llama-3_1-8B-Instruct/stage3: 1850/1920 done, 1.1s/item, elapsed 34.5 min, VRAM peak 86.5%, ETA 2026-08-22 03:39:08 UTC (in 1.3 min)
2026-08-22 03:38:00 UTC INFO    __workspace___hf__models__Llama-3_1-8B-Instruct/stage3: 1860/1920 done, 1.1s/item, elapsed 34.7 min, VRAM peak 86.5%, ETA 2026-08-22 03:39:07 UTC (in 1.1 min)
2026-08-22 03:38:10 UTC INFO    __workspace___hf__models__Llama-3_1-8B-Instruct/stage3: 1870/1920 done, 1.1s/item, elapsed 34.8 min, VRAM peak 86.5%, ETA 2026-08-22 03:39:06 UTC (in 0.9 min)
2026-08-22 03:38:20 UTC INFO    __workspace___hf__models__Llama-3_1-8B-Instruct/stage3: 1880/1920 done, 1.1s/item, elapsed 35.0 min, VRAM peak 86.5%, ETA 2026-08-22 03:39:04 UTC (in 0.7 min)
2026-08-22 03:38:29 UTC INFO    __workspace___hf__models__Llama-3_1-8B-Instruct/stage3: 1890/1920 done, 1.1s/item, elapsed 35.2 min, VRAM peak 86.5%, ETA 2026-08-22 03:39:03 UTC (in 0.6 min)
2026-08-22 03:38:42 UTC INFO    __workspace___hf__models__Llama-3_1-8B-Instruct/stage3: 1900/1920 done, 1.1s/item, elapsed 35.4 min, VRAM peak 86.5%, ETA 2026-08-22 03:39:05 UTC (in 0.4 min)
2026-08-22 03:38:53 UTC INFO    __workspace___hf__models__Llama-3_1-8B-Instruct/stage3: 1910/1920 done, 1.1s/item, elapsed 35.5 min, VRAM peak 86.5%, ETA 2026-08-22 03:39:04 UTC (in 0.2 min)
2026-08-22 03:39:03 UTC INFO    __workspace___hf__models__Llama-3_1-8B-Instruct/stage3: 1920/1920 done, 1.1s/item, elapsed 35.7 min, VRAM peak 86.5%, ETA 2026-08-22 03:39:03 UTC (in 0.0 min)
2026-08-22 03:39:03 UTC INFO    GPU ledger: +2142.5s for __workspace___hf__models__Llama-3_1-8B-Instruct/stage3, cumulative 52839.5s (14.68 h, 73.4% of the 20 h allowance)
2026-08-22 03:39:03 UTC INFO    /workspace/.hf/models/Llama-3.1-8B-Instruct stage3: {"n_items": 192, "condition_counts": {"R0": {"chosen_rival": 0, "unreadable": 0, "n": 192}, "R1": {"chosen_rival": 30, "unreadable": 8, "n": 192}, "R2": {"chosen_rival": 22, "unreadable": 8, "n": 192}, "R3": {"chosen_rival": 24, "unreadable": 7, "n": 192}, "R4": {"chosen_rival": 19, "unreadable": 6, "n": 192}}, "abort_reason": null, "elapsed_min": 35.71}
2026-08-22 03:39:11 UTC INFO    wrote results/exp3c/experiment_summary.json
2026-08-22 03:39:52 UTC INFO    started 2026-08-22 03:39:52 UTC on Linux-6.8.0-57-generic-x86_64-with-glibc2.35
2026-08-22 03:39:52 UTC INFO    loading framolfese/2WikiMultihopQA [validation], scanning 40000 records
2026-08-22 03:39:59 UTC INFO    built 1800 items from 12576 records
2026-08-22 03:40:08 UTC INFO    longest prompt about 2826 tokens; max_model_len=4096 (floor 2048, cap 8192)
2026-08-22 03:40:08 UTC INFO    detected 23.5 GiB of VRAM, capability (8, 6) -> the 3090ti roster
2026-08-22 03:40:48 UTC INFO    /workspace/.hf/models/Mistral-7B-Instruct-v0.3 loaded: bfloat16, max_model_len=4096, mem target 0.85, eager=False, VRAM now 85.1%
2026-08-22 03:40:48 UTC INFO    /workspace/.hf/models/Mistral-7B-Instruct-v0.3 ready via the vllm backend
2026-08-22 03:41:04 UTC INFO    __workspace___hf__models__Mistral-7B-Instruct-v0_3/stage1: 5/1800 done, 3.2s/item, elapsed 0.3 min, VRAM peak 86.2%, ETA 2026-08-22 05:16:27 UTC (in 95.4 min)
2026-08-22 03:41:18 UTC INFO    __workspace___hf__models__Mistral-7B-Instruct-v0_3/stage1: 10/1800 done, 3.0s/item, elapsed 0.5 min, VRAM peak 86.2%, ETA 2026-08-22 05:09:21 UTC (in 88.1 min)
2026-08-22 03:41:31 UTC INFO    __workspace___hf__models__Mistral-7B-Instruct-v0_3/stage1: 15/1800 done, 2.8s/item, elapsed 0.7 min, VRAM peak 86.2%, ETA 2026-08-22 05:05:38 UTC (in 84.1 min)
2026-08-22 03:41:49 UTC INFO    __workspace___hf__models__Mistral-7B-Instruct-v0_3/stage1: 20/1800 done, 3.0s/item, elapsed 1.0 min, VRAM peak 86.2%, ETA 2026-08-22 05:11:28 UTC (in 89.7 min)
2026-08-22 03:42:03 UTC INFO    __workspace___hf__models__Mistral-7B-Instruct-v0_3/stage1: 25/1800 done, 3.0s/item, elapsed 1.2 min, VRAM peak 86.2%, ETA 2026-08-22 05:10:35 UTC (in 88.5 min)
2026-08-22 03:42:13 UTC INFO    __workspace___hf__models__Mistral-7B-Instruct-v0_3/stage1: 30/1800 done, 2.8s/item, elapsed 1.4 min, VRAM peak 86.2%, ETA 2026-08-22 05:05:57 UTC (in 83.7 min)
2026-08-22 03:42:25 UTC INFO    __workspace___hf__models__Mistral-7B-Instruct-v0_3/stage1: 35/1800 done, 2.8s/item, elapsed 1.6 min, VRAM peak 86.2%, ETA 2026-08-22 05:04:14 UTC (in 81.8 min)
2026-08-22 03:42:37 UTC INFO    __workspace___hf__models__Mistral-7B-Instruct-v0_3/stage1: 40/1800 done, 2.7s/item, elapsed 1.8 min, VRAM peak 86.2%, ETA 2026-08-22 05:02:49 UTC (in 80.2 min)
2026-08-22 03:42:50 UTC INFO    __workspace___hf__models__Mistral-7B-Instruct-v0_3/stage1: 45/1800 done, 2.7s/item, elapsed 2.0 min, VRAM peak 86.2%, ETA 2026-08-22 05:01:44 UTC (in 78.9 min)
2026-08-22 03:42:59 UTC INFO    __workspace___hf__models__Mistral-7B-Instruct-v0_3/stage1: 50/1800 done, 2.6s/item, elapsed 2.2 min, VRAM peak 86.2%, ETA 2026-08-22 04:59:30 UTC (in 76.5 min)
2026-08-22 03:43:12 UTC INFO    __workspace___hf__models__Mistral-7B-Instruct-v0_3/stage1: 55/1800 done, 2.6s/item, elapsed 2.4 min, VRAM peak 86.2%, ETA 2026-08-22 04:59:13 UTC (in 76.0 min)
2026-08-22 03:43:24 UTC INFO    __workspace___hf__models__Mistral-7B-Instruct-v0_3/stage1: 60/1800 done, 2.6s/item, elapsed 2.6 min, VRAM peak 86.2%, ETA 2026-08-22 04:58:47 UTC (in 75.4 min)
2026-08-22 03:43:35 UTC INFO    __workspace___hf__models__Mistral-7B-Instruct-v0_3/stage1: 65/1800 done, 2.6s/item, elapsed 2.8 min, VRAM peak 86.2%, ETA 2026-08-22 04:58:03 UTC (in 74.5 min)
2026-08-22 03:43:50 UTC INFO    __workspace___hf__models__Mistral-7B-Instruct-v0_3/stage1: 70/1800 done, 2.6s/item, elapsed 3.0 min, VRAM peak 86.2%, ETA 2026-08-22 04:58:55 UTC (in 75.1 min)
2026-08-22 03:44:08 UTC INFO    __workspace___hf__models__Mistral-7B-Instruct-v0_3/stage1: 75/1800 done, 2.7s/item, elapsed 3.3 min, VRAM peak 86.2%, ETA 2026-08-22 05:00:50 UTC (in 76.7 min)
2026-08-22 03:44:17 UTC INFO    __workspace___hf__models__Mistral-7B-Instruct-v0_3/stage1: 80/1800 done, 2.6s/item, elapsed 3.5 min, VRAM peak 86.2%, ETA 2026-08-22 04:59:17 UTC (in 75.0 min)
2026-08-22 03:44:27 UTC INFO    __workspace___hf__models__Mistral-7B-Instruct-v0_3/stage1: 85/1800 done, 2.6s/item, elapsed 3.7 min, VRAM peak 86.2%, ETA 2026-08-22 04:58:11 UTC (in 73.7 min)
2026-08-22 03:44:40 UTC INFO    __workspace___hf__models__Mistral-7B-Instruct-v0_3/stage1: 90/1800 done, 2.6s/item, elapsed 3.9 min, VRAM peak 86.2%, ETA 2026-08-22 04:58:08 UTC (in 73.5 min)
2026-08-22 03:44:48 UTC INFO    __workspace___hf__models__Mistral-7B-Instruct-v0_3/stage1: 95/1800 done, 2.5s/item, elapsed 4.0 min, VRAM peak 86.2%, ETA 2026-08-22 04:56:38 UTC (in 71.8 min)
2026-08-22 03:45:05 UTC INFO    __workspace___hf__models__Mistral-7B-Instruct-v0_3/stage1: 100/1800 done, 2.6s/item, elapsed 4.3 min, VRAM peak 86.2%, ETA 2026-08-22 04:57:49 UTC (in 72.7 min)
2026-08-22 03:45:15 UTC INFO    __workspace___hf__models__Mistral-7B-Instruct-v0_3/stage1: 105/1800 done, 2.5s/item, elapsed 4.5 min, VRAM peak 86.2%, ETA 2026-08-22 04:57:09 UTC (in 71.9 min)
2026-08-22 03:45:25 UTC INFO    __workspace___hf__models__Mistral-7B-Instruct-v0_3/stage1: 110/1800 done, 2.5s/item, elapsed 4.6 min, VRAM peak 86.2%, ETA 2026-08-22 04:56:13 UTC (in 70.8 min)
2026-08-22 03:45:37 UTC INFO    __workspace___hf__models__Mistral-7B-Instruct-v0_3/stage1: 115/1800 done, 2.5s/item, elapsed 4.8 min, VRAM peak 86.6%, ETA 2026-08-22 04:56:03 UTC (in 70.4 min)
2026-08-22 03:45:50 UTC INFO    __workspace___hf__models__Mistral-7B-Instruct-v0_3/stage1: 120/1800 done, 2.5s/item, elapsed 5.0 min, VRAM peak 86.6%, ETA 2026-08-22 04:56:16 UTC (in 70.4 min)
2026-08-22 03:46:02 UTC INFO    __workspace___hf__models__Mistral-7B-Instruct-v0_3/stage1: 125/1800 done, 2.5s/item, elapsed 5.2 min, VRAM peak 86.6%, ETA 2026-08-22 04:56:08 UTC (in 70.1 min)
2026-08-22 03:46:16 UTC INFO    __workspace___hf__models__Mistral-7B-Instruct-v0_3/stage1: 130/1800 done, 2.5s/item, elapsed 5.5 min, VRAM peak 86.6%, ETA 2026-08-22 04:56:27 UTC (in 70.2 min)
2026-08-22 03:46:31 UTC INFO    __workspace___hf__models__Mistral-7B-Instruct-v0_3/stage1: 135/1800 done, 2.5s/item, elapsed 5.7 min, VRAM peak 86.6%, ETA 2026-08-22 04:56:53 UTC (in 70.4 min)
2026-08-22 03:46:45 UTC INFO    __workspace___hf__models__Mistral-7B-Instruct-v0_3/stage1: 140/1800 done, 2.5s/item, elapsed 5.9 min, VRAM peak 86.6%, ETA 2026-08-22 04:57:14 UTC (in 70.5 min)
2026-08-22 03:46:56 UTC INFO    __workspace___hf__models__Mistral-7B-Instruct-v0_3/stage1: 145/1800 done, 2.5s/item, elapsed 6.1 min, VRAM peak 86.6%, ETA 2026-08-22 04:56:57 UTC (in 70.0 min)
2026-08-22 03:47:08 UTC INFO    __workspace___hf__models__Mistral-7B-Instruct-v0_3/stage1: 150/1800 done, 2.5s/item, elapsed 6.3 min, VRAM peak 86.6%, ETA 2026-08-22 04:56:42 UTC (in 69.6 min)
2026-08-22 03:47:20 UTC INFO    __workspace___hf__models__Mistral-7B-Instruct-v0_3/stage1: 155/1800 done, 2.5s/item, elapsed 6.5 min, VRAM peak 86.6%, ETA 2026-08-22 04:56:34 UTC (in 69.2 min)
2026-08-22 03:47:33 UTC INFO    __workspace___hf__models__Mistral-7B-Instruct-v0_3/stage1: 160/1800 done, 2.5s/item, elapsed 6.7 min, VRAM peak 86.6%, ETA 2026-08-22 04:56:38 UTC (in 69.1 min)
2026-08-22 03:47:46 UTC INFO    __workspace___hf__models__Mistral-7B-Instruct-v0_3/stage1: 165/1800 done, 2.5s/item, elapsed 7.0 min, VRAM peak 86.6%, ETA 2026-08-22 04:56:46 UTC (in 69.0 min)
2026-08-22 03:48:01 UTC INFO    __workspace___hf__models__Mistral-7B-Instruct-v0_3/stage1: 170/1800 done, 2.5s/item, elapsed 7.2 min, VRAM peak 86.6%, ETA 2026-08-22 04:57:10 UTC (in 69.2 min)
2026-08-22 03:48:17 UTC INFO    __workspace___hf__models__Mistral-7B-Instruct-v0_3/stage1: 175/1800 done, 2.6s/item, elapsed 7.5 min, VRAM peak 86.6%, ETA 2026-08-22 04:57:49 UTC (in 69.5 min)
2026-08-22 03:48:28 UTC INFO    __workspace___hf__models__Mistral-7B-Instruct-v0_3/stage1: 180/1800 done, 2.6s/item, elapsed 7.7 min, VRAM peak 86.6%, ETA 2026-08-22 04:57:25 UTC (in 69.0 min)
2026-08-22 03:48:37 UTC INFO    __workspace___hf__models__Mistral-7B-Instruct-v0_3/stage1: 185/1800 done, 2.5s/item, elapsed 7.8 min, VRAM peak 86.6%, ETA 2026-08-22 04:56:54 UTC (in 68.3 min)
2026-08-22 03:48:51 UTC INFO    __workspace___hf__models__Mistral-7B-Instruct-v0_3/stage1: 190/1800 done, 2.5s/item, elapsed 8.0 min, VRAM peak 86.6%, ETA 2026-08-22 04:57:00 UTC (in 68.2 min)
2026-08-22 03:49:01 UTC INFO    __workspace___hf__models__Mistral-7B-Instruct-v0_3/stage1: 195/1800 done, 2.5s/item, elapsed 8.2 min, VRAM peak 86.6%, ETA 2026-08-22 04:56:39 UTC (in 67.6 min)
2026-08-22 03:49:15 UTC INFO    __workspace___hf__models__Mistral-7B-Instruct-v0_3/stage1: 200/1800 done, 2.5s/item, elapsed 8.4 min, VRAM peak 86.6%, ETA 2026-08-22 04:56:46 UTC (in 67.5 min)
2026-08-22 03:49:26 UTC INFO    __workspace___hf__models__Mistral-7B-Instruct-v0_3/stage1: 205/1800 done, 2.5s/item, elapsed 8.6 min, VRAM peak 86.6%, ETA 2026-08-22 04:56:38 UTC (in 67.2 min)
2026-08-22 03:49:37 UTC INFO    __workspace___hf__models__Mistral-7B-Instruct-v0_3/stage1: 210/1800 done, 2.5s/item, elapsed 8.8 min, VRAM peak 86.6%, ETA 2026-08-22 04:56:19 UTC (in 66.7 min)
2026-08-22 03:49:49 UTC INFO    __workspace___hf__models__Mistral-7B-Instruct-v0_3/stage1: 215/1800 done, 2.5s/item, elapsed 9.0 min, VRAM peak 86.6%, ETA 2026-08-22 04:56:21 UTC (in 66.5 min)
2026-08-22 03:50:03 UTC INFO    __workspace___hf__models__Mistral-7B-Instruct-v0_3/stage1: 220/1800 done, 2.5s/item, elapsed 9.3 min, VRAM peak 86.6%, ETA 2026-08-22 04:56:31 UTC (in 66.5 min)
2026-08-22 03:50:16 UTC INFO    __workspace___hf__models__Mistral-7B-Instruct-v0_3/stage1: 225/1800 done, 2.5s/item, elapsed 9.5 min, VRAM peak 86.6%, ETA 2026-08-22 04:56:34 UTC (in 66.3 min)
2026-08-22 03:50:28 UTC INFO    __workspace___hf__models__Mistral-7B-Instruct-v0_3/stage1: 230/1800 done, 2.5s/item, elapsed 9.7 min, VRAM peak 86.6%, ETA 2026-08-22 04:56:24 UTC (in 65.9 min)
2026-08-22 03:50:39 UTC INFO    __workspace___hf__models__Mistral-7B-Instruct-v0_3/stage1: 235/1800 done, 2.5s/item, elapsed 9.8 min, VRAM peak 86.6%, ETA 2026-08-22 04:56:12 UTC (in 65.6 min)
2026-08-22 03:50:50 UTC INFO    __workspace___hf__models__Mistral-7B-Instruct-v0_3/stage1: 240/1800 done, 2.5s/item, elapsed 10.0 min, VRAM peak 86.6%, ETA 2026-08-22 04:56:03 UTC (in 65.2 min)
2026-08-22 03:51:03 UTC INFO    __workspace___hf__models__Mistral-7B-Instruct-v0_3/stage1: 245/1800 done, 2.5s/item, elapsed 10.3 min, VRAM peak 86.6%, ETA 2026-08-22 04:56:08 UTC (in 65.1 min)
2026-08-22 03:51:18 UTC INFO    __workspace___hf__models__Mistral-7B-Instruct-v0_3/stage1: 250/1800 done, 2.5s/item, elapsed 10.5 min, VRAM peak 86.6%, ETA 2026-08-22 04:56:20 UTC (in 65.0 min)
2026-08-22 03:51:29 UTC INFO    __workspace___hf__models__Mistral-7B-Instruct-v0_3/stage1: 255/1800 done, 2.5s/item, elapsed 10.7 min, VRAM peak 86.6%, ETA 2026-08-22 04:56:10 UTC (in 64.7 min)
2026-08-22 03:51:42 UTC INFO    __workspace___hf__models__Mistral-7B-Instruct-v0_3/stage1: 260/1800 done, 2.5s/item, elapsed 10.9 min, VRAM peak 86.6%, ETA 2026-08-22 04:56:16 UTC (in 64.6 min)
2026-08-22 03:51:55 UTC INFO    __workspace___hf__models__Mistral-7B-Instruct-v0_3/stage1: 265/1800 done, 2.5s/item, elapsed 11.1 min, VRAM peak 86.6%, ETA 2026-08-22 04:56:21 UTC (in 64.4 min)
2026-08-22 03:52:07 UTC INFO    __workspace___hf__models__Mistral-7B-Instruct-v0_3/stage1: 270/1800 done, 2.5s/item, elapsed 11.3 min, VRAM peak 86.6%, ETA 2026-08-22 04:56:11 UTC (in 64.1 min)
2026-08-22 03:52:17 UTC INFO    __workspace___hf__models__Mistral-7B-Instruct-v0_3/stage1: 275/1800 done, 2.5s/item, elapsed 11.5 min, VRAM peak 86.6%, ETA 2026-08-22 04:55:58 UTC (in 63.7 min)
2026-08-22 03:52:26 UTC INFO    __workspace___hf__models__Mistral-7B-Instruct-v0_3/stage1: 280/1800 done, 2.5s/item, elapsed 11.6 min, VRAM peak 86.6%, ETA 2026-08-22 04:55:37 UTC (in 63.2 min)
2026-08-22 03:52:39 UTC INFO    __workspace___hf__models__Mistral-7B-Instruct-v0_3/stage1: 285/1800 done, 2.5s/item, elapsed 11.9 min, VRAM peak 86.6%, ETA 2026-08-22 04:55:39 UTC (in 63.0 min)
2026-08-22 03:52:55 UTC INFO    __workspace___hf__models__Mistral-7B-Instruct-v0_3/stage1: 290/1800 done, 2.5s/item, elapsed 12.1 min, VRAM peak 86.6%, ETA 2026-08-22 04:56:00 UTC (in 63.1 min)
2026-08-22 03:53:07 UTC INFO    __workspace___hf__models__Mistral-7B-Instruct-v0_3/stage1: 295/1800 done, 2.5s/item, elapsed 12.3 min, VRAM peak 86.6%, ETA 2026-08-22 04:55:54 UTC (in 62.8 min)
2026-08-22 03:53:20 UTC INFO    __workspace___hf__models__Mistral-7B-Instruct-v0_3/stage1: 300/1800 done, 2.5s/item, elapsed 12.5 min, VRAM peak 86.6%, ETA 2026-08-22 04:55:59 UTC (in 62.7 min)
2026-08-22 03:53:31 UTC INFO    __workspace___hf__models__Mistral-7B-Instruct-v0_3/stage1: 305/1800 done, 2.5s/item, elapsed 12.7 min, VRAM peak 86.6%, ETA 2026-08-22 04:55:49 UTC (in 62.3 min)
2026-08-22 03:53:42 UTC INFO    __workspace___hf__models__Mistral-7B-Instruct-v0_3/stage1: 310/1800 done, 2.5s/item, elapsed 12.9 min, VRAM peak 86.6%, ETA 2026-08-22 04:55:42 UTC (in 62.0 min)
2026-08-22 03:53:53 UTC INFO    __workspace___hf__models__Mistral-7B-Instruct-v0_3/stage1: 315/1800 done, 2.5s/item, elapsed 13.1 min, VRAM peak 86.6%, ETA 2026-08-22 04:55:34 UTC (in 61.7 min)
2026-08-22 03:54:08 UTC INFO    __workspace___hf__models__Mistral-7B-Instruct-v0_3/stage1: 320/1800 done, 2.5s/item, elapsed 13.3 min, VRAM peak 86.6%, ETA 2026-08-22 04:55:47 UTC (in 61.6 min)
2026-08-22 03:54:21 UTC INFO    __workspace___hf__models__Mistral-7B-Instruct-v0_3/stage1: 325/1800 done, 2.5s/item, elapsed 13.6 min, VRAM peak 87.0%, ETA 2026-08-22 04:55:52 UTC (in 61.5 min)
2026-08-22 03:54:35 UTC INFO    __workspace___hf__models__Mistral-7B-Instruct-v0_3/stage1: 330/1800 done, 2.5s/item, elapsed 13.8 min, VRAM peak 87.0%, ETA 2026-08-22 04:55:56 UTC (in 61.4 min)
2026-08-22 03:54:46 UTC INFO    __workspace___hf__models__Mistral-7B-Instruct-v0_3/stage1: 335/1800 done, 2.5s/item, elapsed 14.0 min, VRAM peak 87.0%, ETA 2026-08-22 04:55:49 UTC (in 61.0 min)
2026-08-22 03:54:58 UTC INFO    __workspace___hf__models__Mistral-7B-Instruct-v0_3/stage1: 340/1800 done, 2.5s/item, elapsed 14.2 min, VRAM peak 87.0%, ETA 2026-08-22 04:55:48 UTC (in 60.8 min)
2026-08-22 03:55:09 UTC INFO    __workspace___hf__models__Mistral-7B-Instruct-v0_3/stage1: 345/1800 done, 2.5s/item, elapsed 14.3 min, VRAM peak 87.0%, ETA 2026-08-22 04:55:37 UTC (in 60.5 min)
2026-08-22 03:55:24 UTC INFO    __workspace___hf__models__Mistral-7B-Instruct-v0_3/stage1: 350/1800 done, 2.5s/item, elapsed 14.6 min, VRAM peak 87.0%, ETA 2026-08-22 04:55:50 UTC (in 60.4 min)
2026-08-22 03:55:35 UTC INFO    __workspace___hf__models__Mistral-7B-Instruct-v0_3/stage1: 355/1800 done, 2.5s/item, elapsed 14.8 min, VRAM peak 87.0%, ETA 2026-08-22 04:55:44 UTC (in 60.2 min)
2026-08-22 03:55:47 UTC INFO    __workspace___hf__models__Mistral-7B-Instruct-v0_3/stage1: 360/1800 done, 2.5s/item, elapsed 15.0 min, VRAM peak 87.0%, ETA 2026-08-22 04:55:42 UTC (in 59.9 min)
2026-08-22 03:56:00 UTC INFO    __workspace___hf__models__Mistral-7B-Instruct-v0_3/stage1: 365/1800 done, 2.5s/item, elapsed 15.2 min, VRAM peak 87.0%, ETA 2026-08-22 04:55:46 UTC (in 59.8 min)
2026-08-22 03:56:14 UTC INFO    __workspace___hf__models__Mistral-7B-Instruct-v0_3/stage1: 370/1800 done, 2.5s/item, elapsed 15.4 min, VRAM peak 87.0%, ETA 2026-08-22 04:55:52 UTC (in 59.6 min)
2026-08-22 03:56:26 UTC INFO    __workspace___hf__models__Mistral-7B-Instruct-v0_3/stage1: 375/1800 done, 2.5s/item, elapsed 15.6 min, VRAM peak 87.0%, ETA 2026-08-22 04:55:52 UTC (in 59.4 min)
2026-08-22 03:56:39 UTC INFO    __workspace___hf__models__Mistral-7B-Instruct-v0_3/stage1: 380/1800 done, 2.5s/item, elapsed 15.8 min, VRAM peak 87.0%, ETA 2026-08-22 04:55:51 UTC (in 59.2 min)
2026-08-22 03:56:51 UTC INFO    __workspace___hf__models__Mistral-7B-Instruct-v0_3/stage1: 385/1800 done, 2.5s/item, elapsed 16.1 min, VRAM peak 87.0%, ETA 2026-08-22 04:55:51 UTC (in 59.0 min)
2026-08-22 03:57:03 UTC INFO    __workspace___hf__models__Mistral-7B-Instruct-v0_3/stage1: 390/1800 done, 2.5s/item, elapsed 16.2 min, VRAM peak 87.0%, ETA 2026-08-22 04:55:47 UTC (in 58.7 min)
2026-08-22 03:57:13 UTC INFO    __workspace___hf__models__Mistral-7B-Instruct-v0_3/stage1: 395/1800 done, 2.5s/item, elapsed 16.4 min, VRAM peak 87.0%, ETA 2026-08-22 04:55:35 UTC (in 58.4 min)
2026-08-22 03:57:27 UTC INFO    __workspace___hf__models__Mistral-7B-Instruct-v0_3/stage1: 400/1800 done, 2.5s/item, elapsed 16.6 min, VRAM peak 87.0%, ETA 2026-08-22 04:55:42 UTC (in 58.3 min)
2026-08-22 03:57:38 UTC INFO    __workspace___hf__models__Mistral-7B-Instruct-v0_3/stage1: 405/1800 done, 2.5s/item, elapsed 16.8 min, VRAM peak 87.0%, ETA 2026-08-22 04:55:37 UTC (in 58.0 min)
2026-08-22 03:57:51 UTC INFO    __workspace___hf__models__Mistral-7B-Instruct-v0_3/stage1: 410/1800 done, 2.5s/item, elapsed 17.0 min, VRAM peak 87.0%, ETA 2026-08-22 04:55:37 UTC (in 57.8 min)
2026-08-22 03:58:04 UTC INFO    __workspace___hf__models__Mistral-7B-Instruct-v0_3/stage1: 415/1800 done, 2.5s/item, elapsed 17.3 min, VRAM peak 87.0%, ETA 2026-08-22 04:55:41 UTC (in 57.6 min)
2026-08-22 03:58:17 UTC INFO    __workspace___hf__models__Mistral-7B-Instruct-v0_3/stage1: 420/1800 done, 2.5s/item, elapsed 17.5 min, VRAM peak 87.0%, ETA 2026-08-22 04:55:42 UTC (in 57.4 min)
2026-08-22 03:58:29 UTC INFO    __workspace___hf__models__Mistral-7B-Instruct-v0_3/stage1: 425/1800 done, 2.5s/item, elapsed 17.7 min, VRAM peak 87.0%, ETA 2026-08-22 04:55:42 UTC (in 57.2 min)
2026-08-22 03:58:42 UTC INFO    __workspace___hf__models__Mistral-7B-Instruct-v0_3/stage1: 430/1800 done, 2.5s/item, elapsed 17.9 min, VRAM peak 87.5%, ETA 2026-08-22 04:55:43 UTC (in 57.0 min)
2026-08-22 03:58:59 UTC INFO    __workspace___hf__models__Mistral-7B-Instruct-v0_3/stage1: 435/1800 done, 2.5s/item, elapsed 18.2 min, VRAM peak 87.5%, ETA 2026-08-22 04:56:01 UTC (in 57.0 min)
2026-08-22 03:59:11 UTC INFO    __workspace___hf__models__Mistral-7B-Instruct-v0_3/stage1: 440/1800 done, 2.5s/item, elapsed 18.4 min, VRAM peak 87.5%, ETA 2026-08-22 04:55:58 UTC (in 56.8 min)
2026-08-22 03:59:21 UTC INFO    __workspace___hf__models__Mistral-7B-Instruct-v0_3/stage1: 445/1800 done, 2.5s/item, elapsed 18.5 min, VRAM peak 87.5%, ETA 2026-08-22 04:55:49 UTC (in 56.5 min)
2026-08-22 03:59:34 UTC INFO    __workspace___hf__models__Mistral-7B-Instruct-v0_3/stage1: 450/1800 done, 2.5s/item, elapsed 18.8 min, VRAM peak 87.5%, ETA 2026-08-22 04:55:52 UTC (in 56.3 min)
2026-08-22 03:59:46 UTC INFO    __workspace___hf__models__Mistral-7B-Instruct-v0_3/stage1: 455/1800 done, 2.5s/item, elapsed 19.0 min, VRAM peak 87.5%, ETA 2026-08-22 04:55:49 UTC (in 56.1 min)
2026-08-22 03:59:58 UTC INFO    __workspace___hf__models__Mistral-7B-Instruct-v0_3/stage1: 460/1800 done, 2.5s/item, elapsed 19.2 min, VRAM peak 87.5%, ETA 2026-08-22 04:55:47 UTC (in 55.8 min)
2026-08-22 04:00:10 UTC INFO    __workspace___hf__models__Mistral-7B-Instruct-v0_3/stage1: 465/1800 done, 2.5s/item, elapsed 19.4 min, VRAM peak 87.5%, ETA 2026-08-22 04:55:48 UTC (in 55.6 min)
2026-08-22 04:00:22 UTC INFO    __workspace___hf__models__Mistral-7B-Instruct-v0_3/stage1: 470/1800 done, 2.5s/item, elapsed 19.6 min, VRAM peak 87.5%, ETA 2026-08-22 04:55:43 UTC (in 55.4 min)
2026-08-22 04:00:35 UTC INFO    __workspace___hf__models__Mistral-7B-Instruct-v0_3/stage1: 475/1800 done, 2.5s/item, elapsed 19.8 min, VRAM peak 87.5%, ETA 2026-08-22 04:55:45 UTC (in 55.2 min)
2026-08-22 04:00:49 UTC INFO    __workspace___hf__models__Mistral-7B-Instruct-v0_3/stage1: 480/1800 done, 2.5s/item, elapsed 20.0 min, VRAM peak 87.5%, ETA 2026-08-22 04:55:50 UTC (in 55.0 min)
2026-08-22 04:00:59 UTC INFO    __workspace___hf__models__Mistral-7B-Instruct-v0_3/stage1: 485/1800 done, 2.5s/item, elapsed 20.2 min, VRAM peak 87.5%, ETA 2026-08-22 04:55:42 UTC (in 54.7 min)
2026-08-22 04:01:11 UTC INFO    __workspace___hf__models__Mistral-7B-Instruct-v0_3/stage1: 490/1800 done, 2.5s/item, elapsed 20.4 min, VRAM peak 87.5%, ETA 2026-08-22 04:55:40 UTC (in 54.5 min)
2026-08-22 04:01:21 UTC INFO    __workspace___hf__models__Mistral-7B-Instruct-v0_3/stage1: 495/1800 done, 2.5s/item, elapsed 20.5 min, VRAM peak 87.5%, ETA 2026-08-22 04:55:30 UTC (in 54.2 min)
2026-08-22 04:01:32 UTC INFO    __workspace___hf__models__Mistral-7B-Instruct-v0_3/stage1: 500/1800 done, 2.5s/item, elapsed 20.7 min, VRAM peak 87.5%, ETA 2026-08-22 04:55:28 UTC (in 53.9 min)
2026-08-22 04:01:44 UTC INFO    __workspace___hf__models__Mistral-7B-Instruct-v0_3/stage1: 505/1800 done, 2.5s/item, elapsed 20.9 min, VRAM peak 87.5%, ETA 2026-08-22 04:55:25 UTC (in 53.7 min)
2026-08-22 04:01:54 UTC INFO    __workspace___hf__models__Mistral-7B-Instruct-v0_3/stage1: 510/1800 done, 2.5s/item, elapsed 21.1 min, VRAM peak 87.5%, ETA 2026-08-22 04:55:17 UTC (in 53.4 min)
2026-08-22 04:02:07 UTC INFO    __workspace___hf__models__Mistral-7B-Instruct-v0_3/stage1: 515/1800 done, 2.5s/item, elapsed 21.3 min, VRAM peak 87.5%, ETA 2026-08-22 04:55:17 UTC (in 53.2 min)
2026-08-22 04:02:18 UTC INFO    __workspace___hf__models__Mistral-7B-Instruct-v0_3/stage1: 520/1800 done, 2.5s/item, elapsed 21.5 min, VRAM peak 87.5%, ETA 2026-08-22 04:55:15 UTC (in 52.9 min)
2026-08-22 04:02:29 UTC INFO    __workspace___hf__models__Mistral-7B-Instruct-v0_3/stage1: 525/1800 done, 2.5s/item, elapsed 21.7 min, VRAM peak 87.5%, ETA 2026-08-22 04:55:09 UTC (in 52.7 min)
2026-08-22 04:02:43 UTC INFO    __workspace___hf__models__Mistral-7B-Instruct-v0_3/stage1: 530/1800 done, 2.5s/item, elapsed 21.9 min, VRAM peak 87.5%, ETA 2026-08-22 04:55:15 UTC (in 52.5 min)
2026-08-22 04:02:55 UTC INFO    __workspace___hf__models__Mistral-7B-Instruct-v0_3/stage1: 535/1800 done, 2.5s/item, elapsed 22.1 min, VRAM peak 87.5%, ETA 2026-08-22 04:55:11 UTC (in 52.3 min)
2026-08-22 04:03:07 UTC INFO    __workspace___hf__models__Mistral-7B-Instruct-v0_3/stage1: 540/1800 done, 2.5s/item, elapsed 22.3 min, VRAM peak 87.5%, ETA 2026-08-22 04:55:11 UTC (in 52.1 min)
2026-08-22 04:03:19 UTC INFO    __workspace___hf__models__Mistral-7B-Instruct-v0_3/stage1: 545/1800 done, 2.5s/item, elapsed 22.5 min, VRAM peak 87.5%, ETA 2026-08-22 04:55:11 UTC (in 51.9 min)
2026-08-22 04:03:33 UTC INFO    __workspace___hf__models__Mistral-7B-Instruct-v0_3/stage1: 550/1800 done, 2.5s/item, elapsed 22.8 min, VRAM peak 87.5%, ETA 2026-08-22 04:55:17 UTC (in 51.7 min)
2026-08-22 04:03:43 UTC INFO    __workspace___hf__models__Mistral-7B-Instruct-v0_3/stage1: 555/1800 done, 2.5s/item, elapsed 22.9 min, VRAM peak 87.5%, ETA 2026-08-22 04:55:08 UTC (in 51.4 min)
2026-08-22 04:03:55 UTC INFO    __workspace___hf__models__Mistral-7B-Instruct-v0_3/stage1: 560/1800 done, 2.5s/item, elapsed 23.1 min, VRAM peak 87.5%, ETA 2026-08-22 04:55:05 UTC (in 51.2 min)
2026-08-22 04:04:05 UTC INFO    __workspace___hf__models__Mistral-7B-Instruct-v0_3/stage1: 565/1800 done, 2.5s/item, elapsed 23.3 min, VRAM peak 87.5%, ETA 2026-08-22 04:54:58 UTC (in 50.9 min)
2026-08-22 04:04:16 UTC INFO    __workspace___hf__models__Mistral-7B-Instruct-v0_3/stage1: 570/1800 done, 2.5s/item, elapsed 23.5 min, VRAM peak 87.5%, ETA 2026-08-22 04:54:53 UTC (in 50.6 min)
2026-08-22 04:04:27 UTC INFO    __workspace___hf__models__Mistral-7B-Instruct-v0_3/stage1: 575/1800 done, 2.5s/item, elapsed 23.7 min, VRAM peak 87.5%, ETA 2026-08-22 04:54:50 UTC (in 50.4 min)
2026-08-22 04:04:38 UTC INFO    __workspace___hf__models__Mistral-7B-Instruct-v0_3/stage1: 580/1800 done, 2.5s/item, elapsed 23.8 min, VRAM peak 87.5%, ETA 2026-08-22 04:54:46 UTC (in 50.1 min)
2026-08-22 04:04:50 UTC INFO    __workspace___hf__models__Mistral-7B-Instruct-v0_3/stage1: 585/1800 done, 2.5s/item, elapsed 24.0 min, VRAM peak 87.5%, ETA 2026-08-22 04:54:43 UTC (in 49.9 min)
2026-08-22 04:05:00 UTC INFO    __workspace___hf__models__Mistral-7B-Instruct-v0_3/stage1: 590/1800 done, 2.5s/item, elapsed 24.2 min, VRAM peak 87.5%, ETA 2026-08-22 04:54:38 UTC (in 49.6 min)
2026-08-22 04:05:12 UTC INFO    __workspace___hf__models__Mistral-7B-Instruct-v0_3/stage1: 595/1800 done, 2.5s/item, elapsed 24.4 min, VRAM peak 87.5%, ETA 2026-08-22 04:54:36 UTC (in 49.4 min)
2026-08-22 04:05:26 UTC INFO    __workspace___hf__models__Mistral-7B-Instruct-v0_3/stage1: 600/1800 done, 2.5s/item, elapsed 24.6 min, VRAM peak 87.5%, ETA 2026-08-22 04:54:42 UTC (in 49.3 min)
2026-08-22 04:05:38 UTC INFO    __workspace___hf__models__Mistral-7B-Instruct-v0_3/stage1: 605/1800 done, 2.5s/item, elapsed 24.8 min, VRAM peak 87.5%, ETA 2026-08-22 04:54:42 UTC (in 49.1 min)
2026-08-22 04:05:50 UTC INFO    __workspace___hf__models__Mistral-7B-Instruct-v0_3/stage1: 610/1800 done, 2.5s/item, elapsed 25.0 min, VRAM peak 87.5%, ETA 2026-08-22 04:54:40 UTC (in 48.8 min)
2026-08-22 04:06:02 UTC INFO    __workspace___hf__models__Mistral-7B-Instruct-v0_3/stage1: 615/1800 done, 2.5s/item, elapsed 25.2 min, VRAM peak 87.5%, ETA 2026-08-22 04:54:38 UTC (in 48.6 min)
2026-08-22 04:06:12 UTC INFO    __workspace___hf__models__Mistral-7B-Instruct-v0_3/stage1: 620/1800 done, 2.5s/item, elapsed 25.4 min, VRAM peak 87.5%, ETA 2026-08-22 04:54:32 UTC (in 48.3 min)
2026-08-22 04:06:22 UTC INFO    __workspace___hf__models__Mistral-7B-Instruct-v0_3/stage1: 625/1800 done, 2.5s/item, elapsed 25.6 min, VRAM peak 87.5%, ETA 2026-08-22 04:54:25 UTC (in 48.1 min)
2026-08-22 04:06:34 UTC INFO    __workspace___hf__models__Mistral-7B-Instruct-v0_3/stage1: 630/1800 done, 2.5s/item, elapsed 25.8 min, VRAM peak 87.5%, ETA 2026-08-22 04:54:26 UTC (in 47.9 min)
2026-08-22 04:06:47 UTC INFO    __workspace___hf__models__Mistral-7B-Instruct-v0_3/stage1: 635/1800 done, 2.5s/item, elapsed 26.0 min, VRAM peak 87.5%, ETA 2026-08-22 04:54:26 UTC (in 47.7 min)
2026-08-22 04:06:57 UTC INFO    __workspace___hf__models__Mistral-7B-Instruct-v0_3/stage1: 640/1800 done, 2.5s/item, elapsed 26.2 min, VRAM peak 87.5%, ETA 2026-08-22 04:54:22 UTC (in 47.4 min)
2026-08-22 04:07:11 UTC INFO    __workspace___hf__models__Mistral-7B-Instruct-v0_3/stage1: 645/1800 done, 2.5s/item, elapsed 26.4 min, VRAM peak 87.5%, ETA 2026-08-22 04:54:24 UTC (in 47.2 min)
2026-08-22 04:07:24 UTC INFO    __workspace___hf__models__Mistral-7B-Instruct-v0_3/stage1: 650/1800 done, 2.5s/item, elapsed 26.6 min, VRAM peak 87.5%, ETA 2026-08-22 04:54:29 UTC (in 47.1 min)
2026-08-22 04:07:38 UTC INFO    __workspace___hf__models__Mistral-7B-Instruct-v0_3/stage1: 655/1800 done, 2.5s/item, elapsed 26.8 min, VRAM peak 87.5%, ETA 2026-08-22 04:54:32 UTC (in 46.9 min)
2026-08-22 04:07:52 UTC INFO    __workspace___hf__models__Mistral-7B-Instruct-v0_3/stage1: 660/1800 done, 2.5s/item, elapsed 27.1 min, VRAM peak 87.5%, ETA 2026-08-22 04:54:37 UTC (in 46.8 min)
2026-08-22 04:08:01 UTC INFO    __workspace___hf__models__Mistral-7B-Instruct-v0_3/stage1: 665/1800 done, 2.5s/item, elapsed 27.2 min, VRAM peak 87.5%, ETA 2026-08-22 04:54:28 UTC (in 46.4 min)
2026-08-22 04:08:12 UTC INFO    __workspace___hf__models__Mistral-7B-Instruct-v0_3/stage1: 670/1800 done, 2.5s/item, elapsed 27.4 min, VRAM peak 87.5%, ETA 2026-08-22 04:54:26 UTC (in 46.2 min)
2026-08-22 04:08:22 UTC INFO    __workspace___hf__models__Mistral-7B-Instruct-v0_3/stage1: 675/1800 done, 2.5s/item, elapsed 27.6 min, VRAM peak 87.5%, ETA 2026-08-22 04:54:19 UTC (in 45.9 min)
2026-08-22 04:08:37 UTC INFO    __workspace___hf__models__Mistral-7B-Instruct-v0_3/stage1: 680/1800 done, 2.5s/item, elapsed 27.8 min, VRAM peak 87.5%, ETA 2026-08-22 04:54:26 UTC (in 45.8 min)
2026-08-22 04:08:49 UTC INFO    __workspace___hf__models__Mistral-7B-Instruct-v0_3/stage1: 685/1800 done, 2.5s/item, elapsed 28.0 min, VRAM peak 87.5%, ETA 2026-08-22 04:54:25 UTC (in 45.6 min)
2026-08-22 04:09:02 UTC INFO    __workspace___hf__models__Mistral-7B-Instruct-v0_3/stage1: 690/1800 done, 2.5s/item, elapsed 28.2 min, VRAM peak 87.5%, ETA 2026-08-22 04:54:26 UTC (in 45.4 min)
2026-08-22 04:09:13 UTC INFO    __workspace___hf__models__Mistral-7B-Instruct-v0_3/stage1: 695/1800 done, 2.5s/item, elapsed 28.4 min, VRAM peak 87.5%, ETA 2026-08-22 04:54:23 UTC (in 45.2 min)
2026-08-22 04:09:26 UTC INFO    __workspace___hf__models__Mistral-7B-Instruct-v0_3/stage1: 700/1800 done, 2.5s/item, elapsed 28.6 min, VRAM peak 87.5%, ETA 2026-08-22 04:54:24 UTC (in 45.0 min)
2026-08-22 04:09:37 UTC INFO    __workspace___hf__models__Mistral-7B-Instruct-v0_3/stage1: 705/1800 done, 2.5s/item, elapsed 28.8 min, VRAM peak 87.5%, ETA 2026-08-22 04:54:21 UTC (in 44.7 min)
2026-08-22 04:09:48 UTC INFO    __workspace___hf__models__Mistral-7B-Instruct-v0_3/stage1: 710/1800 done, 2.4s/item, elapsed 29.0 min, VRAM peak 87.5%, ETA 2026-08-22 04:54:18 UTC (in 44.5 min)
2026-08-22 04:09:58 UTC INFO    __workspace___hf__models__Mistral-7B-Instruct-v0_3/stage1: 715/1800 done, 2.4s/item, elapsed 29.2 min, VRAM peak 87.5%, ETA 2026-08-22 04:54:13 UTC (in 44.3 min)
2026-08-22 04:10:09 UTC INFO    __workspace___hf__models__Mistral-7B-Instruct-v0_3/stage1: 720/1800 done, 2.4s/item, elapsed 29.3 min, VRAM peak 87.5%, ETA 2026-08-22 04:54:10 UTC (in 44.0 min)
2026-08-22 04:10:20 UTC INFO    __workspace___hf__models__Mistral-7B-Instruct-v0_3/stage1: 725/1800 done, 2.4s/item, elapsed 29.5 min, VRAM peak 87.5%, ETA 2026-08-22 04:54:09 UTC (in 43.8 min)
2026-08-22 04:10:33 UTC INFO    __workspace___hf__models__Mistral-7B-Instruct-v0_3/stage1: 730/1800 done, 2.4s/item, elapsed 29.7 min, VRAM peak 87.5%, ETA 2026-08-22 04:54:08 UTC (in 43.6 min)
2026-08-22 04:10:48 UTC INFO    __workspace___hf__models__Mistral-7B-Instruct-v0_3/stage1: 735/1800 done, 2.4s/item, elapsed 30.0 min, VRAM peak 87.5%, ETA 2026-08-22 04:54:17 UTC (in 43.5 min)
2026-08-22 04:10:59 UTC INFO    __workspace___hf__models__Mistral-7B-Instruct-v0_3/stage1: 740/1800 done, 2.4s/item, elapsed 30.2 min, VRAM peak 87.5%, ETA 2026-08-22 04:54:13 UTC (in 43.2 min)
2026-08-22 04:11:12 UTC INFO    __workspace___hf__models__Mistral-7B-Instruct-v0_3/stage1: 745/1800 done, 2.4s/item, elapsed 30.4 min, VRAM peak 87.5%, ETA 2026-08-22 04:54:15 UTC (in 43.0 min)
2026-08-22 04:11:21 UTC INFO    __workspace___hf__models__Mistral-7B-Instruct-v0_3/stage1: 750/1800 done, 2.4s/item, elapsed 30.6 min, VRAM peak 87.5%, ETA 2026-08-22 04:54:08 UTC (in 42.8 min)
2026-08-22 04:11:31 UTC INFO    __workspace___hf__models__Mistral-7B-Instruct-v0_3/stage1: 755/1800 done, 2.4s/item, elapsed 30.7 min, VRAM peak 87.5%, ETA 2026-08-22 04:54:02 UTC (in 42.5 min)
2026-08-22 04:11:41 UTC INFO    __workspace___hf__models__Mistral-7B-Instruct-v0_3/stage1: 760/1800 done, 2.4s/item, elapsed 30.9 min, VRAM peak 87.5%, ETA 2026-08-22 04:53:57 UTC (in 42.3 min)
2026-08-22 04:11:55 UTC INFO    __workspace___hf__models__Mistral-7B-Instruct-v0_3/stage1: 765/1800 done, 2.4s/item, elapsed 31.1 min, VRAM peak 87.5%, ETA 2026-08-22 04:54:01 UTC (in 42.1 min)
2026-08-22 04:12:06 UTC INFO    __workspace___hf__models__Mistral-7B-Instruct-v0_3/stage1: 770/1800 done, 2.4s/item, elapsed 31.3 min, VRAM peak 87.5%, ETA 2026-08-22 04:53:57 UTC (in 41.9 min)
2026-08-22 04:12:15 UTC INFO    __workspace___hf__models__Mistral-7B-Instruct-v0_3/stage1: 775/1800 done, 2.4s/item, elapsed 31.5 min, VRAM peak 87.5%, ETA 2026-08-22 04:53:52 UTC (in 41.6 min)
2026-08-22 04:12:27 UTC INFO    __workspace___hf__models__Mistral-7B-Instruct-v0_3/stage1: 780/1800 done, 2.4s/item, elapsed 31.7 min, VRAM peak 87.5%, ETA 2026-08-22 04:53:51 UTC (in 41.4 min)
2026-08-22 04:12:41 UTC INFO    __workspace___hf__models__Mistral-7B-Instruct-v0_3/stage1: 785/1800 done, 2.4s/item, elapsed 31.9 min, VRAM peak 87.5%, ETA 2026-08-22 04:53:54 UTC (in 41.2 min)
2026-08-22 04:12:53 UTC INFO    __workspace___hf__models__Mistral-7B-Instruct-v0_3/stage1: 790/1800 done, 2.4s/item, elapsed 32.1 min, VRAM peak 88.0%, ETA 2026-08-22 04:53:54 UTC (in 41.0 min)
2026-08-22 04:13:04 UTC INFO    __workspace___hf__models__Mistral-7B-Instruct-v0_3/stage1: 795/1800 done, 2.4s/item, elapsed 32.3 min, VRAM peak 88.0%, ETA 2026-08-22 04:53:50 UTC (in 40.8 min)
2026-08-22 04:13:16 UTC INFO    __workspace___hf__models__Mistral-7B-Instruct-v0_3/stage1: 800/1800 done, 2.4s/item, elapsed 32.5 min, VRAM peak 88.0%, ETA 2026-08-22 04:53:50 UTC (in 40.6 min)
2026-08-22 04:13:31 UTC INFO    __workspace___hf__models__Mistral-7B-Instruct-v0_3/stage1: 805/1800 done, 2.4s/item, elapsed 32.7 min, VRAM peak 88.0%, ETA 2026-08-22 04:53:58 UTC (in 40.4 min)
2026-08-22 04:13:41 UTC INFO    __workspace___hf__models__Mistral-7B-Instruct-v0_3/stage1: 810/1800 done, 2.4s/item, elapsed 32.9 min, VRAM peak 88.0%, ETA 2026-08-22 04:53:53 UTC (in 40.2 min)
2026-08-22 04:13:52 UTC INFO    __workspace___hf__models__Mistral-7B-Instruct-v0_3/stage1: 815/1800 done, 2.4s/item, elapsed 33.1 min, VRAM peak 88.0%, ETA 2026-08-22 04:53:50 UTC (in 40.0 min)
2026-08-22 04:14:03 UTC INFO    __workspace___hf__models__Mistral-7B-Instruct-v0_3/stage1: 820/1800 done, 2.4s/item, elapsed 33.2 min, VRAM peak 88.0%, ETA 2026-08-22 04:53:47 UTC (in 39.7 min)
2026-08-22 04:14:15 UTC INFO    __workspace___hf__models__Mistral-7B-Instruct-v0_3/stage1: 825/1800 done, 2.4s/item, elapsed 33.4 min, VRAM peak 88.0%, ETA 2026-08-22 04:53:47 UTC (in 39.5 min)
2026-08-22 04:14:28 UTC INFO    __workspace___hf__models__Mistral-7B-Instruct-v0_3/stage1: 830/1800 done, 2.4s/item, elapsed 33.7 min, VRAM peak 88.0%, ETA 2026-08-22 04:53:49 UTC (in 39.3 min)
2026-08-22 04:14:41 UTC INFO    __workspace___hf__models__Mistral-7B-Instruct-v0_3/stage1: 835/1800 done, 2.4s/item, elapsed 33.9 min, VRAM peak 88.0%, ETA 2026-08-22 04:53:50 UTC (in 39.2 min)
2026-08-22 04:14:50 UTC INFO    __workspace___hf__models__Mistral-7B-Instruct-v0_3/stage1: 840/1800 done, 2.4s/item, elapsed 34.0 min, VRAM peak 88.0%, ETA 2026-08-22 04:53:45 UTC (in 38.9 min)
2026-08-22 04:15:02 UTC INFO    __workspace___hf__models__Mistral-7B-Instruct-v0_3/stage1: 845/1800 done, 2.4s/item, elapsed 34.2 min, VRAM peak 88.0%, ETA 2026-08-22 04:53:43 UTC (in 38.7 min)
2026-08-22 04:15:12 UTC INFO    __workspace___hf__models__Mistral-7B-Instruct-v0_3/stage1: 850/1800 done, 2.4s/item, elapsed 34.4 min, VRAM peak 88.0%, ETA 2026-08-22 04:53:40 UTC (in 38.5 min)
2026-08-22 04:15:26 UTC INFO    __workspace___hf__models__Mistral-7B-Instruct-v0_3/stage1: 855/1800 done, 2.4s/item, elapsed 34.6 min, VRAM peak 88.0%, ETA 2026-08-22 04:53:43 UTC (in 38.3 min)
2026-08-22 04:15:41 UTC INFO    __workspace___hf__models__Mistral-7B-Instruct-v0_3/stage1: 860/1800 done, 2.4s/item, elapsed 34.9 min, VRAM peak 88.0%, ETA 2026-08-22 04:53:50 UTC (in 38.1 min)
2026-08-22 04:15:53 UTC INFO    __workspace___hf__models__Mistral-7B-Instruct-v0_3/stage1: 865/1800 done, 2.4s/item, elapsed 35.1 min, VRAM peak 88.0%, ETA 2026-08-22 04:53:47 UTC (in 37.9 min)
2026-08-22 04:16:03 UTC INFO    __workspace___hf__models__Mistral-7B-Instruct-v0_3/stage1: 870/1800 done, 2.4s/item, elapsed 35.2 min, VRAM peak 88.0%, ETA 2026-08-22 04:53:44 UTC (in 37.7 min)
2026-08-22 04:16:15 UTC INFO    __workspace___hf__models__Mistral-7B-Instruct-v0_3/stage1: 875/1800 done, 2.4s/item, elapsed 35.5 min, VRAM peak 88.0%, ETA 2026-08-22 04:53:44 UTC (in 37.5 min)
2026-08-22 04:16:26 UTC INFO    __workspace___hf__models__Mistral-7B-Instruct-v0_3/stage1: 880/1800 done, 2.4s/item, elapsed 35.6 min, VRAM peak 88.0%, ETA 2026-08-22 04:53:42 UTC (in 37.3 min)
2026-08-22 04:16:35 UTC INFO    __workspace___hf__models__Mistral-7B-Instruct-v0_3/stage1: 885/1800 done, 2.4s/item, elapsed 35.8 min, VRAM peak 88.0%, ETA 2026-08-22 04:53:35 UTC (in 37.0 min)
2026-08-22 04:16:48 UTC INFO    __workspace___hf__models__Mistral-7B-Instruct-v0_3/stage1: 890/1800 done, 2.4s/item, elapsed 36.0 min, VRAM peak 88.0%, ETA 2026-08-22 04:53:37 UTC (in 36.8 min)
2026-08-22 04:17:00 UTC INFO    __workspace___hf__models__Mistral-7B-Instruct-v0_3/stage1: 895/1800 done, 2.4s/item, elapsed 36.2 min, VRAM peak 88.0%, ETA 2026-08-22 04:53:37 UTC (in 36.6 min)
2026-08-22 04:17:14 UTC INFO    __workspace___hf__models__Mistral-7B-Instruct-v0_3/stage1: 900/1800 done, 2.4s/item, elapsed 36.4 min, VRAM peak 88.0%, ETA 2026-08-22 04:53:39 UTC (in 36.4 min)
2026-08-22 04:17:27 UTC INFO    __workspace___hf__models__Mistral-7B-Instruct-v0_3/stage1: 905/1800 done, 2.4s/item, elapsed 36.6 min, VRAM peak 88.0%, ETA 2026-08-22 04:53:42 UTC (in 36.2 min)
2026-08-22 04:17:37 UTC INFO    __workspace___hf__models__Mistral-7B-Instruct-v0_3/stage1: 910/1800 done, 2.4s/item, elapsed 36.8 min, VRAM peak 88.0%, ETA 2026-08-22 04:53:36 UTC (in 36.0 min)
2026-08-22 04:17:54 UTC INFO    __workspace___hf__models__Mistral-7B-Instruct-v0_3/stage1: 915/1800 done, 2.4s/item, elapsed 37.1 min, VRAM peak 88.0%, ETA 2026-08-22 04:53:46 UTC (in 35.9 min)
2026-08-22 04:18:07 UTC INFO    __workspace___hf__models__Mistral-7B-Instruct-v0_3/stage1: 920/1800 done, 2.4s/item, elapsed 37.3 min, VRAM peak 88.0%, ETA 2026-08-22 04:53:50 UTC (in 35.7 min)
2026-08-22 04:18:20 UTC INFO    __workspace___hf__models__Mistral-7B-Instruct-v0_3/stage1: 925/1800 done, 2.4s/item, elapsed 37.5 min, VRAM peak 88.0%, ETA 2026-08-22 04:53:49 UTC (in 35.5 min)
2026-08-22 04:18:31 UTC INFO    __workspace___hf__models__Mistral-7B-Instruct-v0_3/stage1: 930/1800 done, 2.4s/item, elapsed 37.7 min, VRAM peak 88.0%, ETA 2026-08-22 04:53:48 UTC (in 35.3 min)
2026-08-22 04:18:45 UTC INFO    __workspace___hf__models__Mistral-7B-Instruct-v0_3/stage1: 935/1800 done, 2.4s/item, elapsed 38.0 min, VRAM peak 88.0%, ETA 2026-08-22 04:53:52 UTC (in 35.1 min)
2026-08-22 04:18:58 UTC INFO    __workspace___hf__models__Mistral-7B-Instruct-v0_3/stage1: 940/1800 done, 2.4s/item, elapsed 38.2 min, VRAM peak 88.0%, ETA 2026-08-22 04:53:53 UTC (in 34.9 min)
2026-08-22 04:19:09 UTC INFO    __workspace___hf__models__Mistral-7B-Instruct-v0_3/stage1: 945/1800 done, 2.4s/item, elapsed 38.3 min, VRAM peak 88.0%, ETA 2026-08-22 04:53:51 UTC (in 34.7 min)
2026-08-22 04:19:19 UTC INFO    __workspace___hf__models__Mistral-7B-Instruct-v0_3/stage1: 950/1800 done, 2.4s/item, elapsed 38.5 min, VRAM peak 88.0%, ETA 2026-08-22 04:53:46 UTC (in 34.5 min)
2026-08-22 04:19:30 UTC INFO    __workspace___hf__models__Mistral-7B-Instruct-v0_3/stage1: 955/1800 done, 2.4s/item, elapsed 38.7 min, VRAM peak 88.0%, ETA 2026-08-22 04:53:44 UTC (in 34.2 min)
2026-08-22 04:19:41 UTC INFO    __workspace___hf__models__Mistral-7B-Instruct-v0_3/stage1: 960/1800 done, 2.4s/item, elapsed 38.9 min, VRAM peak 88.0%, ETA 2026-08-22 04:53:42 UTC (in 34.0 min)
2026-08-22 04:19:54 UTC INFO    __workspace___hf__models__Mistral-7B-Instruct-v0_3/stage1: 965/1800 done, 2.4s/item, elapsed 39.1 min, VRAM peak 88.0%, ETA 2026-08-22 04:53:44 UTC (in 33.8 min)
2026-08-22 04:20:05 UTC INFO    __workspace___hf__models__Mistral-7B-Instruct-v0_3/stage1: 970/1800 done, 2.4s/item, elapsed 39.3 min, VRAM peak 88.0%, ETA 2026-08-22 04:53:42 UTC (in 33.6 min)
2026-08-22 04:20:17 UTC INFO    __workspace___hf__models__Mistral-7B-Instruct-v0_3/stage1: 975/1800 done, 2.4s/item, elapsed 39.5 min, VRAM peak 88.0%, ETA 2026-08-22 04:53:41 UTC (in 33.4 min)
2026-08-22 04:20:26 UTC INFO    __workspace___hf__models__Mistral-7B-Instruct-v0_3/stage1: 980/1800 done, 2.4s/item, elapsed 39.6 min, VRAM peak 88.0%, ETA 2026-08-22 04:53:36 UTC (in 33.2 min)
2026-08-22 04:20:36 UTC INFO    __workspace___hf__models__Mistral-7B-Instruct-v0_3/stage1: 985/1800 done, 2.4s/item, elapsed 39.8 min, VRAM peak 88.0%, ETA 2026-08-22 04:53:32 UTC (in 32.9 min)
2026-08-22 04:20:49 UTC INFO    __workspace___hf__models__Mistral-7B-Instruct-v0_3/stage1: 990/1800 done, 2.4s/item, elapsed 40.0 min, VRAM peak 88.0%, ETA 2026-08-22 04:53:34 UTC (in 32.7 min)
2026-08-22 04:21:03 UTC INFO    __workspace___hf__models__Mistral-7B-Instruct-v0_3/stage1: 995/1800 done, 2.4s/item, elapsed 40.3 min, VRAM peak 88.0%, ETA 2026-08-22 04:53:37 UTC (in 32.6 min)
2026-08-22 04:21:14 UTC INFO    __workspace___hf__models__Mistral-7B-Instruct-v0_3/stage1: 1000/1800 done, 2.4s/item, elapsed 40.4 min, VRAM peak 88.4%, ETA 2026-08-22 04:53:35 UTC (in 32.3 min)
2026-08-22 04:21:26 UTC INFO    __workspace___hf__models__Mistral-7B-Instruct-v0_3/stage1: 1005/1800 done, 2.4s/item, elapsed 40.6 min, VRAM peak 88.4%, ETA 2026-08-22 04:53:35 UTC (in 32.1 min)
2026-08-22 04:21:39 UTC INFO    __workspace___hf__models__Mistral-7B-Instruct-v0_3/stage1: 1010/1800 done, 2.4s/item, elapsed 40.8 min, VRAM peak 88.4%, ETA 2026-08-22 04:53:35 UTC (in 31.9 min)
2026-08-22 04:21:49 UTC INFO    __workspace___hf__models__Mistral-7B-Instruct-v0_3/stage1: 1015/1800 done, 2.4s/item, elapsed 41.0 min, VRAM peak 88.4%, ETA 2026-08-22 04:53:32 UTC (in 31.7 min)
2026-08-22 04:21:58 UTC INFO    __workspace___hf__models__Mistral-7B-Instruct-v0_3/stage1: 1020/1800 done, 2.4s/item, elapsed 41.2 min, VRAM peak 88.4%, ETA 2026-08-22 04:53:27 UTC (in 31.5 min)
2026-08-22 04:22:09 UTC INFO    __workspace___hf__models__Mistral-7B-Instruct-v0_3/stage1: 1025/1800 done, 2.4s/item, elapsed 41.4 min, VRAM peak 88.4%, ETA 2026-08-22 04:53:25 UTC (in 31.3 min)
2026-08-22 04:22:21 UTC INFO    __workspace___hf__models__Mistral-7B-Instruct-v0_3/stage1: 1030/1800 done, 2.4s/item, elapsed 41.5 min, VRAM peak 88.4%, ETA 2026-08-22 04:53:24 UTC (in 31.1 min)
2026-08-22 04:22:33 UTC INFO    __workspace___hf__models__Mistral-7B-Instruct-v0_3/stage1: 1035/1800 done, 2.4s/item, elapsed 41.8 min, VRAM peak 88.4%, ETA 2026-08-22 04:53:25 UTC (in 30.9 min)
2026-08-22 04:22:45 UTC INFO    __workspace___hf__models__Mistral-7B-Instruct-v0_3/stage1: 1040/1800 done, 2.4s/item, elapsed 41.9 min, VRAM peak 88.4%, ETA 2026-08-22 04:53:24 UTC (in 30.7 min)
2026-08-22 04:23:01 UTC INFO    __workspace___hf__models__Mistral-7B-Instruct-v0_3/stage1: 1045/1800 done, 2.4s/item, elapsed 42.2 min, VRAM peak 88.4%, ETA 2026-08-22 04:53:31 UTC (in 30.5 min)
2026-08-22 04:23:11 UTC INFO    __workspace___hf__models__Mistral-7B-Instruct-v0_3/stage1: 1050/1800 done, 2.4s/item, elapsed 42.4 min, VRAM peak 88.4%, ETA 2026-08-22 04:53:27 UTC (in 30.3 min)
2026-08-22 04:23:23 UTC INFO    __workspace___hf__models__Mistral-7B-Instruct-v0_3/stage1: 1055/1800 done, 2.4s/item, elapsed 42.6 min, VRAM peak 88.4%, ETA 2026-08-22 04:53:27 UTC (in 30.1 min)
2026-08-22 04:23:37 UTC INFO    __workspace___hf__models__Mistral-7B-Instruct-v0_3/stage1: 1060/1800 done, 2.4s/item, elapsed 42.8 min, VRAM peak 88.4%, ETA 2026-08-22 04:53:31 UTC (in 29.9 min)
2026-08-22 04:23:46 UTC INFO    __workspace___hf__models__Mistral-7B-Instruct-v0_3/stage1: 1065/1800 done, 2.4s/item, elapsed 43.0 min, VRAM peak 88.4%, ETA 2026-08-22 04:53:26 UTC (in 29.7 min)
2026-08-22 04:23:55 UTC INFO    __workspace___hf__models__Mistral-7B-Instruct-v0_3/stage1: 1070/1800 done, 2.4s/item, elapsed 43.1 min, VRAM peak 88.4%, ETA 2026-08-22 04:53:20 UTC (in 29.4 min)
2026-08-22 04:24:08 UTC INFO    __workspace___hf__models__Mistral-7B-Instruct-v0_3/stage1: 1075/1800 done, 2.4s/item, elapsed 43.3 min, VRAM peak 88.4%, ETA 2026-08-22 04:53:21 UTC (in 29.2 min)
2026-08-22 04:24:21 UTC INFO    __workspace___hf__models__Mistral-7B-Instruct-v0_3/stage1: 1080/1800 done, 2.4s/item, elapsed 43.5 min, VRAM peak 88.4%, ETA 2026-08-22 04:53:23 UTC (in 29.0 min)
2026-08-22 04:24:32 UTC INFO    __workspace___hf__models__Mistral-7B-Instruct-v0_3/stage1: 1085/1800 done, 2.4s/item, elapsed 43.7 min, VRAM peak 88.4%, ETA 2026-08-22 04:53:22 UTC (in 28.8 min)
2026-08-22 04:24:42 UTC INFO    __workspace___hf__models__Mistral-7B-Instruct-v0_3/stage1: 1090/1800 done, 2.4s/item, elapsed 43.9 min, VRAM peak 88.4%, ETA 2026-08-22 04:53:17 UTC (in 28.6 min)
2026-08-22 04:24:54 UTC INFO    __workspace___hf__models__Mistral-7B-Instruct-v0_3/stage1: 1095/1800 done, 2.4s/item, elapsed 44.1 min, VRAM peak 88.4%, ETA 2026-08-22 04:53:17 UTC (in 28.4 min)
2026-08-22 04:25:05 UTC INFO    __workspace___hf__models__Mistral-7B-Instruct-v0_3/stage1: 1100/1800 done, 2.4s/item, elapsed 44.3 min, VRAM peak 88.4%, ETA 2026-08-22 04:53:16 UTC (in 28.2 min)
2026-08-22 04:25:18 UTC INFO    __workspace___hf__models__Mistral-7B-Instruct-v0_3/stage1: 1105/1800 done, 2.4s/item, elapsed 44.5 min, VRAM peak 88.4%, ETA 2026-08-22 04:53:17 UTC (in 28.0 min)
2026-08-22 04:25:31 UTC INFO    __workspace___hf__models__Mistral-7B-Instruct-v0_3/stage1: 1110/1800 done, 2.4s/item, elapsed 44.7 min, VRAM peak 88.4%, ETA 2026-08-22 04:53:18 UTC (in 27.8 min)
2026-08-22 04:25:42 UTC INFO    __workspace___hf__models__Mistral-7B-Instruct-v0_3/stage1: 1115/1800 done, 2.4s/item, elapsed 44.9 min, VRAM peak 88.4%, ETA 2026-08-22 04:53:17 UTC (in 27.6 min)
2026-08-22 04:25:54 UTC INFO    __workspace___hf__models__Mistral-7B-Instruct-v0_3/stage1: 1120/1800 done, 2.4s/item, elapsed 45.1 min, VRAM peak 88.4%, ETA 2026-08-22 04:53:17 UTC (in 27.4 min)
2026-08-22 04:26:05 UTC INFO    __workspace___hf__models__Mistral-7B-Instruct-v0_3/stage1: 1125/1800 done, 2.4s/item, elapsed 45.3 min, VRAM peak 88.4%, ETA 2026-08-22 04:53:15 UTC (in 27.2 min)
2026-08-22 04:26:18 UTC INFO    __workspace___hf__models__Mistral-7B-Instruct-v0_3/stage1: 1130/1800 done, 2.4s/item, elapsed 45.5 min, VRAM peak 88.4%, ETA 2026-08-22 04:53:17 UTC (in 27.0 min)
2026-08-22 04:26:30 UTC INFO    __workspace___hf__models__Mistral-7B-Instruct-v0_3/stage1: 1135/1800 done, 2.4s/item, elapsed 45.7 min, VRAM peak 88.4%, ETA 2026-08-22 04:53:17 UTC (in 26.8 min)
2026-08-22 04:26:43 UTC INFO    __workspace___hf__models__Mistral-7B-Instruct-v0_3/stage1: 1140/1800 done, 2.4s/item, elapsed 45.9 min, VRAM peak 88.4%, ETA 2026-08-22 04:53:17 UTC (in 26.6 min)
2026-08-22 04:26:54 UTC INFO    __workspace___hf__models__Mistral-7B-Instruct-v0_3/stage1: 1145/1800 done, 2.4s/item, elapsed 46.1 min, VRAM peak 88.4%, ETA 2026-08-22 04:53:16 UTC (in 26.4 min)
2026-08-22 04:27:05 UTC INFO    __workspace___hf__models__Mistral-7B-Instruct-v0_3/stage1: 1150/1800 done, 2.4s/item, elapsed 46.3 min, VRAM peak 88.4%, ETA 2026-08-22 04:53:14 UTC (in 26.2 min)
2026-08-22 04:27:19 UTC INFO    __workspace___hf__models__Mistral-7B-Instruct-v0_3/stage1: 1155/1800 done, 2.4s/item, elapsed 46.5 min, VRAM peak 88.4%, ETA 2026-08-22 04:53:17 UTC (in 26.0 min)
2026-08-22 04:27:30 UTC INFO    __workspace___hf__models__Mistral-7B-Instruct-v0_3/stage1: 1160/1800 done, 2.4s/item, elapsed 46.7 min, VRAM peak 88.4%, ETA 2026-08-22 04:53:16 UTC (in 25.8 min)
2026-08-22 04:27:39 UTC INFO    __workspace___hf__models__Mistral-7B-Instruct-v0_3/stage1: 1165/1800 done, 2.4s/item, elapsed 46.8 min, VRAM peak 88.4%, ETA 2026-08-22 04:53:10 UTC (in 25.5 min)
2026-08-22 04:27:48 UTC INFO    __workspace___hf__models__Mistral-7B-Instruct-v0_3/stage1: 1170/1800 done, 2.4s/item, elapsed 47.0 min, VRAM peak 88.4%, ETA 2026-08-22 04:53:07 UTC (in 25.3 min)
2026-08-22 04:27:59 UTC INFO    __workspace___hf__models__Mistral-7B-Instruct-v0_3/stage1: 1175/1800 done, 2.4s/item, elapsed 47.2 min, VRAM peak 88.4%, ETA 2026-08-22 04:53:04 UTC (in 25.1 min)
2026-08-22 04:28:12 UTC INFO    __workspace___hf__models__Mistral-7B-Instruct-v0_3/stage1: 1180/1800 done, 2.4s/item, elapsed 47.4 min, VRAM peak 88.4%, ETA 2026-08-22 04:53:06 UTC (in 24.9 min)
2026-08-22 04:28:25 UTC INFO    __workspace___hf__models__Mistral-7B-Instruct-v0_3/stage1: 1185/1800 done, 2.4s/item, elapsed 47.6 min, VRAM peak 88.4%, ETA 2026-08-22 04:53:07 UTC (in 24.7 min)
2026-08-22 04:28:40 UTC INFO    __workspace___hf__models__Mistral-7B-Instruct-v0_3/stage1: 1190/1800 done, 2.4s/item, elapsed 47.9 min, VRAM peak 88.4%, ETA 2026-08-22 04:53:12 UTC (in 24.5 min)
2026-08-22 04:28:49 UTC INFO    __workspace___hf__models__Mistral-7B-Instruct-v0_3/stage1: 1195/1800 done, 2.4s/item, elapsed 48.0 min, VRAM peak 88.4%, ETA 2026-08-22 04:53:07 UTC (in 24.3 min)
2026-08-22 04:28:58 UTC INFO    __workspace___hf__models__Mistral-7B-Instruct-v0_3/stage1: 1200/1800 done, 2.4s/item, elapsed 48.2 min, VRAM peak 88.4%, ETA 2026-08-22 04:53:03 UTC (in 24.1 min)
2026-08-22 04:29:10 UTC INFO    __workspace___hf__models__Mistral-7B-Instruct-v0_3/stage1: 1205/1800 done, 2.4s/item, elapsed 48.4 min, VRAM peak 88.4%, ETA 2026-08-22 04:53:03 UTC (in 23.9 min)
2026-08-22 04:29:22 UTC INFO    __workspace___hf__models__Mistral-7B-Instruct-v0_3/stage1: 1210/1800 done, 2.4s/item, elapsed 48.6 min, VRAM peak 88.4%, ETA 2026-08-22 04:53:03 UTC (in 23.7 min)
2026-08-22 04:29:34 UTC INFO    __workspace___hf__models__Mistral-7B-Instruct-v0_3/stage1: 1215/1800 done, 2.4s/item, elapsed 48.8 min, VRAM peak 88.4%, ETA 2026-08-22 04:53:03 UTC (in 23.5 min)
2026-08-22 04:29:45 UTC INFO    __workspace___hf__models__Mistral-7B-Instruct-v0_3/stage1: 1220/1800 done, 2.4s/item, elapsed 49.0 min, VRAM peak 88.4%, ETA 2026-08-22 04:53:02 UTC (in 23.3 min)
2026-08-22 04:29:58 UTC INFO    __workspace___hf__models__Mistral-7B-Instruct-v0_3/stage1: 1225/1800 done, 2.4s/item, elapsed 49.2 min, VRAM peak 88.4%, ETA 2026-08-22 04:53:02 UTC (in 23.1 min)
2026-08-22 04:30:10 UTC INFO    __workspace___hf__models__Mistral-7B-Instruct-v0_3/stage1: 1230/1800 done, 2.4s/item, elapsed 49.4 min, VRAM peak 88.4%, ETA 2026-08-22 04:53:03 UTC (in 22.9 min)
2026-08-22 04:30:24 UTC INFO    __workspace___hf__models__Mistral-7B-Instruct-v0_3/stage1: 1235/1800 done, 2.4s/item, elapsed 49.6 min, VRAM peak 88.4%, ETA 2026-08-22 04:53:06 UTC (in 22.7 min)
2026-08-22 04:30:35 UTC INFO    __workspace___hf__models__Mistral-7B-Instruct-v0_3/stage1: 1240/1800 done, 2.4s/item, elapsed 49.8 min, VRAM peak 88.4%, ETA 2026-08-22 04:53:04 UTC (in 22.5 min)
2026-08-22 04:30:47 UTC INFO    __workspace___hf__models__Mistral-7B-Instruct-v0_3/stage1: 1245/1800 done, 2.4s/item, elapsed 50.0 min, VRAM peak 88.4%, ETA 2026-08-22 04:53:04 UTC (in 22.3 min)
2026-08-22 04:31:02 UTC INFO    __workspace___hf__models__Mistral-7B-Instruct-v0_3/stage1: 1250/1800 done, 2.4s/item, elapsed 50.2 min, VRAM peak 88.4%, ETA 2026-08-22 04:53:08 UTC (in 22.1 min)
2026-08-22 04:31:13 UTC INFO    __workspace___hf__models__Mistral-7B-Instruct-v0_3/stage1: 1255/1800 done, 2.4s/item, elapsed 50.4 min, VRAM peak 88.4%, ETA 2026-08-22 04:53:07 UTC (in 21.9 min)
2026-08-22 04:31:26 UTC INFO    __workspace___hf__models__Mistral-7B-Instruct-v0_3/stage1: 1260/1800 done, 2.4s/item, elapsed 50.6 min, VRAM peak 88.4%, ETA 2026-08-22 04:53:08 UTC (in 21.7 min)
2026-08-22 04:31:38 UTC INFO    __workspace___hf__models__Mistral-7B-Instruct-v0_3/stage1: 1265/1800 done, 2.4s/item, elapsed 50.8 min, VRAM peak 88.4%, ETA 2026-08-22 04:53:07 UTC (in 21.5 min)
2026-08-22 04:31:51 UTC INFO    __workspace___hf__models__Mistral-7B-Instruct-v0_3/stage1: 1270/1800 done, 2.4s/item, elapsed 51.0 min, VRAM peak 88.4%, ETA 2026-08-22 04:53:09 UTC (in 21.3 min)
2026-08-22 04:32:04 UTC INFO    __workspace___hf__models__Mistral-7B-Instruct-v0_3/stage1: 1275/1800 done, 2.4s/item, elapsed 51.3 min, VRAM peak 88.4%, ETA 2026-08-22 04:53:10 UTC (in 21.1 min)
2026-08-22 04:32:15 UTC INFO    __workspace___hf__models__Mistral-7B-Instruct-v0_3/stage1: 1280/1800 done, 2.4s/item, elapsed 51.5 min, VRAM peak 88.9%, ETA 2026-08-22 04:53:10 UTC (in 20.9 min)
2026-08-22 04:32:29 UTC INFO    __workspace___hf__models__Mistral-7B-Instruct-v0_3/stage1: 1285/1800 done, 2.4s/item, elapsed 51.7 min, VRAM peak 88.9%, ETA 2026-08-22 04:53:11 UTC (in 20.7 min)
2026-08-22 04:32:40 UTC INFO    __workspace___hf__models__Mistral-7B-Instruct-v0_3/stage1: 1290/1800 done, 2.4s/item, elapsed 51.9 min, VRAM peak 88.9%, ETA 2026-08-22 04:53:10 UTC (in 20.5 min)
2026-08-22 04:32:52 UTC INFO    __workspace___hf__models__Mistral-7B-Instruct-v0_3/stage1: 1295/1800 done, 2.4s/item, elapsed 52.1 min, VRAM peak 88.9%, ETA 2026-08-22 04:53:11 UTC (in 20.3 min)
2026-08-22 04:33:05 UTC INFO    __workspace___hf__models__Mistral-7B-Instruct-v0_3/stage1: 1300/1800 done, 2.4s/item, elapsed 52.3 min, VRAM peak 88.9%, ETA 2026-08-22 04:53:12 UTC (in 20.1 min)
2026-08-22 04:33:18 UTC INFO    __workspace___hf__models__Mistral-7B-Instruct-v0_3/stage1: 1305/1800 done, 2.4s/item, elapsed 52.5 min, VRAM peak 88.9%, ETA 2026-08-22 04:53:13 UTC (in 19.9 min)
2026-08-22 04:33:28 UTC INFO    __workspace___hf__models__Mistral-7B-Instruct-v0_3/stage1: 1310/1800 done, 2.4s/item, elapsed 52.7 min, VRAM peak 88.9%, ETA 2026-08-22 04:53:11 UTC (in 19.7 min)
2026-08-22 04:33:41 UTC INFO    __workspace___hf__models__Mistral-7B-Instruct-v0_3/stage1: 1315/1800 done, 2.4s/item, elapsed 52.9 min, VRAM peak 88.9%, ETA 2026-08-22 04:53:12 UTC (in 19.5 min)
2026-08-22 04:33:51 UTC INFO    __workspace___hf__models__Mistral-7B-Instruct-v0_3/stage1: 1320/1800 done, 2.4s/item, elapsed 53.1 min, VRAM peak 88.9%, ETA 2026-08-22 04:53:09 UTC (in 19.3 min)
2026-08-22 04:34:05 UTC INFO    __workspace___hf__models__Mistral-7B-Instruct-v0_3/stage1: 1325/1800 done, 2.4s/item, elapsed 53.3 min, VRAM peak 88.9%, ETA 2026-08-22 04:53:12 UTC (in 19.1 min)
2026-08-22 04:34:16 UTC INFO    __workspace___hf__models__Mistral-7B-Instruct-v0_3/stage1: 1330/1800 done, 2.4s/item, elapsed 53.5 min, VRAM peak 88.9%, ETA 2026-08-22 04:53:09 UTC (in 18.9 min)
2026-08-22 04:34:27 UTC INFO    __workspace___hf__models__Mistral-7B-Instruct-v0_3/stage1: 1335/1800 done, 2.4s/item, elapsed 53.7 min, VRAM peak 88.9%, ETA 2026-08-22 04:53:09 UTC (in 18.7 min)
2026-08-22 04:34:39 UTC INFO    __workspace___hf__models__Mistral-7B-Instruct-v0_3/stage1: 1340/1800 done, 2.4s/item, elapsed 53.8 min, VRAM peak 88.9%, ETA 2026-08-22 04:53:08 UTC (in 18.5 min)
2026-08-22 04:34:53 UTC INFO    __workspace___hf__models__Mistral-7B-Instruct-v0_3/stage1: 1345/1800 done, 2.4s/item, elapsed 54.1 min, VRAM peak 88.9%, ETA 2026-08-22 04:53:11 UTC (in 18.3 min)
2026-08-22 04:35:04 UTC INFO    __workspace___hf__models__Mistral-7B-Instruct-v0_3/stage1: 1350/1800 done, 2.4s/item, elapsed 54.3 min, VRAM peak 88.9%, ETA 2026-08-22 04:53:10 UTC (in 18.1 min)
2026-08-22 04:35:18 UTC INFO    __workspace___hf__models__Mistral-7B-Instruct-v0_3/stage1: 1355/1800 done, 2.4s/item, elapsed 54.5 min, VRAM peak 88.9%, ETA 2026-08-22 04:53:12 UTC (in 17.9 min)
2026-08-22 04:35:30 UTC INFO    __workspace___hf__models__Mistral-7B-Instruct-v0_3/stage1: 1360/1800 done, 2.4s/item, elapsed 54.7 min, VRAM peak 88.9%, ETA 2026-08-22 04:53:12 UTC (in 17.7 min)
2026-08-22 04:35:40 UTC INFO    __workspace___hf__models__Mistral-7B-Instruct-v0_3/stage1: 1365/1800 done, 2.4s/item, elapsed 54.9 min, VRAM peak 88.9%, ETA 2026-08-22 04:53:09 UTC (in 17.5 min)
2026-08-22 04:35:53 UTC INFO    __workspace___hf__models__Mistral-7B-Instruct-v0_3/stage1: 1370/1800 done, 2.4s/item, elapsed 55.1 min, VRAM peak 88.9%, ETA 2026-08-22 04:53:10 UTC (in 17.3 min)
2026-08-22 04:36:05 UTC INFO    __workspace___hf__models__Mistral-7B-Instruct-v0_3/stage1: 1375/1800 done, 2.4s/item, elapsed 55.3 min, VRAM peak 88.9%, ETA 2026-08-22 04:53:10 UTC (in 17.1 min)
2026-08-22 04:36:17 UTC INFO    __workspace___hf__models__Mistral-7B-Instruct-v0_3/stage1: 1380/1800 done, 2.4s/item, elapsed 55.5 min, VRAM peak 89.5%, ETA 2026-08-22 04:53:11 UTC (in 16.9 min)
2026-08-22 04:36:28 UTC INFO    __workspace___hf__models__Mistral-7B-Instruct-v0_3/stage1: 1385/1800 done, 2.4s/item, elapsed 55.7 min, VRAM peak 89.5%, ETA 2026-08-22 04:53:09 UTC (in 16.7 min)
2026-08-22 04:36:39 UTC INFO    __workspace___hf__models__Mistral-7B-Instruct-v0_3/stage1: 1390/1800 done, 2.4s/item, elapsed 55.9 min, VRAM peak 89.5%, ETA 2026-08-22 04:53:08 UTC (in 16.5 min)
2026-08-22 04:36:51 UTC INFO    __workspace___hf__models__Mistral-7B-Instruct-v0_3/stage1: 1395/1800 done, 2.4s/item, elapsed 56.1 min, VRAM peak 89.5%, ETA 2026-08-22 04:53:08 UTC (in 16.3 min)
2026-08-22 04:37:02 UTC INFO    __workspace___hf__models__Mistral-7B-Instruct-v0_3/stage1: 1400/1800 done, 2.4s/item, elapsed 56.2 min, VRAM peak 89.5%, ETA 2026-08-22 04:53:06 UTC (in 16.1 min)
2026-08-22 04:37:15 UTC INFO    __workspace___hf__models__Mistral-7B-Instruct-v0_3/stage1: 1405/1800 done, 2.4s/item, elapsed 56.5 min, VRAM peak 89.5%, ETA 2026-08-22 04:53:08 UTC (in 15.9 min)
2026-08-22 04:37:26 UTC INFO    __workspace___hf__models__Mistral-7B-Instruct-v0_3/stage1: 1410/1800 done, 2.4s/item, elapsed 56.6 min, VRAM peak 89.5%, ETA 2026-08-22 04:53:05 UTC (in 15.7 min)
2026-08-22 04:37:35 UTC INFO    __workspace___hf__models__Mistral-7B-Instruct-v0_3/stage1: 1415/1800 done, 2.4s/item, elapsed 56.8 min, VRAM peak 89.5%, ETA 2026-08-22 04:53:02 UTC (in 15.4 min)
2026-08-22 04:37:47 UTC INFO    __workspace___hf__models__Mistral-7B-Instruct-v0_3/stage1: 1420/1800 done, 2.4s/item, elapsed 57.0 min, VRAM peak 89.5%, ETA 2026-08-22 04:53:02 UTC (in 15.2 min)
2026-08-22 04:37:58 UTC INFO    __workspace___hf__models__Mistral-7B-Instruct-v0_3/stage1: 1425/1800 done, 2.4s/item, elapsed 57.2 min, VRAM peak 89.5%, ETA 2026-08-22 04:53:01 UTC (in 15.0 min)
2026-08-22 04:38:12 UTC INFO    __workspace___hf__models__Mistral-7B-Instruct-v0_3/stage1: 1430/1800 done, 2.4s/item, elapsed 57.4 min, VRAM peak 90.0%, ETA 2026-08-22 04:53:03 UTC (in 14.9 min)
2026-08-22 04:38:24 UTC INFO    __workspace___hf__models__Mistral-7B-Instruct-v0_3/stage1: 1435/1800 done, 2.4s/item, elapsed 57.6 min, VRAM peak 90.0%, ETA 2026-08-22 04:53:03 UTC (in 14.6 min)
2026-08-22 04:38:35 UTC INFO    __workspace___hf__models__Mistral-7B-Instruct-v0_3/stage1: 1440/1800 done, 2.4s/item, elapsed 57.8 min, VRAM peak 90.0%, ETA 2026-08-22 04:53:02 UTC (in 14.4 min)
2026-08-22 04:38:47 UTC INFO    __workspace___hf__models__Mistral-7B-Instruct-v0_3/stage1: 1445/1800 done, 2.4s/item, elapsed 58.0 min, VRAM peak 90.0%, ETA 2026-08-22 04:53:01 UTC (in 14.2 min)
2026-08-22 04:38:57 UTC INFO    __workspace___hf__models__Mistral-7B-Instruct-v0_3/stage1: 1450/1800 done, 2.4s/item, elapsed 58.2 min, VRAM peak 90.0%, ETA 2026-08-22 04:52:59 UTC (in 14.0 min)
2026-08-22 04:39:09 UTC INFO    __workspace___hf__models__Mistral-7B-Instruct-v0_3/stage1: 1455/1800 done, 2.4s/item, elapsed 58.4 min, VRAM peak 90.0%, ETA 2026-08-22 04:52:59 UTC (in 13.8 min)
2026-08-22 04:39:20 UTC INFO    __workspace___hf__models__Mistral-7B-Instruct-v0_3/stage1: 1460/1800 done, 2.4s/item, elapsed 58.5 min, VRAM peak 90.0%, ETA 2026-08-22 04:52:58 UTC (in 13.6 min)
2026-08-22 04:39:32 UTC INFO    __workspace___hf__models__Mistral-7B-Instruct-v0_3/stage1: 1465/1800 done, 2.4s/item, elapsed 58.7 min, VRAM peak 90.0%, ETA 2026-08-22 04:52:58 UTC (in 13.4 min)
2026-08-22 04:39:42 UTC INFO    __workspace___hf__models__Mistral-7B-Instruct-v0_3/stage1: 1470/1800 done, 2.4s/item, elapsed 58.9 min, VRAM peak 90.0%, ETA 2026-08-22 04:52:55 UTC (in 13.2 min)
2026-08-22 04:39:52 UTC INFO    __workspace___hf__models__Mistral-7B-Instruct-v0_3/stage1: 1475/1800 done, 2.4s/item, elapsed 59.1 min, VRAM peak 90.0%, ETA 2026-08-22 04:52:53 UTC (in 13.0 min)
2026-08-22 04:40:03 UTC INFO    __workspace___hf__models__Mistral-7B-Instruct-v0_3/stage1: 1480/1800 done, 2.4s/item, elapsed 59.3 min, VRAM peak 90.0%, ETA 2026-08-22 04:52:52 UTC (in 12.8 min)
2026-08-22 04:40:19 UTC INFO    __workspace___hf__models__Mistral-7B-Instruct-v0_3/stage1: 1485/1800 done, 2.4s/item, elapsed 59.5 min, VRAM peak 90.0%, ETA 2026-08-22 04:52:57 UTC (in 12.6 min)
2026-08-22 04:40:34 UTC INFO    __workspace___hf__models__Mistral-7B-Instruct-v0_3/stage1: 1490/1800 done, 2.4s/item, elapsed 59.8 min, VRAM peak 90.0%, ETA 2026-08-22 04:53:00 UTC (in 12.4 min)
2026-08-22 04:40:48 UTC INFO    __workspace___hf__models__Mistral-7B-Instruct-v0_3/stage1: 1495/1800 done, 2.4s/item, elapsed 60.0 min, VRAM peak 90.0%, ETA 2026-08-22 04:53:03 UTC (in 12.2 min)
2026-08-22 04:41:00 UTC INFO    __workspace___hf__models__Mistral-7B-Instruct-v0_3/stage1: 1500/1800 done, 2.4s/item, elapsed 60.2 min, VRAM peak 90.0%, ETA 2026-08-22 04:53:03 UTC (in 12.0 min)
2026-08-22 04:41:10 UTC INFO    __workspace___hf__models__Mistral-7B-Instruct-v0_3/stage1: 1505/1800 done, 2.4s/item, elapsed 60.4 min, VRAM peak 90.0%, ETA 2026-08-22 04:53:00 UTC (in 11.8 min)
2026-08-22 04:41:22 UTC INFO    __workspace___hf__models__Mistral-7B-Instruct-v0_3/stage1: 1510/1800 done, 2.4s/item, elapsed 60.6 min, VRAM peak 90.0%, ETA 2026-08-22 04:53:00 UTC (in 11.6 min)
2026-08-22 04:41:34 UTC INFO    __workspace___hf__models__Mistral-7B-Instruct-v0_3/stage1: 1515/1800 done, 2.4s/item, elapsed 60.8 min, VRAM peak 90.0%, ETA 2026-08-22 04:53:00 UTC (in 11.4 min)
2026-08-22 04:41:44 UTC INFO    __workspace___hf__models__Mistral-7B-Instruct-v0_3/stage1: 1520/1800 done, 2.4s/item, elapsed 60.9 min, VRAM peak 90.0%, ETA 2026-08-22 04:52:57 UTC (in 11.2 min)
2026-08-22 04:41:54 UTC INFO    __workspace___hf__models__Mistral-7B-Instruct-v0_3/stage1: 1525/1800 done, 2.4s/item, elapsed 61.1 min, VRAM peak 90.0%, ETA 2026-08-22 04:52:55 UTC (in 11.0 min)
2026-08-22 04:42:09 UTC INFO    __workspace___hf__models__Mistral-7B-Instruct-v0_3/stage1: 1530/1800 done, 2.4s/item, elapsed 61.4 min, VRAM peak 90.0%, ETA 2026-08-22 04:52:59 UTC (in 10.8 min)
2026-08-22 04:42:26 UTC INFO    __workspace___hf__models__Mistral-7B-Instruct-v0_3/stage1: 1535/1800 done, 2.4s/item, elapsed 61.6 min, VRAM peak 90.0%, ETA 2026-08-22 04:53:04 UTC (in 10.6 min)
2026-08-22 04:42:37 UTC INFO    __workspace___hf__models__Mistral-7B-Instruct-v0_3/stage1: 1540/1800 done, 2.4s/item, elapsed 61.8 min, VRAM peak 90.0%, ETA 2026-08-22 04:53:03 UTC (in 10.4 min)
2026-08-22 04:42:48 UTC INFO    __workspace___hf__models__Mistral-7B-Instruct-v0_3/stage1: 1545/1800 done, 2.4s/item, elapsed 62.0 min, VRAM peak 90.0%, ETA 2026-08-22 04:53:02 UTC (in 10.2 min)
2026-08-22 04:42:59 UTC INFO    __workspace___hf__models__Mistral-7B-Instruct-v0_3/stage1: 1550/1800 done, 2.4s/item, elapsed 62.2 min, VRAM peak 90.0%, ETA 2026-08-22 04:53:01 UTC (in 10.0 min)
2026-08-22 04:43:10 UTC INFO    __workspace___hf__models__Mistral-7B-Instruct-v0_3/stage1: 1555/1800 done, 2.4s/item, elapsed 62.4 min, VRAM peak 90.0%, ETA 2026-08-22 04:53:00 UTC (in 9.8 min)
2026-08-22 04:43:22 UTC INFO    __workspace___hf__models__Mistral-7B-Instruct-v0_3/stage1: 1560/1800 done, 2.4s/item, elapsed 62.6 min, VRAM peak 90.0%, ETA 2026-08-22 04:53:00 UTC (in 9.6 min)
2026-08-22 04:43:32 UTC INFO    __workspace___hf__models__Mistral-7B-Instruct-v0_3/stage1: 1565/1800 done, 2.4s/item, elapsed 62.7 min, VRAM peak 90.0%, ETA 2026-08-22 04:52:57 UTC (in 9.4 min)
2026-08-22 04:43:43 UTC INFO    __workspace___hf__models__Mistral-7B-Instruct-v0_3/stage1: 1570/1800 done, 2.4s/item, elapsed 62.9 min, VRAM peak 90.0%, ETA 2026-08-22 04:52:56 UTC (in 9.2 min)
2026-08-22 04:43:54 UTC INFO    __workspace___hf__models__Mistral-7B-Instruct-v0_3/stage1: 1575/1800 done, 2.4s/item, elapsed 63.1 min, VRAM peak 90.0%, ETA 2026-08-22 04:52:55 UTC (in 9.0 min)
2026-08-22 04:44:06 UTC INFO    __workspace___hf__models__Mistral-7B-Instruct-v0_3/stage1: 1580/1800 done, 2.4s/item, elapsed 63.3 min, VRAM peak 90.0%, ETA 2026-08-22 04:52:55 UTC (in 8.8 min)
2026-08-22 04:44:19 UTC INFO    __workspace___hf__models__Mistral-7B-Instruct-v0_3/stage1: 1585/1800 done, 2.4s/item, elapsed 63.5 min, VRAM peak 90.0%, ETA 2026-08-22 04:52:56 UTC (in 8.6 min)
2026-08-22 04:44:30 UTC INFO    __workspace___hf__models__Mistral-7B-Instruct-v0_3/stage1: 1590/1800 done, 2.4s/item, elapsed 63.7 min, VRAM peak 90.0%, ETA 2026-08-22 04:52:54 UTC (in 8.4 min)
2026-08-22 04:44:41 UTC INFO    __workspace___hf__models__Mistral-7B-Instruct-v0_3/stage1: 1595/1800 done, 2.4s/item, elapsed 63.9 min, VRAM peak 90.6%, ETA 2026-08-22 04:52:53 UTC (in 8.2 min)
2026-08-22 04:44:53 UTC INFO    __workspace___hf__models__Mistral-7B-Instruct-v0_3/stage1: 1600/1800 done, 2.4s/item, elapsed 64.1 min, VRAM peak 90.6%, ETA 2026-08-22 04:52:54 UTC (in 8.0 min)
2026-08-22 04:45:08 UTC INFO    __workspace___hf__models__Mistral-7B-Instruct-v0_3/stage1: 1605/1800 done, 2.4s/item, elapsed 64.3 min, VRAM peak 90.6%, ETA 2026-08-22 04:52:56 UTC (in 7.8 min)
2026-08-22 04:45:18 UTC INFO    __workspace___hf__models__Mistral-7B-Instruct-v0_3/stage1: 1610/1800 done, 2.4s/item, elapsed 64.5 min, VRAM peak 90.6%, ETA 2026-08-22 04:52:54 UTC (in 7.6 min)
2026-08-22 04:45:28 UTC INFO    __workspace___hf__models__Mistral-7B-Instruct-v0_3/stage1: 1615/1800 done, 2.4s/item, elapsed 64.7 min, VRAM peak 90.6%, ETA 2026-08-22 04:52:52 UTC (in 7.4 min)
2026-08-22 04:45:40 UTC INFO    __workspace___hf__models__Mistral-7B-Instruct-v0_3/stage1: 1620/1800 done, 2.4s/item, elapsed 64.9 min, VRAM peak 90.6%, ETA 2026-08-22 04:52:52 UTC (in 7.2 min)
2026-08-22 04:45:54 UTC INFO    __workspace___hf__models__Mistral-7B-Instruct-v0_3/stage1: 1625/1800 done, 2.4s/item, elapsed 65.1 min, VRAM peak 90.6%, ETA 2026-08-22 04:52:55 UTC (in 7.0 min)
2026-08-22 04:46:06 UTC INFO    __workspace___hf__models__Mistral-7B-Instruct-v0_3/stage1: 1630/1800 done, 2.4s/item, elapsed 65.3 min, VRAM peak 90.6%, ETA 2026-08-22 04:52:55 UTC (in 6.8 min)
2026-08-22 04:46:19 UTC INFO    __workspace___hf__models__Mistral-7B-Instruct-v0_3/stage1: 1635/1800 done, 2.4s/item, elapsed 65.5 min, VRAM peak 90.6%, ETA 2026-08-22 04:52:56 UTC (in 6.6 min)
2026-08-22 04:46:28 UTC INFO    __workspace___hf__models__Mistral-7B-Instruct-v0_3/stage1: 1640/1800 done, 2.4s/item, elapsed 65.7 min, VRAM peak 90.6%, ETA 2026-08-22 04:52:53 UTC (in 6.4 min)
2026-08-22 04:46:39 UTC INFO    __workspace___hf__models__Mistral-7B-Instruct-v0_3/stage1: 1645/1800 done, 2.4s/item, elapsed 65.8 min, VRAM peak 90.6%, ETA 2026-08-22 04:52:51 UTC (in 6.2 min)
2026-08-22 04:46:52 UTC INFO    __workspace___hf__models__Mistral-7B-Instruct-v0_3/stage1: 1650/1800 done, 2.4s/item, elapsed 66.1 min, VRAM peak 90.6%, ETA 2026-08-22 04:52:52 UTC (in 6.0 min)
2026-08-22 04:47:04 UTC INFO    __workspace___hf__models__Mistral-7B-Instruct-v0_3/stage1: 1655/1800 done, 2.4s/item, elapsed 66.3 min, VRAM peak 90.6%, ETA 2026-08-22 04:52:52 UTC (in 5.8 min)
2026-08-22 04:47:13 UTC INFO    __workspace___hf__models__Mistral-7B-Instruct-v0_3/stage1: 1660/1800 done, 2.4s/item, elapsed 66.4 min, VRAM peak 90.6%, ETA 2026-08-22 04:52:49 UTC (in 5.6 min)
2026-08-22 04:47:27 UTC INFO    __workspace___hf__models__Mistral-7B-Instruct-v0_3/stage1: 1665/1800 done, 2.4s/item, elapsed 66.7 min, VRAM peak 90.6%, ETA 2026-08-22 04:52:51 UTC (in 5.4 min)
2026-08-22 04:47:37 UTC INFO    __workspace___hf__models__Mistral-7B-Instruct-v0_3/stage1: 1670/1800 done, 2.4s/item, elapsed 66.8 min, VRAM peak 90.6%, ETA 2026-08-22 04:52:49 UTC (in 5.2 min)
2026-08-22 04:47:48 UTC INFO    __workspace___hf__models__Mistral-7B-Instruct-v0_3/stage1: 1675/1800 done, 2.4s/item, elapsed 67.0 min, VRAM peak 90.6%, ETA 2026-08-22 04:52:48 UTC (in 5.0 min)
2026-08-22 04:48:00 UTC INFO    __workspace___hf__models__Mistral-7B-Instruct-v0_3/stage1: 1680/1800 done, 2.4s/item, elapsed 67.2 min, VRAM peak 90.6%, ETA 2026-08-22 04:52:48 UTC (in 4.8 min)
2026-08-22 04:48:11 UTC INFO    __workspace___hf__models__Mistral-7B-Instruct-v0_3/stage1: 1685/1800 done, 2.4s/item, elapsed 67.4 min, VRAM peak 90.6%, ETA 2026-08-22 04:52:47 UTC (in 4.6 min)
2026-08-22 04:48:25 UTC INFO    __workspace___hf__models__Mistral-7B-Instruct-v0_3/stage1: 1690/1800 done, 2.4s/item, elapsed 67.6 min, VRAM peak 90.6%, ETA 2026-08-22 04:52:49 UTC (in 4.4 min)
2026-08-22 04:48:37 UTC INFO    __workspace___hf__models__Mistral-7B-Instruct-v0_3/stage1: 1695/1800 done, 2.4s/item, elapsed 67.8 min, VRAM peak 90.6%, ETA 2026-08-22 04:52:50 UTC (in 4.2 min)
2026-08-22 04:48:49 UTC INFO    __workspace___hf__models__Mistral-7B-Instruct-v0_3/stage1: 1700/1800 done, 2.4s/item, elapsed 68.0 min, VRAM peak 90.6%, ETA 2026-08-22 04:52:49 UTC (in 4.0 min)
2026-08-22 04:49:02 UTC INFO    __workspace___hf__models__Mistral-7B-Instruct-v0_3/stage1: 1705/1800 done, 2.4s/item, elapsed 68.2 min, VRAM peak 90.6%, ETA 2026-08-22 04:52:50 UTC (in 3.8 min)
2026-08-22 04:49:16 UTC INFO    __workspace___hf__models__Mistral-7B-Instruct-v0_3/stage1: 1710/1800 done, 2.4s/item, elapsed 68.5 min, VRAM peak 90.6%, ETA 2026-08-22 04:52:53 UTC (in 3.6 min)
2026-08-22 04:49:31 UTC INFO    __workspace___hf__models__Mistral-7B-Instruct-v0_3/stage1: 1715/1800 done, 2.4s/item, elapsed 68.7 min, VRAM peak 90.6%, ETA 2026-08-22 04:52:56 UTC (in 3.4 min)
2026-08-22 04:49:43 UTC INFO    __workspace___hf__models__Mistral-7B-Instruct-v0_3/stage1: 1720/1800 done, 2.4s/item, elapsed 68.9 min, VRAM peak 90.6%, ETA 2026-08-22 04:52:55 UTC (in 3.2 min)
2026-08-22 04:49:57 UTC INFO    __workspace___hf__models__Mistral-7B-Instruct-v0_3/stage1: 1725/1800 done, 2.4s/item, elapsed 69.1 min, VRAM peak 90.6%, ETA 2026-08-22 04:52:57 UTC (in 3.0 min)
2026-08-22 04:50:08 UTC INFO    __workspace___hf__models__Mistral-7B-Instruct-v0_3/stage1: 1730/1800 done, 2.4s/item, elapsed 69.3 min, VRAM peak 90.6%, ETA 2026-08-22 04:52:56 UTC (in 2.8 min)
2026-08-22 04:50:19 UTC INFO    __workspace___hf__models__Mistral-7B-Instruct-v0_3/stage1: 1735/1800 done, 2.4s/item, elapsed 69.5 min, VRAM peak 90.6%, ETA 2026-08-22 04:52:56 UTC (in 2.6 min)
2026-08-22 04:50:33 UTC INFO    __workspace___hf__models__Mistral-7B-Instruct-v0_3/stage1: 1740/1800 done, 2.4s/item, elapsed 69.7 min, VRAM peak 90.6%, ETA 2026-08-22 04:52:57 UTC (in 2.4 min)
2026-08-22 04:50:45 UTC INFO    __workspace___hf__models__Mistral-7B-Instruct-v0_3/stage1: 1745/1800 done, 2.4s/item, elapsed 70.0 min, VRAM peak 90.6%, ETA 2026-08-22 04:52:57 UTC (in 2.2 min)
2026-08-22 04:50:55 UTC INFO    __workspace___hf__models__Mistral-7B-Instruct-v0_3/stage1: 1750/1800 done, 2.4s/item, elapsed 70.1 min, VRAM peak 90.6%, ETA 2026-08-22 04:52:56 UTC (in 2.0 min)
2026-08-22 04:51:08 UTC INFO    __workspace___hf__models__Mistral-7B-Instruct-v0_3/stage1: 1755/1800 done, 2.4s/item, elapsed 70.3 min, VRAM peak 90.6%, ETA 2026-08-22 04:52:57 UTC (in 1.8 min)
2026-08-22 04:51:19 UTC INFO    __workspace___hf__models__Mistral-7B-Instruct-v0_3/stage1: 1760/1800 done, 2.4s/item, elapsed 70.5 min, VRAM peak 90.6%, ETA 2026-08-22 04:52:55 UTC (in 1.6 min)
2026-08-22 04:51:30 UTC INFO    __workspace___hf__models__Mistral-7B-Instruct-v0_3/stage1: 1765/1800 done, 2.4s/item, elapsed 70.7 min, VRAM peak 90.6%, ETA 2026-08-22 04:52:54 UTC (in 1.4 min)
2026-08-22 04:51:44 UTC INFO    __workspace___hf__models__Mistral-7B-Instruct-v0_3/stage1: 1770/1800 done, 2.4s/item, elapsed 70.9 min, VRAM peak 90.6%, ETA 2026-08-22 04:52:56 UTC (in 1.2 min)
2026-08-22 04:51:55 UTC INFO    __workspace___hf__models__Mistral-7B-Instruct-v0_3/stage1: 1775/1800 done, 2.4s/item, elapsed 71.1 min, VRAM peak 90.6%, ETA 2026-08-22 04:52:55 UTC (in 1.0 min)
2026-08-22 04:52:09 UTC INFO    __workspace___hf__models__Mistral-7B-Instruct-v0_3/stage1: 1780/1800 done, 2.4s/item, elapsed 71.3 min, VRAM peak 90.6%, ETA 2026-08-22 04:52:57 UTC (in 0.8 min)
2026-08-22 04:52:18 UTC INFO    __workspace___hf__models__Mistral-7B-Instruct-v0_3/stage1: 1785/1800 done, 2.4s/item, elapsed 71.5 min, VRAM peak 90.6%, ETA 2026-08-22 04:52:54 UTC (in 0.6 min)
2026-08-22 04:52:30 UTC INFO    __workspace___hf__models__Mistral-7B-Instruct-v0_3/stage1: 1790/1800 done, 2.4s/item, elapsed 71.7 min, VRAM peak 90.6%, ETA 2026-08-22 04:52:54 UTC (in 0.4 min)
2026-08-22 04:52:43 UTC INFO    __workspace___hf__models__Mistral-7B-Instruct-v0_3/stage1: 1795/1800 done, 2.4s/item, elapsed 71.9 min, VRAM peak 90.6%, ETA 2026-08-22 04:52:55 UTC (in 0.2 min)
2026-08-22 04:52:53 UTC INFO    __workspace___hf__models__Mistral-7B-Instruct-v0_3/stage1: 1800/1800 done, 2.4s/item, elapsed 72.1 min, VRAM peak 90.6%, ETA 2026-08-22 04:52:53 UTC (in 0.0 min)
2026-08-22 04:52:53 UTC INFO    GPU ledger: +4324.7s for __workspace___hf__models__Mistral-7B-Instruct-v0_3/stage1, cumulative 57164.2s (15.88 h, 79.4% of the 20 h allowance)
2026-08-22 04:52:53 UTC INFO    /workspace/.hf/models/Mistral-7B-Instruct-v0.3 stage1: {"items": 1800, "unreadable_choice": 307, "usable": 489, "abort_reason": null, "elapsed_min": 72.08, "vram_peak_pct": 90.6}
2026-08-22 04:53:19 UTC INFO    /workspace/.hf/models/Mistral-7B-Instruct-v0.3 stage2: {"attempted": 489, "built": 200, "dropped": 289, "search_cap_hit": 289}
2026-08-22 04:53:37 UTC INFO    __workspace___hf__models__Mistral-7B-Instruct-v0_3/stage3: 10/2000 done, 1.8s/item, elapsed 0.3 min, VRAM peak 90.6%, ETA 2026-08-22 05:53:43 UTC (in 60.1 min)
2026-08-22 04:53:57 UTC INFO    __workspace___hf__models__Mistral-7B-Instruct-v0_3/stage3: 20/2000 done, 1.9s/item, elapsed 0.6 min, VRAM peak 90.6%, ETA 2026-08-22 05:55:25 UTC (in 61.5 min)
2026-08-22 04:54:08 UTC INFO    __workspace___hf__models__Mistral-7B-Instruct-v0_3/stage3: 30/2000 done, 1.6s/item, elapsed 0.8 min, VRAM peak 90.6%, ETA 2026-08-22 05:46:58 UTC (in 52.8 min)
2026-08-22 04:54:18 UTC INFO    __workspace___hf__models__Mistral-7B-Instruct-v0_3/stage3: 40/2000 done, 1.5s/item, elapsed 1.0 min, VRAM peak 90.6%, ETA 2026-08-22 05:41:52 UTC (in 47.6 min)
2026-08-22 04:54:30 UTC INFO    __workspace___hf__models__Mistral-7B-Instruct-v0_3/stage3: 50/2000 done, 1.4s/item, elapsed 1.2 min, VRAM peak 90.6%, ETA 2026-08-22 05:40:21 UTC (in 45.8 min)
2026-08-22 04:54:42 UTC INFO    __workspace___hf__models__Mistral-7B-Instruct-v0_3/stage3: 60/2000 done, 1.4s/item, elapsed 1.4 min, VRAM peak 90.6%, ETA 2026-08-22 05:39:24 UTC (in 44.7 min)
2026-08-22 04:54:59 UTC INFO    __workspace___hf__models__Mistral-7B-Instruct-v0_3/stage3: 70/2000 done, 1.4s/item, elapsed 1.7 min, VRAM peak 90.6%, ETA 2026-08-22 05:40:40 UTC (in 45.7 min)
2026-08-22 04:55:10 UTC INFO    __workspace___hf__models__Mistral-7B-Instruct-v0_3/stage3: 80/2000 done, 1.4s/item, elapsed 1.9 min, VRAM peak 90.6%, ETA 2026-08-22 05:39:37 UTC (in 44.4 min)
2026-08-22 04:55:21 UTC INFO    __workspace___hf__models__Mistral-7B-Instruct-v0_3/stage3: 90/2000 done, 1.4s/item, elapsed 2.0 min, VRAM peak 90.6%, ETA 2026-08-22 05:38:28 UTC (in 43.1 min)
2026-08-22 04:55:37 UTC INFO    __workspace___hf__models__Mistral-7B-Instruct-v0_3/stage3: 100/2000 done, 1.4s/item, elapsed 2.3 min, VRAM peak 90.6%, ETA 2026-08-22 05:39:11 UTC (in 43.6 min)
2026-08-22 04:55:50 UTC INFO    __workspace___hf__models__Mistral-7B-Instruct-v0_3/stage3: 110/2000 done, 1.4s/item, elapsed 2.5 min, VRAM peak 90.6%, ETA 2026-08-22 05:39:00 UTC (in 43.2 min)
2026-08-22 04:56:08 UTC INFO    __workspace___hf__models__Mistral-7B-Instruct-v0_3/stage3: 120/2000 done, 1.4s/item, elapsed 2.8 min, VRAM peak 90.6%, ETA 2026-08-22 05:40:17 UTC (in 44.1 min)
2026-08-22 04:56:20 UTC INFO    __workspace___hf__models__Mistral-7B-Instruct-v0_3/stage3: 130/2000 done, 1.4s/item, elapsed 3.0 min, VRAM peak 90.6%, ETA 2026-08-22 05:39:33 UTC (in 43.2 min)
2026-08-22 04:56:31 UTC INFO    __workspace___hf__models__Mistral-7B-Instruct-v0_3/stage3: 140/2000 done, 1.4s/item, elapsed 3.2 min, VRAM peak 90.6%, ETA 2026-08-22 05:38:58 UTC (in 42.5 min)
2026-08-22 04:56:47 UTC INFO    __workspace___hf__models__Mistral-7B-Instruct-v0_3/stage3: 150/2000 done, 1.4s/item, elapsed 3.5 min, VRAM peak 90.6%, ETA 2026-08-22 05:39:24 UTC (in 42.6 min)
2026-08-22 04:57:01 UTC INFO    __workspace___hf__models__Mistral-7B-Instruct-v0_3/stage3: 160/2000 done, 1.4s/item, elapsed 3.7 min, VRAM peak 90.6%, ETA 2026-08-22 05:39:25 UTC (in 42.4 min)
2026-08-22 04:57:12 UTC INFO    __workspace___hf__models__Mistral-7B-Instruct-v0_3/stage3: 170/2000 done, 1.4s/item, elapsed 3.9 min, VRAM peak 90.6%, ETA 2026-08-22 05:38:52 UTC (in 41.7 min)
2026-08-22 04:57:31 UTC INFO    __workspace___hf__models__Mistral-7B-Instruct-v0_3/stage3: 180/2000 done, 1.4s/item, elapsed 4.2 min, VRAM peak 90.6%, ETA 2026-08-22 05:39:56 UTC (in 42.4 min)
2026-08-22 04:57:42 UTC INFO    __workspace___hf__models__Mistral-7B-Instruct-v0_3/stage3: 190/2000 done, 1.4s/item, elapsed 4.4 min, VRAM peak 90.6%, ETA 2026-08-22 05:39:26 UTC (in 41.7 min)
2026-08-22 04:57:52 UTC INFO    __workspace___hf__models__Mistral-7B-Instruct-v0_3/stage3: 200/2000 done, 1.4s/item, elapsed 4.5 min, VRAM peak 90.6%, ETA 2026-08-22 05:38:47 UTC (in 40.9 min)
2026-08-22 04:58:06 UTC INFO    __workspace___hf__models__Mistral-7B-Instruct-v0_3/stage3: 210/2000 done, 1.4s/item, elapsed 4.8 min, VRAM peak 90.6%, ETA 2026-08-22 05:38:48 UTC (in 40.7 min)
2026-08-22 04:58:19 UTC INFO    __workspace___hf__models__Mistral-7B-Instruct-v0_3/stage3: 220/2000 done, 1.4s/item, elapsed 5.0 min, VRAM peak 90.6%, ETA 2026-08-22 05:38:41 UTC (in 40.4 min)
2026-08-22 04:58:35 UTC INFO    __workspace___hf__models__Mistral-7B-Instruct-v0_3/stage3: 230/2000 done, 1.4s/item, elapsed 5.3 min, VRAM peak 90.6%, ETA 2026-08-22 05:39:04 UTC (in 40.5 min)
2026-08-22 04:58:46 UTC INFO    __workspace___hf__models__Mistral-7B-Instruct-v0_3/stage3: 240/2000 done, 1.4s/item, elapsed 5.4 min, VRAM peak 90.6%, ETA 2026-08-22 05:38:44 UTC (in 40.0 min)
2026-08-22 04:58:57 UTC INFO    __workspace___hf__models__Mistral-7B-Instruct-v0_3/stage3: 250/2000 done, 1.3s/item, elapsed 5.6 min, VRAM peak 90.6%, ETA 2026-08-22 05:38:17 UTC (in 39.3 min)
2026-08-22 04:59:11 UTC INFO    __workspace___hf__models__Mistral-7B-Instruct-v0_3/stage3: 260/2000 done, 1.4s/item, elapsed 5.9 min, VRAM peak 90.6%, ETA 2026-08-22 05:38:23 UTC (in 39.2 min)
2026-08-22 04:59:23 UTC INFO    __workspace___hf__models__Mistral-7B-Instruct-v0_3/stage3: 270/2000 done, 1.3s/item, elapsed 6.1 min, VRAM peak 90.6%, ETA 2026-08-22 05:38:16 UTC (in 38.9 min)
2026-08-22 04:59:35 UTC INFO    __workspace___hf__models__Mistral-7B-Instruct-v0_3/stage3: 280/2000 done, 1.3s/item, elapsed 6.3 min, VRAM peak 90.6%, ETA 2026-08-22 05:38:06 UTC (in 38.5 min)
2026-08-22 04:59:48 UTC INFO    __workspace___hf__models__Mistral-7B-Instruct-v0_3/stage3: 290/2000 done, 1.3s/item, elapsed 6.5 min, VRAM peak 90.6%, ETA 2026-08-22 05:37:58 UTC (in 38.2 min)
2026-08-22 04:59:58 UTC INFO    __workspace___hf__models__Mistral-7B-Instruct-v0_3/stage3: 300/2000 done, 1.3s/item, elapsed 6.6 min, VRAM peak 90.6%, ETA 2026-08-22 05:37:36 UTC (in 37.6 min)
2026-08-22 05:00:13 UTC INFO    __workspace___hf__models__Mistral-7B-Instruct-v0_3/stage3: 310/2000 done, 1.3s/item, elapsed 6.9 min, VRAM peak 90.6%, ETA 2026-08-22 05:37:51 UTC (in 37.6 min)
2026-08-22 05:00:29 UTC INFO    __workspace___hf__models__Mistral-7B-Instruct-v0_3/stage3: 320/2000 done, 1.3s/item, elapsed 7.2 min, VRAM peak 90.6%, ETA 2026-08-22 05:38:04 UTC (in 37.6 min)
2026-08-22 05:00:43 UTC INFO    __workspace___hf__models__Mistral-7B-Instruct-v0_3/stage3: 330/2000 done, 1.3s/item, elapsed 7.4 min, VRAM peak 90.6%, ETA 2026-08-22 05:38:08 UTC (in 37.4 min)
2026-08-22 05:01:04 UTC INFO    __workspace___hf__models__Mistral-7B-Instruct-v0_3/stage3: 340/2000 done, 1.4s/item, elapsed 7.7 min, VRAM peak 90.6%, ETA 2026-08-22 05:38:53 UTC (in 37.8 min)
2026-08-22 05:01:14 UTC INFO    __workspace___hf__models__Mistral-7B-Instruct-v0_3/stage3: 350/2000 done, 1.4s/item, elapsed 7.9 min, VRAM peak 90.6%, ETA 2026-08-22 05:38:30 UTC (in 37.3 min)
2026-08-22 05:01:25 UTC INFO    __workspace___hf__models__Mistral-7B-Instruct-v0_3/stage3: 360/2000 done, 1.3s/item, elapsed 8.1 min, VRAM peak 90.6%, ETA 2026-08-22 05:38:19 UTC (in 36.9 min)
2026-08-22 05:01:38 UTC INFO    __workspace___hf__models__Mistral-7B-Instruct-v0_3/stage3: 370/2000 done, 1.3s/item, elapsed 8.3 min, VRAM peak 90.6%, ETA 2026-08-22 05:38:15 UTC (in 36.6 min)
2026-08-22 05:01:47 UTC INFO    __workspace___hf__models__Mistral-7B-Instruct-v0_3/stage3: 380/2000 done, 1.3s/item, elapsed 8.5 min, VRAM peak 90.6%, ETA 2026-08-22 05:37:49 UTC (in 36.0 min)
2026-08-22 05:02:04 UTC INFO    __workspace___hf__models__Mistral-7B-Instruct-v0_3/stage3: 390/2000 done, 1.3s/item, elapsed 8.7 min, VRAM peak 90.6%, ETA 2026-08-22 05:38:07 UTC (in 36.1 min)
2026-08-22 05:02:13 UTC INFO    __workspace___hf__models__Mistral-7B-Instruct-v0_3/stage3: 400/2000 done, 1.3s/item, elapsed 8.9 min, VRAM peak 90.6%, ETA 2026-08-22 05:37:47 UTC (in 35.6 min)
2026-08-22 05:02:29 UTC INFO    __workspace___hf__models__Mistral-7B-Instruct-v0_3/stage3: 410/2000 done, 1.3s/item, elapsed 9.2 min, VRAM peak 90.6%, ETA 2026-08-22 05:37:59 UTC (in 35.5 min)
2026-08-22 05:02:41 UTC INFO    __workspace___hf__models__Mistral-7B-Instruct-v0_3/stage3: 420/2000 done, 1.3s/item, elapsed 9.4 min, VRAM peak 90.6%, ETA 2026-08-22 05:37:54 UTC (in 35.2 min)
2026-08-22 05:02:54 UTC INFO    __workspace___hf__models__Mistral-7B-Instruct-v0_3/stage3: 430/2000 done, 1.3s/item, elapsed 9.6 min, VRAM peak 90.6%, ETA 2026-08-22 05:37:53 UTC (in 35.0 min)
2026-08-22 05:03:09 UTC INFO    __workspace___hf__models__Mistral-7B-Instruct-v0_3/stage3: 440/2000 done, 1.3s/item, elapsed 9.8 min, VRAM peak 90.6%, ETA 2026-08-22 05:38:01 UTC (in 34.9 min)
2026-08-22 05:03:21 UTC INFO    __workspace___hf__models__Mistral-7B-Instruct-v0_3/stage3: 450/2000 done, 1.3s/item, elapsed 10.0 min, VRAM peak 90.6%, ETA 2026-08-22 05:37:55 UTC (in 34.6 min)
2026-08-22 05:03:35 UTC INFO    __workspace___hf__models__Mistral-7B-Instruct-v0_3/stage3: 460/2000 done, 1.3s/item, elapsed 10.3 min, VRAM peak 90.6%, ETA 2026-08-22 05:37:57 UTC (in 34.4 min)
2026-08-22 05:03:48 UTC INFO    __workspace___hf__models__Mistral-7B-Instruct-v0_3/stage3: 470/2000 done, 1.3s/item, elapsed 10.5 min, VRAM peak 90.6%, ETA 2026-08-22 05:37:53 UTC (in 34.1 min)
2026-08-22 05:04:04 UTC INFO    __workspace___hf__models__Mistral-7B-Instruct-v0_3/stage3: 480/2000 done, 1.3s/item, elapsed 10.7 min, VRAM peak 90.6%, ETA 2026-08-22 05:38:03 UTC (in 34.0 min)
2026-08-22 05:04:18 UTC INFO    __workspace___hf__models__Mistral-7B-Instruct-v0_3/stage3: 490/2000 done, 1.3s/item, elapsed 11.0 min, VRAM peak 90.6%, ETA 2026-08-22 05:38:07 UTC (in 33.8 min)
2026-08-22 05:04:34 UTC INFO    __workspace___hf__models__Mistral-7B-Instruct-v0_3/stage3: 500/2000 done, 1.3s/item, elapsed 11.2 min, VRAM peak 90.6%, ETA 2026-08-22 05:38:16 UTC (in 33.7 min)
2026-08-22 05:04:46 UTC INFO    __workspace___hf__models__Mistral-7B-Instruct-v0_3/stage3: 510/2000 done, 1.3s/item, elapsed 11.4 min, VRAM peak 90.6%, ETA 2026-08-22 05:38:12 UTC (in 33.4 min)
2026-08-22 05:05:02 UTC INFO    __workspace___hf__models__Mistral-7B-Instruct-v0_3/stage3: 520/2000 done, 1.4s/item, elapsed 11.7 min, VRAM peak 90.6%, ETA 2026-08-22 05:38:22 UTC (in 33.3 min)
2026-08-22 05:05:13 UTC INFO    __workspace___hf__models__Mistral-7B-Instruct-v0_3/stage3: 530/2000 done, 1.3s/item, elapsed 11.9 min, VRAM peak 90.6%, ETA 2026-08-22 05:38:14 UTC (in 33.0 min)
2026-08-22 05:05:26 UTC INFO    __workspace___hf__models__Mistral-7B-Instruct-v0_3/stage3: 540/2000 done, 1.3s/item, elapsed 12.1 min, VRAM peak 90.6%, ETA 2026-08-22 05:38:09 UTC (in 32.7 min)
2026-08-22 05:05:36 UTC INFO    __workspace___hf__models__Mistral-7B-Instruct-v0_3/stage3: 550/2000 done, 1.3s/item, elapsed 12.3 min, VRAM peak 90.6%, ETA 2026-08-22 05:38:00 UTC (in 32.4 min)
2026-08-22 05:05:52 UTC INFO    __workspace___hf__models__Mistral-7B-Instruct-v0_3/stage3: 560/2000 done, 1.3s/item, elapsed 12.5 min, VRAM peak 90.6%, ETA 2026-08-22 05:38:08 UTC (in 32.3 min)
2026-08-22 05:06:05 UTC INFO    __workspace___hf__models__Mistral-7B-Instruct-v0_3/stage3: 570/2000 done, 1.3s/item, elapsed 12.8 min, VRAM peak 90.6%, ETA 2026-08-22 05:38:07 UTC (in 32.0 min)
2026-08-22 05:06:17 UTC INFO    __workspace___hf__models__Mistral-7B-Instruct-v0_3/stage3: 580/2000 done, 1.3s/item, elapsed 13.0 min, VRAM peak 90.6%, ETA 2026-08-22 05:38:02 UTC (in 31.7 min)
2026-08-22 05:06:32 UTC INFO    __workspace___hf__models__Mistral-7B-Instruct-v0_3/stage3: 590/2000 done, 1.3s/item, elapsed 13.2 min, VRAM peak 90.6%, ETA 2026-08-22 05:38:06 UTC (in 31.6 min)
2026-08-22 05:06:47 UTC INFO    __workspace___hf__models__Mistral-7B-Instruct-v0_3/stage3: 600/2000 done, 1.3s/item, elapsed 13.5 min, VRAM peak 90.6%, ETA 2026-08-22 05:38:12 UTC (in 31.4 min)
2026-08-22 05:07:00 UTC INFO    __workspace___hf__models__Mistral-7B-Instruct-v0_3/stage3: 610/2000 done, 1.3s/item, elapsed 13.7 min, VRAM peak 90.6%, ETA 2026-08-22 05:38:11 UTC (in 31.2 min)
2026-08-22 05:07:20 UTC INFO    __workspace___hf__models__Mistral-7B-Instruct-v0_3/stage3: 620/2000 done, 1.4s/item, elapsed 14.0 min, VRAM peak 90.6%, ETA 2026-08-22 05:38:30 UTC (in 31.2 min)
2026-08-22 05:07:31 UTC INFO    __workspace___hf__models__Mistral-7B-Instruct-v0_3/stage3: 630/2000 done, 1.4s/item, elapsed 14.2 min, VRAM peak 90.6%, ETA 2026-08-22 05:38:23 UTC (in 30.9 min)
2026-08-22 05:07:45 UTC INFO    __workspace___hf__models__Mistral-7B-Instruct-v0_3/stage3: 640/2000 done, 1.4s/item, elapsed 14.4 min, VRAM peak 90.6%, ETA 2026-08-22 05:38:23 UTC (in 30.6 min)
2026-08-22 05:07:57 UTC INFO    __workspace___hf__models__Mistral-7B-Instruct-v0_3/stage3: 650/2000 done, 1.4s/item, elapsed 14.6 min, VRAM peak 90.6%, ETA 2026-08-22 05:38:20 UTC (in 30.4 min)
2026-08-22 05:08:10 UTC INFO    __workspace___hf__models__Mistral-7B-Instruct-v0_3/stage3: 660/2000 done, 1.4s/item, elapsed 14.9 min, VRAM peak 90.6%, ETA 2026-08-22 05:38:20 UTC (in 30.2 min)
2026-08-22 05:08:24 UTC INFO    __workspace___hf__models__Mistral-7B-Instruct-v0_3/stage3: 670/2000 done, 1.4s/item, elapsed 15.1 min, VRAM peak 90.6%, ETA 2026-08-22 05:38:20 UTC (in 29.9 min)
2026-08-22 05:08:35 UTC INFO    __workspace___hf__models__Mistral-7B-Instruct-v0_3/stage3: 680/2000 done, 1.3s/item, elapsed 15.3 min, VRAM peak 90.6%, ETA 2026-08-22 05:38:11 UTC (in 29.6 min)
2026-08-22 05:08:46 UTC INFO    __workspace___hf__models__Mistral-7B-Instruct-v0_3/stage3: 690/2000 done, 1.3s/item, elapsed 15.4 min, VRAM peak 90.6%, ETA 2026-08-22 05:38:05 UTC (in 29.3 min)
2026-08-22 05:08:59 UTC INFO    __workspace___hf__models__Mistral-7B-Instruct-v0_3/stage3: 700/2000 done, 1.3s/item, elapsed 15.7 min, VRAM peak 90.6%, ETA 2026-08-22 05:38:05 UTC (in 29.1 min)
2026-08-22 05:09:12 UTC INFO    __workspace___hf__models__Mistral-7B-Instruct-v0_3/stage3: 710/2000 done, 1.3s/item, elapsed 15.9 min, VRAM peak 90.6%, ETA 2026-08-22 05:38:02 UTC (in 28.8 min)
2026-08-22 05:09:24 UTC INFO    __workspace___hf__models__Mistral-7B-Instruct-v0_3/stage3: 720/2000 done, 1.3s/item, elapsed 16.1 min, VRAM peak 90.6%, ETA 2026-08-22 05:37:59 UTC (in 28.6 min)
2026-08-22 05:09:37 UTC INFO    __workspace___hf__models__Mistral-7B-Instruct-v0_3/stage3: 730/2000 done, 1.3s/item, elapsed 16.3 min, VRAM peak 90.6%, ETA 2026-08-22 05:37:58 UTC (in 28.3 min)
2026-08-22 05:09:46 UTC INFO    __workspace___hf__models__Mistral-7B-Instruct-v0_3/stage3: 740/2000 done, 1.3s/item, elapsed 16.5 min, VRAM peak 90.6%, ETA 2026-08-22 05:37:47 UTC (in 28.0 min)
2026-08-22 05:10:01 UTC INFO    __workspace___hf__models__Mistral-7B-Instruct-v0_3/stage3: 750/2000 done, 1.3s/item, elapsed 16.7 min, VRAM peak 90.6%, ETA 2026-08-22 05:37:51 UTC (in 27.8 min)
2026-08-22 05:10:13 UTC INFO    __workspace___hf__models__Mistral-7B-Instruct-v0_3/stage3: 760/2000 done, 1.3s/item, elapsed 16.9 min, VRAM peak 90.6%, ETA 2026-08-22 05:37:46 UTC (in 27.6 min)
2026-08-22 05:10:26 UTC INFO    __workspace___hf__models__Mistral-7B-Instruct-v0_3/stage3: 770/2000 done, 1.3s/item, elapsed 17.1 min, VRAM peak 90.6%, ETA 2026-08-22 05:37:46 UTC (in 27.3 min)
2026-08-22 05:10:36 UTC INFO    __workspace___hf__models__Mistral-7B-Instruct-v0_3/stage3: 780/2000 done, 1.3s/item, elapsed 17.3 min, VRAM peak 90.6%, ETA 2026-08-22 05:37:37 UTC (in 27.0 min)
2026-08-22 05:10:47 UTC INFO    __workspace___hf__models__Mistral-7B-Instruct-v0_3/stage3: 790/2000 done, 1.3s/item, elapsed 17.5 min, VRAM peak 90.6%, ETA 2026-08-22 05:37:32 UTC (in 26.7 min)
2026-08-22 05:11:05 UTC INFO    __workspace___hf__models__Mistral-7B-Instruct-v0_3/stage3: 800/2000 done, 1.3s/item, elapsed 17.8 min, VRAM peak 90.6%, ETA 2026-08-22 05:37:44 UTC (in 26.6 min)
2026-08-22 05:11:20 UTC INFO    __workspace___hf__models__Mistral-7B-Instruct-v0_3/stage3: 810/2000 done, 1.3s/item, elapsed 18.0 min, VRAM peak 90.6%, ETA 2026-08-22 05:37:49 UTC (in 26.5 min)
2026-08-22 05:11:36 UTC INFO    __workspace___hf__models__Mistral-7B-Instruct-v0_3/stage3: 820/2000 done, 1.3s/item, elapsed 18.3 min, VRAM peak 90.6%, ETA 2026-08-22 05:37:54 UTC (in 26.3 min)
2026-08-22 05:11:50 UTC INFO    __workspace___hf__models__Mistral-7B-Instruct-v0_3/stage3: 830/2000 done, 1.3s/item, elapsed 18.5 min, VRAM peak 90.6%, ETA 2026-08-22 05:37:55 UTC (in 26.1 min)
2026-08-22 05:12:01 UTC INFO    __workspace___hf__models__Mistral-7B-Instruct-v0_3/stage3: 840/2000 done, 1.3s/item, elapsed 18.7 min, VRAM peak 90.6%, ETA 2026-08-22 05:37:49 UTC (in 25.8 min)
2026-08-22 05:12:25 UTC INFO    __workspace___hf__models__Mistral-7B-Instruct-v0_3/stage3: 850/2000 done, 1.3s/item, elapsed 19.1 min, VRAM peak 90.6%, ETA 2026-08-22 05:38:15 UTC (in 25.8 min)
2026-08-22 05:12:38 UTC INFO    __workspace___hf__models__Mistral-7B-Instruct-v0_3/stage3: 860/2000 done, 1.3s/item, elapsed 19.3 min, VRAM peak 90.6%, ETA 2026-08-22 05:38:15 UTC (in 25.6 min)
2026-08-22 05:12:51 UTC INFO    __workspace___hf__models__Mistral-7B-Instruct-v0_3/stage3: 870/2000 done, 1.3s/item, elapsed 19.5 min, VRAM peak 90.6%, ETA 2026-08-22 05:38:12 UTC (in 25.4 min)
2026-08-22 05:13:06 UTC INFO    __workspace___hf__models__Mistral-7B-Instruct-v0_3/stage3: 880/2000 done, 1.3s/item, elapsed 19.8 min, VRAM peak 90.6%, ETA 2026-08-22 05:38:16 UTC (in 25.2 min)
2026-08-22 05:13:22 UTC INFO    __workspace___hf__models__Mistral-7B-Instruct-v0_3/stage3: 890/2000 done, 1.4s/item, elapsed 20.0 min, VRAM peak 90.6%, ETA 2026-08-22 05:38:21 UTC (in 25.0 min)
2026-08-22 05:13:32 UTC INFO    __workspace___hf__models__Mistral-7B-Instruct-v0_3/stage3: 900/2000 done, 1.3s/item, elapsed 20.2 min, VRAM peak 90.6%, ETA 2026-08-22 05:38:15 UTC (in 24.7 min)
2026-08-22 05:13:43 UTC INFO    __workspace___hf__models__Mistral-7B-Instruct-v0_3/stage3: 910/2000 done, 1.3s/item, elapsed 20.4 min, VRAM peak 90.6%, ETA 2026-08-22 05:38:10 UTC (in 24.4 min)
2026-08-22 05:13:59 UTC INFO    __workspace___hf__models__Mistral-7B-Instruct-v0_3/stage3: 920/2000 done, 1.3s/item, elapsed 20.7 min, VRAM peak 90.6%, ETA 2026-08-22 05:38:15 UTC (in 24.3 min)
2026-08-22 05:14:11 UTC INFO    __workspace___hf__models__Mistral-7B-Instruct-v0_3/stage3: 930/2000 done, 1.3s/item, elapsed 20.9 min, VRAM peak 90.6%, ETA 2026-08-22 05:38:10 UTC (in 24.0 min)
2026-08-22 05:14:18 UTC INFO    __workspace___hf__models__Mistral-7B-Instruct-v0_3/stage3: 940/2000 done, 1.3s/item, elapsed 21.0 min, VRAM peak 90.6%, ETA 2026-08-22 05:37:57 UTC (in 23.7 min)
2026-08-22 05:14:31 UTC INFO    __workspace___hf__models__Mistral-7B-Instruct-v0_3/stage3: 950/2000 done, 1.3s/item, elapsed 21.2 min, VRAM peak 90.6%, ETA 2026-08-22 05:37:56 UTC (in 23.4 min)
2026-08-22 05:14:45 UTC INFO    __workspace___hf__models__Mistral-7B-Instruct-v0_3/stage3: 960/2000 done, 1.3s/item, elapsed 21.4 min, VRAM peak 90.6%, ETA 2026-08-22 05:37:57 UTC (in 23.2 min)
2026-08-22 05:15:00 UTC INFO    __workspace___hf__models__Mistral-7B-Instruct-v0_3/stage3: 970/2000 done, 1.3s/item, elapsed 21.7 min, VRAM peak 90.6%, ETA 2026-08-22 05:38:00 UTC (in 23.0 min)
2026-08-22 05:15:17 UTC INFO    __workspace___hf__models__Mistral-7B-Instruct-v0_3/stage3: 980/2000 done, 1.3s/item, elapsed 22.0 min, VRAM peak 90.6%, ETA 2026-08-22 05:38:09 UTC (in 22.9 min)
2026-08-22 05:15:29 UTC INFO    __workspace___hf__models__Mistral-7B-Instruct-v0_3/stage3: 990/2000 done, 1.3s/item, elapsed 22.2 min, VRAM peak 90.6%, ETA 2026-08-22 05:38:05 UTC (in 22.6 min)
2026-08-22 05:15:41 UTC INFO    __workspace___hf__models__Mistral-7B-Instruct-v0_3/stage3: 1000/2000 done, 1.3s/item, elapsed 22.4 min, VRAM peak 90.6%, ETA 2026-08-22 05:38:02 UTC (in 22.4 min)
2026-08-22 05:15:52 UTC INFO    __workspace___hf__models__Mistral-7B-Instruct-v0_3/stage3: 1010/2000 done, 1.3s/item, elapsed 22.5 min, VRAM peak 90.6%, ETA 2026-08-22 05:37:57 UTC (in 22.1 min)
2026-08-22 05:16:05 UTC INFO    __workspace___hf__models__Mistral-7B-Instruct-v0_3/stage3: 1020/2000 done, 1.3s/item, elapsed 22.8 min, VRAM peak 90.6%, ETA 2026-08-22 05:37:57 UTC (in 21.9 min)
2026-08-22 05:16:16 UTC INFO    __workspace___hf__models__Mistral-7B-Instruct-v0_3/stage3: 1030/2000 done, 1.3s/item, elapsed 22.9 min, VRAM peak 90.6%, ETA 2026-08-22 05:37:53 UTC (in 21.6 min)
2026-08-22 05:16:33 UTC INFO    __workspace___hf__models__Mistral-7B-Instruct-v0_3/stage3: 1040/2000 done, 1.3s/item, elapsed 23.2 min, VRAM peak 90.6%, ETA 2026-08-22 05:37:59 UTC (in 21.4 min)
2026-08-22 05:16:49 UTC INFO    __workspace___hf__models__Mistral-7B-Instruct-v0_3/stage3: 1050/2000 done, 1.3s/item, elapsed 23.5 min, VRAM peak 90.6%, ETA 2026-08-22 05:38:04 UTC (in 21.3 min)
2026-08-22 05:17:04 UTC INFO    __workspace___hf__models__Mistral-7B-Instruct-v0_3/stage3: 1060/2000 done, 1.3s/item, elapsed 23.7 min, VRAM peak 90.6%, ETA 2026-08-22 05:38:07 UTC (in 21.1 min)
2026-08-22 05:17:16 UTC INFO    __workspace___hf__models__Mistral-7B-Instruct-v0_3/stage3: 1070/2000 done, 1.3s/item, elapsed 23.9 min, VRAM peak 90.6%, ETA 2026-08-22 05:38:04 UTC (in 20.8 min)
2026-08-22 05:17:28 UTC INFO    __workspace___hf__models__Mistral-7B-Instruct-v0_3/stage3: 1080/2000 done, 1.3s/item, elapsed 24.2 min, VRAM peak 90.6%, ETA 2026-08-22 05:38:03 UTC (in 20.6 min)
2026-08-22 05:17:42 UTC INFO    __workspace___hf__models__Mistral-7B-Instruct-v0_3/stage3: 1090/2000 done, 1.3s/item, elapsed 24.4 min, VRAM peak 90.6%, ETA 2026-08-22 05:38:03 UTC (in 20.4 min)
2026-08-22 05:18:00 UTC INFO    __workspace___hf__models__Mistral-7B-Instruct-v0_3/stage3: 1100/2000 done, 1.3s/item, elapsed 24.7 min, VRAM peak 90.6%, ETA 2026-08-22 05:38:11 UTC (in 20.2 min)
2026-08-22 05:18:15 UTC INFO    __workspace___hf__models__Mistral-7B-Instruct-v0_3/stage3: 1110/2000 done, 1.3s/item, elapsed 24.9 min, VRAM peak 90.6%, ETA 2026-08-22 05:38:15 UTC (in 20.0 min)
2026-08-22 05:18:26 UTC INFO    __workspace___hf__models__Mistral-7B-Instruct-v0_3/stage3: 1120/2000 done, 1.3s/item, elapsed 25.1 min, VRAM peak 90.6%, ETA 2026-08-22 05:38:10 UTC (in 19.7 min)
2026-08-22 05:18:45 UTC INFO    __workspace___hf__models__Mistral-7B-Instruct-v0_3/stage3: 1130/2000 done, 1.4s/item, elapsed 25.4 min, VRAM peak 90.6%, ETA 2026-08-22 05:38:20 UTC (in 19.6 min)
2026-08-22 05:18:57 UTC INFO    __workspace___hf__models__Mistral-7B-Instruct-v0_3/stage3: 1140/2000 done, 1.3s/item, elapsed 25.6 min, VRAM peak 90.6%, ETA 2026-08-22 05:38:17 UTC (in 19.3 min)
2026-08-22 05:19:10 UTC INFO    __workspace___hf__models__Mistral-7B-Instruct-v0_3/stage3: 1150/2000 done, 1.3s/item, elapsed 25.9 min, VRAM peak 90.6%, ETA 2026-08-22 05:38:17 UTC (in 19.1 min)
2026-08-22 05:19:23 UTC INFO    __workspace___hf__models__Mistral-7B-Instruct-v0_3/stage3: 1160/2000 done, 1.3s/item, elapsed 26.1 min, VRAM peak 90.6%, ETA 2026-08-22 05:38:16 UTC (in 18.9 min)
2026-08-22 05:19:38 UTC INFO    __workspace___hf__models__Mistral-7B-Instruct-v0_3/stage3: 1170/2000 done, 1.3s/item, elapsed 26.3 min, VRAM peak 90.6%, ETA 2026-08-22 05:38:17 UTC (in 18.7 min)
2026-08-22 05:19:52 UTC INFO    __workspace___hf__models__Mistral-7B-Instruct-v0_3/stage3: 1180/2000 done, 1.3s/item, elapsed 26.5 min, VRAM peak 90.6%, ETA 2026-08-22 05:38:19 UTC (in 18.4 min)
2026-08-22 05:20:05 UTC INFO    __workspace___hf__models__Mistral-7B-Instruct-v0_3/stage3: 1190/2000 done, 1.3s/item, elapsed 26.8 min, VRAM peak 90.6%, ETA 2026-08-22 05:38:17 UTC (in 18.2 min)
2026-08-22 05:20:17 UTC INFO    __workspace___hf__models__Mistral-7B-Instruct-v0_3/stage3: 1200/2000 done, 1.3s/item, elapsed 27.0 min, VRAM peak 90.6%, ETA 2026-08-22 05:38:15 UTC (in 18.0 min)
2026-08-22 05:20:31 UTC INFO    __workspace___hf__models__Mistral-7B-Instruct-v0_3/stage3: 1210/2000 done, 1.3s/item, elapsed 27.2 min, VRAM peak 90.6%, ETA 2026-08-22 05:38:16 UTC (in 17.8 min)
2026-08-22 05:20:46 UTC INFO    __workspace___hf__models__Mistral-7B-Instruct-v0_3/stage3: 1220/2000 done, 1.3s/item, elapsed 27.4 min, VRAM peak 90.6%, ETA 2026-08-22 05:38:18 UTC (in 17.5 min)
2026-08-22 05:21:03 UTC INFO    __workspace___hf__models__Mistral-7B-Instruct-v0_3/stage3: 1230/2000 done, 1.4s/item, elapsed 27.7 min, VRAM peak 90.6%, ETA 2026-08-22 05:38:25 UTC (in 17.4 min)
2026-08-22 05:21:20 UTC INFO    __workspace___hf__models__Mistral-7B-Instruct-v0_3/stage3: 1240/2000 done, 1.4s/item, elapsed 28.0 min, VRAM peak 90.6%, ETA 2026-08-22 05:38:30 UTC (in 17.2 min)
2026-08-22 05:21:29 UTC INFO    __workspace___hf__models__Mistral-7B-Instruct-v0_3/stage3: 1250/2000 done, 1.4s/item, elapsed 28.2 min, VRAM peak 90.6%, ETA 2026-08-22 05:38:23 UTC (in 16.9 min)
2026-08-22 05:21:41 UTC INFO    __workspace___hf__models__Mistral-7B-Instruct-v0_3/stage3: 1260/2000 done, 1.4s/item, elapsed 28.4 min, VRAM peak 90.6%, ETA 2026-08-22 05:38:21 UTC (in 16.7 min)
2026-08-22 05:21:54 UTC INFO    __workspace___hf__models__Mistral-7B-Instruct-v0_3/stage3: 1270/2000 done, 1.4s/item, elapsed 28.6 min, VRAM peak 90.6%, ETA 2026-08-22 05:38:20 UTC (in 16.4 min)
2026-08-22 05:22:07 UTC INFO    __workspace___hf__models__Mistral-7B-Instruct-v0_3/stage3: 1280/2000 done, 1.3s/item, elapsed 28.8 min, VRAM peak 90.6%, ETA 2026-08-22 05:38:19 UTC (in 16.2 min)
2026-08-22 05:22:19 UTC INFO    __workspace___hf__models__Mistral-7B-Instruct-v0_3/stage3: 1290/2000 done, 1.3s/item, elapsed 29.0 min, VRAM peak 90.6%, ETA 2026-08-22 05:38:16 UTC (in 16.0 min)
2026-08-22 05:22:34 UTC INFO    __workspace___hf__models__Mistral-7B-Instruct-v0_3/stage3: 1300/2000 done, 1.3s/item, elapsed 29.2 min, VRAM peak 90.6%, ETA 2026-08-22 05:38:19 UTC (in 15.7 min)
2026-08-22 05:22:49 UTC INFO    __workspace___hf__models__Mistral-7B-Instruct-v0_3/stage3: 1310/2000 done, 1.4s/item, elapsed 29.5 min, VRAM peak 90.6%, ETA 2026-08-22 05:38:20 UTC (in 15.5 min)
2026-08-22 05:22:59 UTC INFO    __workspace___hf__models__Mistral-7B-Instruct-v0_3/stage3: 1320/2000 done, 1.3s/item, elapsed 29.7 min, VRAM peak 90.6%, ETA 2026-08-22 05:38:16 UTC (in 15.3 min)
2026-08-22 05:23:13 UTC INFO    __workspace___hf__models__Mistral-7B-Instruct-v0_3/stage3: 1330/2000 done, 1.3s/item, elapsed 29.9 min, VRAM peak 90.6%, ETA 2026-08-22 05:38:16 UTC (in 15.1 min)
2026-08-22 05:23:31 UTC INFO    __workspace___hf__models__Mistral-7B-Instruct-v0_3/stage3: 1340/2000 done, 1.4s/item, elapsed 30.2 min, VRAM peak 90.6%, ETA 2026-08-22 05:38:23 UTC (in 14.9 min)
2026-08-22 05:23:47 UTC INFO    __workspace___hf__models__Mistral-7B-Instruct-v0_3/stage3: 1350/2000 done, 1.4s/item, elapsed 30.5 min, VRAM peak 90.6%, ETA 2026-08-22 05:38:26 UTC (in 14.7 min)
2026-08-22 05:24:01 UTC INFO    __workspace___hf__models__Mistral-7B-Instruct-v0_3/stage3: 1360/2000 done, 1.4s/item, elapsed 30.7 min, VRAM peak 90.6%, ETA 2026-08-22 05:38:28 UTC (in 14.4 min)
2026-08-22 05:24:14 UTC INFO    __workspace___hf__models__Mistral-7B-Instruct-v0_3/stage3: 1370/2000 done, 1.4s/item, elapsed 30.9 min, VRAM peak 90.6%, ETA 2026-08-22 05:38:27 UTC (in 14.2 min)
2026-08-22 05:24:27 UTC INFO    __workspace___hf__models__Mistral-7B-Instruct-v0_3/stage3: 1380/2000 done, 1.4s/item, elapsed 31.1 min, VRAM peak 90.6%, ETA 2026-08-22 05:38:26 UTC (in 14.0 min)
2026-08-22 05:24:38 UTC INFO    __workspace___hf__models__Mistral-7B-Instruct-v0_3/stage3: 1390/2000 done, 1.4s/item, elapsed 31.3 min, VRAM peak 90.6%, ETA 2026-08-22 05:38:23 UTC (in 13.7 min)
2026-08-22 05:24:51 UTC INFO    __workspace___hf__models__Mistral-7B-Instruct-v0_3/stage3: 1400/2000 done, 1.4s/item, elapsed 31.5 min, VRAM peak 90.6%, ETA 2026-08-22 05:38:21 UTC (in 13.5 min)
2026-08-22 05:25:07 UTC INFO    __workspace___hf__models__Mistral-7B-Instruct-v0_3/stage3: 1410/2000 done, 1.4s/item, elapsed 31.8 min, VRAM peak 90.6%, ETA 2026-08-22 05:38:25 UTC (in 13.3 min)
2026-08-22 05:25:25 UTC INFO    __workspace___hf__models__Mistral-7B-Instruct-v0_3/stage3: 1420/2000 done, 1.4s/item, elapsed 32.1 min, VRAM peak 90.6%, ETA 2026-08-22 05:38:31 UTC (in 13.1 min)
2026-08-22 05:25:38 UTC INFO    __workspace___hf__models__Mistral-7B-Instruct-v0_3/stage3: 1430/2000 done, 1.4s/item, elapsed 32.3 min, VRAM peak 90.6%, ETA 2026-08-22 05:38:31 UTC (in 12.9 min)
2026-08-22 05:25:51 UTC INFO    __workspace___hf__models__Mistral-7B-Instruct-v0_3/stage3: 1440/2000 done, 1.4s/item, elapsed 32.5 min, VRAM peak 90.6%, ETA 2026-08-22 05:38:30 UTC (in 12.7 min)
2026-08-22 05:26:03 UTC INFO    __workspace___hf__models__Mistral-7B-Instruct-v0_3/stage3: 1450/2000 done, 1.4s/item, elapsed 32.7 min, VRAM peak 90.6%, ETA 2026-08-22 05:38:28 UTC (in 12.4 min)
2026-08-22 05:26:16 UTC INFO    __workspace___hf__models__Mistral-7B-Instruct-v0_3/stage3: 1460/2000 done, 1.4s/item, elapsed 32.9 min, VRAM peak 90.6%, ETA 2026-08-22 05:38:27 UTC (in 12.2 min)
2026-08-22 05:26:34 UTC INFO    __workspace___hf__models__Mistral-7B-Instruct-v0_3/stage3: 1470/2000 done, 1.4s/item, elapsed 33.2 min, VRAM peak 90.6%, ETA 2026-08-22 05:38:34 UTC (in 12.0 min)
2026-08-22 05:26:52 UTC INFO    __workspace___hf__models__Mistral-7B-Instruct-v0_3/stage3: 1480/2000 done, 1.4s/item, elapsed 33.5 min, VRAM peak 90.6%, ETA 2026-08-22 05:38:40 UTC (in 11.8 min)
2026-08-22 05:27:03 UTC INFO    __workspace___hf__models__Mistral-7B-Instruct-v0_3/stage3: 1490/2000 done, 1.4s/item, elapsed 33.7 min, VRAM peak 90.6%, ETA 2026-08-22 05:38:35 UTC (in 11.5 min)
2026-08-22 05:27:19 UTC INFO    __workspace___hf__models__Mistral-7B-Instruct-v0_3/stage3: 1500/2000 done, 1.4s/item, elapsed 34.0 min, VRAM peak 90.6%, ETA 2026-08-22 05:38:38 UTC (in 11.3 min)
2026-08-22 05:27:32 UTC INFO    __workspace___hf__models__Mistral-7B-Instruct-v0_3/stage3: 1510/2000 done, 1.4s/item, elapsed 34.2 min, VRAM peak 90.6%, ETA 2026-08-22 05:38:38 UTC (in 11.1 min)
2026-08-22 05:27:50 UTC INFO    __workspace___hf__models__Mistral-7B-Instruct-v0_3/stage3: 1520/2000 done, 1.4s/item, elapsed 34.5 min, VRAM peak 90.6%, ETA 2026-08-22 05:38:44 UTC (in 10.9 min)
2026-08-22 05:28:04 UTC INFO    __workspace___hf__models__Mistral-7B-Instruct-v0_3/stage3: 1530/2000 done, 1.4s/item, elapsed 34.8 min, VRAM peak 90.6%, ETA 2026-08-22 05:38:45 UTC (in 10.7 min)
2026-08-22 05:28:18 UTC INFO    __workspace___hf__models__Mistral-7B-Instruct-v0_3/stage3: 1540/2000 done, 1.4s/item, elapsed 35.0 min, VRAM peak 90.6%, ETA 2026-08-22 05:38:44 UTC (in 10.4 min)
2026-08-22 05:28:29 UTC INFO    __workspace___hf__models__Mistral-7B-Instruct-v0_3/stage3: 1550/2000 done, 1.4s/item, elapsed 35.2 min, VRAM peak 90.6%, ETA 2026-08-22 05:38:42 UTC (in 10.2 min)
2026-08-22 05:28:45 UTC INFO    __workspace___hf__models__Mistral-7B-Instruct-v0_3/stage3: 1560/2000 done, 1.4s/item, elapsed 35.4 min, VRAM peak 90.6%, ETA 2026-08-22 05:38:45 UTC (in 10.0 min)
2026-08-22 05:29:00 UTC INFO    __workspace___hf__models__Mistral-7B-Instruct-v0_3/stage3: 1570/2000 done, 1.4s/item, elapsed 35.7 min, VRAM peak 90.6%, ETA 2026-08-22 05:38:47 UTC (in 9.8 min)
2026-08-22 05:29:16 UTC INFO    __workspace___hf__models__Mistral-7B-Instruct-v0_3/stage3: 1580/2000 done, 1.4s/item, elapsed 35.9 min, VRAM peak 90.6%, ETA 2026-08-22 05:38:49 UTC (in 9.6 min)
2026-08-22 05:29:29 UTC INFO    __workspace___hf__models__Mistral-7B-Instruct-v0_3/stage3: 1590/2000 done, 1.4s/item, elapsed 36.2 min, VRAM peak 90.6%, ETA 2026-08-22 05:38:48 UTC (in 9.3 min)
2026-08-22 05:29:42 UTC INFO    __workspace___hf__models__Mistral-7B-Instruct-v0_3/stage3: 1600/2000 done, 1.4s/item, elapsed 36.4 min, VRAM peak 90.6%, ETA 2026-08-22 05:38:47 UTC (in 9.1 min)
2026-08-22 05:30:00 UTC INFO    __workspace___hf__models__Mistral-7B-Instruct-v0_3/stage3: 1610/2000 done, 1.4s/item, elapsed 36.7 min, VRAM peak 90.6%, ETA 2026-08-22 05:38:53 UTC (in 8.9 min)
2026-08-22 05:30:11 UTC INFO    __workspace___hf__models__Mistral-7B-Instruct-v0_3/stage3: 1620/2000 done, 1.4s/item, elapsed 36.9 min, VRAM peak 90.6%, ETA 2026-08-22 05:38:50 UTC (in 8.6 min)
2026-08-22 05:30:28 UTC INFO    __workspace___hf__models__Mistral-7B-Instruct-v0_3/stage3: 1630/2000 done, 1.4s/item, elapsed 37.1 min, VRAM peak 90.6%, ETA 2026-08-22 05:38:53 UTC (in 8.4 min)
2026-08-22 05:30:37 UTC INFO    __workspace___hf__models__Mistral-7B-Instruct-v0_3/stage3: 1640/2000 done, 1.4s/item, elapsed 37.3 min, VRAM peak 90.6%, ETA 2026-08-22 05:38:48 UTC (in 8.2 min)
2026-08-22 05:30:50 UTC INFO    __workspace___hf__models__Mistral-7B-Instruct-v0_3/stage3: 1650/2000 done, 1.4s/item, elapsed 37.5 min, VRAM peak 90.6%, ETA 2026-08-22 05:38:47 UTC (in 8.0 min)
2026-08-22 05:31:03 UTC INFO    __workspace___hf__models__Mistral-7B-Instruct-v0_3/stage3: 1660/2000 done, 1.4s/item, elapsed 37.7 min, VRAM peak 90.6%, ETA 2026-08-22 05:38:46 UTC (in 7.7 min)
2026-08-22 05:31:18 UTC INFO    __workspace___hf__models__Mistral-7B-Instruct-v0_3/stage3: 1670/2000 done, 1.4s/item, elapsed 38.0 min, VRAM peak 90.6%, ETA 2026-08-22 05:38:48 UTC (in 7.5 min)
2026-08-22 05:31:28 UTC INFO    __workspace___hf__models__Mistral-7B-Instruct-v0_3/stage3: 1680/2000 done, 1.4s/item, elapsed 38.1 min, VRAM peak 90.6%, ETA 2026-08-22 05:38:44 UTC (in 7.3 min)
2026-08-22 05:31:40 UTC INFO    __workspace___hf__models__Mistral-7B-Instruct-v0_3/stage3: 1690/2000 done, 1.4s/item, elapsed 38.3 min, VRAM peak 90.6%, ETA 2026-08-22 05:38:42 UTC (in 7.0 min)
2026-08-22 05:31:51 UTC INFO    __workspace___hf__models__Mistral-7B-Instruct-v0_3/stage3: 1700/2000 done, 1.4s/item, elapsed 38.5 min, VRAM peak 90.6%, ETA 2026-08-22 05:38:39 UTC (in 6.8 min)
2026-08-22 05:32:04 UTC INFO    __workspace___hf__models__Mistral-7B-Instruct-v0_3/stage3: 1710/2000 done, 1.4s/item, elapsed 38.7 min, VRAM peak 90.6%, ETA 2026-08-22 05:38:39 UTC (in 6.6 min)
2026-08-22 05:32:13 UTC INFO    __workspace___hf__models__Mistral-7B-Instruct-v0_3/stage3: 1720/2000 done, 1.4s/item, elapsed 38.9 min, VRAM peak 90.6%, ETA 2026-08-22 05:38:33 UTC (in 6.3 min)
2026-08-22 05:32:25 UTC INFO    __workspace___hf__models__Mistral-7B-Instruct-v0_3/stage3: 1730/2000 done, 1.4s/item, elapsed 39.1 min, VRAM peak 90.6%, ETA 2026-08-22 05:38:31 UTC (in 6.1 min)
2026-08-22 05:32:43 UTC INFO    __workspace___hf__models__Mistral-7B-Instruct-v0_3/stage3: 1740/2000 done, 1.4s/item, elapsed 39.4 min, VRAM peak 90.6%, ETA 2026-08-22 05:38:36 UTC (in 5.9 min)
2026-08-22 05:32:54 UTC INFO    __workspace___hf__models__Mistral-7B-Instruct-v0_3/stage3: 1750/2000 done, 1.4s/item, elapsed 39.6 min, VRAM peak 90.6%, ETA 2026-08-22 05:38:33 UTC (in 5.7 min)
2026-08-22 05:33:05 UTC INFO    __workspace___hf__models__Mistral-7B-Instruct-v0_3/stage3: 1760/2000 done, 1.4s/item, elapsed 39.8 min, VRAM peak 90.6%, ETA 2026-08-22 05:38:31 UTC (in 5.4 min)
2026-08-22 05:33:18 UTC INFO    __workspace___hf__models__Mistral-7B-Instruct-v0_3/stage3: 1770/2000 done, 1.4s/item, elapsed 40.0 min, VRAM peak 90.6%, ETA 2026-08-22 05:38:30 UTC (in 5.2 min)
2026-08-22 05:33:33 UTC INFO    __workspace___hf__models__Mistral-7B-Instruct-v0_3/stage3: 1780/2000 done, 1.4s/item, elapsed 40.2 min, VRAM peak 90.6%, ETA 2026-08-22 05:38:31 UTC (in 5.0 min)
2026-08-22 05:33:47 UTC INFO    __workspace___hf__models__Mistral-7B-Instruct-v0_3/stage3: 1790/2000 done, 1.4s/item, elapsed 40.5 min, VRAM peak 90.6%, ETA 2026-08-22 05:38:32 UTC (in 4.7 min)
2026-08-22 05:34:06 UTC INFO    __workspace___hf__models__Mistral-7B-Instruct-v0_3/stage3: 1800/2000 done, 1.4s/item, elapsed 40.8 min, VRAM peak 90.6%, ETA 2026-08-22 05:38:38 UTC (in 4.5 min)
2026-08-22 05:34:16 UTC INFO    __workspace___hf__models__Mistral-7B-Instruct-v0_3/stage3: 1810/2000 done, 1.4s/item, elapsed 40.9 min, VRAM peak 90.6%, ETA 2026-08-22 05:38:34 UTC (in 4.3 min)
2026-08-22 05:34:30 UTC INFO    __workspace___hf__models__Mistral-7B-Instruct-v0_3/stage3: 1820/2000 done, 1.4s/item, elapsed 41.2 min, VRAM peak 90.6%, ETA 2026-08-22 05:38:35 UTC (in 4.1 min)
2026-08-22 05:34:45 UTC INFO    __workspace___hf__models__Mistral-7B-Instruct-v0_3/stage3: 1830/2000 done, 1.4s/item, elapsed 41.4 min, VRAM peak 90.6%, ETA 2026-08-22 05:38:36 UTC (in 3.8 min)
2026-08-22 05:34:57 UTC INFO    __workspace___hf__models__Mistral-7B-Instruct-v0_3/stage3: 1840/2000 done, 1.4s/item, elapsed 41.6 min, VRAM peak 90.6%, ETA 2026-08-22 05:38:34 UTC (in 3.6 min)
2026-08-22 05:35:14 UTC INFO    __workspace___hf__models__Mistral-7B-Instruct-v0_3/stage3: 1850/2000 done, 1.4s/item, elapsed 41.9 min, VRAM peak 90.6%, ETA 2026-08-22 05:38:38 UTC (in 3.4 min)
2026-08-22 05:35:25 UTC INFO    __workspace___hf__models__Mistral-7B-Instruct-v0_3/stage3: 1860/2000 done, 1.4s/item, elapsed 42.1 min, VRAM peak 90.6%, ETA 2026-08-22 05:38:35 UTC (in 3.2 min)
2026-08-22 05:35:41 UTC INFO    __workspace___hf__models__Mistral-7B-Instruct-v0_3/stage3: 1870/2000 done, 1.4s/item, elapsed 42.4 min, VRAM peak 90.6%, ETA 2026-08-22 05:38:38 UTC (in 2.9 min)
2026-08-22 05:35:57 UTC INFO    __workspace___hf__models__Mistral-7B-Instruct-v0_3/stage3: 1880/2000 done, 1.4s/item, elapsed 42.6 min, VRAM peak 90.6%, ETA 2026-08-22 05:38:40 UTC (in 2.7 min)
2026-08-22 05:36:10 UTC INFO    __workspace___hf__models__Mistral-7B-Instruct-v0_3/stage3: 1890/2000 done, 1.4s/item, elapsed 42.8 min, VRAM peak 90.6%, ETA 2026-08-22 05:38:40 UTC (in 2.5 min)
2026-08-22 05:36:22 UTC INFO    __workspace___hf__models__Mistral-7B-Instruct-v0_3/stage3: 1900/2000 done, 1.4s/item, elapsed 43.0 min, VRAM peak 90.6%, ETA 2026-08-22 05:38:38 UTC (in 2.3 min)
2026-08-22 05:36:38 UTC INFO    __workspace___hf__models__Mistral-7B-Instruct-v0_3/stage3: 1910/2000 done, 1.4s/item, elapsed 43.3 min, VRAM peak 90.6%, ETA 2026-08-22 05:38:41 UTC (in 2.0 min)
2026-08-22 05:36:52 UTC INFO    __workspace___hf__models__Mistral-7B-Instruct-v0_3/stage3: 1920/2000 done, 1.4s/item, elapsed 43.5 min, VRAM peak 90.6%, ETA 2026-08-22 05:38:40 UTC (in 1.8 min)
2026-08-22 05:37:08 UTC INFO    __workspace___hf__models__Mistral-7B-Instruct-v0_3/stage3: 1930/2000 done, 1.4s/item, elapsed 43.8 min, VRAM peak 90.6%, ETA 2026-08-22 05:38:43 UTC (in 1.6 min)
2026-08-22 05:37:21 UTC INFO    __workspace___hf__models__Mistral-7B-Instruct-v0_3/stage3: 1940/2000 done, 1.4s/item, elapsed 44.0 min, VRAM peak 90.6%, ETA 2026-08-22 05:38:43 UTC (in 1.4 min)
2026-08-22 05:37:33 UTC INFO    __workspace___hf__models__Mistral-7B-Instruct-v0_3/stage3: 1950/2000 done, 1.4s/item, elapsed 44.2 min, VRAM peak 90.6%, ETA 2026-08-22 05:38:41 UTC (in 1.1 min)
2026-08-22 05:37:43 UTC INFO    __workspace___hf__models__Mistral-7B-Instruct-v0_3/stage3: 1960/2000 done, 1.4s/item, elapsed 44.4 min, VRAM peak 90.6%, ETA 2026-08-22 05:38:38 UTC (in 0.9 min)
2026-08-22 05:37:54 UTC INFO    __workspace___hf__models__Mistral-7B-Instruct-v0_3/stage3: 1970/2000 done, 1.4s/item, elapsed 44.6 min, VRAM peak 90.6%, ETA 2026-08-22 05:38:35 UTC (in 0.7 min)
2026-08-22 05:38:09 UTC INFO    __workspace___hf__models__Mistral-7B-Instruct-v0_3/stage3: 1980/2000 done, 1.4s/item, elapsed 44.8 min, VRAM peak 90.6%, ETA 2026-08-22 05:38:36 UTC (in 0.5 min)
2026-08-22 05:38:25 UTC INFO    __workspace___hf__models__Mistral-7B-Instruct-v0_3/stage3: 1990/2000 done, 1.4s/item, elapsed 45.1 min, VRAM peak 90.6%, ETA 2026-08-22 05:38:39 UTC (in 0.2 min)
2026-08-22 05:38:36 UTC INFO    __workspace___hf__models__Mistral-7B-Instruct-v0_3/stage3: 2000/2000 done, 1.4s/item, elapsed 45.3 min, VRAM peak 90.6%, ETA 2026-08-22 05:38:36 UTC (in 0.0 min)
2026-08-22 05:38:36 UTC INFO    GPU ledger: +2716.7s for __workspace___hf__models__Mistral-7B-Instruct-v0_3/stage3, cumulative 59880.9s (16.63 h, 83.2% of the 20 h allowance)
2026-08-22 05:38:36 UTC INFO    /workspace/.hf/models/Mistral-7B-Instruct-v0.3 stage3: {"n_items": 200, "condition_counts": {"R0": {"chosen_rival": 0, "unreadable": 0, "n": 200}, "R1": {"chosen_rival": 12, "unreadable": 19, "n": 200}, "R2": {"chosen_rival": 4, "unreadable": 22, "n": 200}, "R3": {"chosen_rival": 4, "unreadable": 17, "n": 200}, "R4": {"chosen_rival": 3, "unreadable": 15, "n": 200}}, "abort_reason": null, "elapsed_min": 45.28}
2026-08-22 05:38:40 UTC INFO    wrote results/exp3c/experiment_summary.json
