2026-08-27 15:41:52 UTC INFO    started 2026-08-27 15:41:52 UTC on Linux-6.5.0-35-generic-x86_64-with-glibc2.35
2026-08-27 15:41:52 UTC INFO    loading framolfese/2WikiMultihopQA [validation], scanning 30000 records
2026-08-27 15:42:01 UTC INFO    built 1200 items from 12576 records
2026-08-27 15:42:05 UTC INFO    longest prompt about 2116 tokens; max_model_len=4096 (floor 2048, cap 8192)
2026-08-27 15:42:06 UTC INFO    detected 23.6 GiB of VRAM, capability (8, 6) -> the 3090ti roster
2026-08-27 15:43:01 UTC INFO    /workspace/.hf/models/Phi-3.5-mini-instruct loaded: bfloat16, max_model_len=4096, mem target 0.85, eager=False, VRAM now 85.9%
2026-08-27 15:43:01 UTC INFO    /workspace/.hf/models/Phi-3.5-mini-instruct ready via the vllm backend
2026-08-27 15:43:12 UTC INFO    __workspace___hf__models__Phi-3_5-mini-instruct/stage1: 5/1200 done, 2.2s/item, elapsed 0.2 min, VRAM peak 86.3%, ETA 2026-08-27 16:26:38 UTC (in 43.4 min)
2026-08-27 15:43:23 UTC INFO    __workspace___hf__models__Phi-3_5-mini-instruct/stage1: 10/1200 done, 2.2s/item, elapsed 0.4 min, VRAM peak 86.5%, ETA 2026-08-27 16:27:08 UTC (in 43.8 min)
2026-08-27 15:43:33 UTC INFO    __workspace___hf__models__Phi-3_5-mini-instruct/stage1: 15/1200 done, 2.2s/item, elapsed 0.5 min, VRAM peak 86.5%, ETA 2026-08-27 16:26:21 UTC (in 42.8 min)
2026-08-27 15:43:46 UTC INFO    __workspace___hf__models__Phi-3_5-mini-instruct/stage1: 20/1200 done, 2.3s/item, elapsed 0.8 min, VRAM peak 86.5%, ETA 2026-08-27 16:28:29 UTC (in 44.7 min)
2026-08-27 15:43:58 UTC INFO    __workspace___hf__models__Phi-3_5-mini-instruct/stage1: 25/1200 done, 2.3s/item, elapsed 0.9 min, VRAM peak 86.5%, ETA 2026-08-27 16:28:36 UTC (in 44.6 min)
2026-08-27 15:44:11 UTC INFO    __workspace___hf__models__Phi-3_5-mini-instruct/stage1: 30/1200 done, 2.3s/item, elapsed 1.2 min, VRAM peak 86.5%, ETA 2026-08-27 16:29:46 UTC (in 45.6 min)
2026-08-27 15:44:22 UTC INFO    __workspace___hf__models__Phi-3_5-mini-instruct/stage1: 35/1200 done, 2.3s/item, elapsed 1.4 min, VRAM peak 86.5%, ETA 2026-08-27 16:29:40 UTC (in 45.3 min)
2026-08-27 15:44:34 UTC INFO    __workspace___hf__models__Phi-3_5-mini-instruct/stage1: 40/1200 done, 2.3s/item, elapsed 1.6 min, VRAM peak 86.5%, ETA 2026-08-27 16:29:37 UTC (in 45.1 min)
2026-08-27 15:44:44 UTC INFO    __workspace___hf__models__Phi-3_5-mini-instruct/stage1: 45/1200 done, 2.3s/item, elapsed 1.7 min, VRAM peak 86.5%, ETA 2026-08-27 16:29:04 UTC (in 44.3 min)
2026-08-27 15:44:55 UTC INFO    __workspace___hf__models__Phi-3_5-mini-instruct/stage1: 50/1200 done, 2.3s/item, elapsed 1.9 min, VRAM peak 86.5%, ETA 2026-08-27 16:28:52 UTC (in 43.9 min)
2026-08-27 15:45:07 UTC INFO    __workspace___hf__models__Phi-3_5-mini-instruct/stage1: 55/1200 done, 2.3s/item, elapsed 2.1 min, VRAM peak 86.5%, ETA 2026-08-27 16:28:47 UTC (in 43.7 min)
2026-08-27 15:45:17 UTC INFO    __workspace___hf__models__Phi-3_5-mini-instruct/stage1: 60/1200 done, 2.3s/item, elapsed 2.3 min, VRAM peak 86.5%, ETA 2026-08-27 16:28:31 UTC (in 43.2 min)
2026-08-27 15:45:26 UTC INFO    __workspace___hf__models__Phi-3_5-mini-instruct/stage1: 65/1200 done, 2.2s/item, elapsed 2.4 min, VRAM peak 86.5%, ETA 2026-08-27 16:27:50 UTC (in 42.4 min)
2026-08-27 15:45:37 UTC INFO    __workspace___hf__models__Phi-3_5-mini-instruct/stage1: 70/1200 done, 2.2s/item, elapsed 2.6 min, VRAM peak 86.5%, ETA 2026-08-27 16:27:46 UTC (in 42.2 min)
2026-08-27 15:45:51 UTC INFO    __workspace___hf__models__Phi-3_5-mini-instruct/stage1: 75/1200 done, 2.3s/item, elapsed 2.8 min, VRAM peak 86.5%, ETA 2026-08-27 16:28:23 UTC (in 42.5 min)
2026-08-27 15:46:03 UTC INFO    __workspace___hf__models__Phi-3_5-mini-instruct/stage1: 80/1200 done, 2.3s/item, elapsed 3.0 min, VRAM peak 86.5%, ETA 2026-08-27 16:28:30 UTC (in 42.5 min)
2026-08-27 15:46:14 UTC INFO    __workspace___hf__models__Phi-3_5-mini-instruct/stage1: 85/1200 done, 2.3s/item, elapsed 3.2 min, VRAM peak 86.5%, ETA 2026-08-27 16:28:28 UTC (in 42.2 min)
2026-08-27 15:46:25 UTC INFO    __workspace___hf__models__Phi-3_5-mini-instruct/stage1: 90/1200 done, 2.3s/item, elapsed 3.4 min, VRAM peak 86.5%, ETA 2026-08-27 16:28:30 UTC (in 42.1 min)
2026-08-27 15:46:38 UTC INFO    __workspace___hf__models__Phi-3_5-mini-instruct/stage1: 95/1200 done, 2.3s/item, elapsed 3.6 min, VRAM peak 86.5%, ETA 2026-08-27 16:28:41 UTC (in 42.1 min)
2026-08-27 15:46:48 UTC INFO    __workspace___hf__models__Phi-3_5-mini-instruct/stage1: 100/1200 done, 2.3s/item, elapsed 3.8 min, VRAM peak 86.5%, ETA 2026-08-27 16:28:33 UTC (in 41.7 min)
2026-08-27 15:47:00 UTC INFO    __workspace___hf__models__Phi-3_5-mini-instruct/stage1: 105/1200 done, 2.3s/item, elapsed 4.0 min, VRAM peak 86.5%, ETA 2026-08-27 16:28:33 UTC (in 41.6 min)
2026-08-27 15:47:10 UTC INFO    __workspace___hf__models__Phi-3_5-mini-instruct/stage1: 110/1200 done, 2.3s/item, elapsed 4.1 min, VRAM peak 86.5%, ETA 2026-08-27 16:28:16 UTC (in 41.1 min)
2026-08-27 15:47:21 UTC INFO    __workspace___hf__models__Phi-3_5-mini-instruct/stage1: 115/1200 done, 2.3s/item, elapsed 4.3 min, VRAM peak 86.5%, ETA 2026-08-27 16:28:21 UTC (in 41.0 min)
2026-08-27 15:47:32 UTC INFO    __workspace___hf__models__Phi-3_5-mini-instruct/stage1: 120/1200 done, 2.3s/item, elapsed 4.5 min, VRAM peak 86.5%, ETA 2026-08-27 16:28:13 UTC (in 40.7 min)
2026-08-27 15:47:46 UTC INFO    __workspace___hf__models__Phi-3_5-mini-instruct/stage1: 125/1200 done, 2.3s/item, elapsed 4.8 min, VRAM peak 86.5%, ETA 2026-08-27 16:28:38 UTC (in 40.9 min)
2026-08-27 15:47:57 UTC INFO    __workspace___hf__models__Phi-3_5-mini-instruct/stage1: 130/1200 done, 2.3s/item, elapsed 4.9 min, VRAM peak 86.5%, ETA 2026-08-27 16:28:37 UTC (in 40.7 min)
2026-08-27 15:48:08 UTC INFO    __workspace___hf__models__Phi-3_5-mini-instruct/stage1: 135/1200 done, 2.3s/item, elapsed 5.1 min, VRAM peak 86.5%, ETA 2026-08-27 16:28:31 UTC (in 40.4 min)
2026-08-27 15:48:20 UTC INFO    __workspace___hf__models__Phi-3_5-mini-instruct/stage1: 140/1200 done, 2.3s/item, elapsed 5.3 min, VRAM peak 86.5%, ETA 2026-08-27 16:28:35 UTC (in 40.3 min)
2026-08-27 15:48:31 UTC INFO    __workspace___hf__models__Phi-3_5-mini-instruct/stage1: 145/1200 done, 2.3s/item, elapsed 5.5 min, VRAM peak 86.5%, ETA 2026-08-27 16:28:33 UTC (in 40.0 min)
2026-08-27 15:48:42 UTC INFO    __workspace___hf__models__Phi-3_5-mini-instruct/stage1: 150/1200 done, 2.3s/item, elapsed 5.7 min, VRAM peak 86.5%, ETA 2026-08-27 16:28:32 UTC (in 39.8 min)
2026-08-27 15:48:55 UTC INFO    __workspace___hf__models__Phi-3_5-mini-instruct/stage1: 155/1200 done, 2.3s/item, elapsed 5.9 min, VRAM peak 86.5%, ETA 2026-08-27 16:28:48 UTC (in 39.9 min)
2026-08-27 15:49:08 UTC INFO    __workspace___hf__models__Phi-3_5-mini-instruct/stage1: 160/1200 done, 2.3s/item, elapsed 6.1 min, VRAM peak 86.5%, ETA 2026-08-27 16:28:54 UTC (in 39.8 min)
2026-08-27 15:49:20 UTC INFO    __workspace___hf__models__Phi-3_5-mini-instruct/stage1: 165/1200 done, 2.3s/item, elapsed 6.3 min, VRAM peak 86.5%, ETA 2026-08-27 16:29:00 UTC (in 39.7 min)
2026-08-27 15:49:30 UTC INFO    __workspace___hf__models__Phi-3_5-mini-instruct/stage1: 170/1200 done, 2.3s/item, elapsed 6.5 min, VRAM peak 86.5%, ETA 2026-08-27 16:28:46 UTC (in 39.3 min)
2026-08-27 15:49:41 UTC INFO    __workspace___hf__models__Phi-3_5-mini-instruct/stage1: 175/1200 done, 2.3s/item, elapsed 6.7 min, VRAM peak 86.5%, ETA 2026-08-27 16:28:43 UTC (in 39.0 min)
2026-08-27 15:49:52 UTC INFO    __workspace___hf__models__Phi-3_5-mini-instruct/stage1: 180/1200 done, 2.3s/item, elapsed 6.8 min, VRAM peak 86.5%, ETA 2026-08-27 16:28:40 UTC (in 38.8 min)
2026-08-27 15:50:01 UTC INFO    __workspace___hf__models__Phi-3_5-mini-instruct/stage1: 185/1200 done, 2.3s/item, elapsed 7.0 min, VRAM peak 86.5%, ETA 2026-08-27 16:28:29 UTC (in 38.5 min)
2026-08-27 15:50:11 UTC INFO    __workspace___hf__models__Phi-3_5-mini-instruct/stage1: 190/1200 done, 2.3s/item, elapsed 7.2 min, VRAM peak 86.5%, ETA 2026-08-27 16:28:16 UTC (in 38.1 min)
2026-08-27 15:50:20 UTC INFO    __workspace___hf__models__Phi-3_5-mini-instruct/stage1: 195/1200 done, 2.3s/item, elapsed 7.3 min, VRAM peak 86.5%, ETA 2026-08-27 16:28:04 UTC (in 37.7 min)
2026-08-27 15:50:31 UTC INFO    __workspace___hf__models__Phi-3_5-mini-instruct/stage1: 200/1200 done, 2.3s/item, elapsed 7.5 min, VRAM peak 86.5%, ETA 2026-08-27 16:28:05 UTC (in 37.6 min)
2026-08-27 15:50:43 UTC INFO    __workspace___hf__models__Phi-3_5-mini-instruct/stage1: 205/1200 done, 2.3s/item, elapsed 7.7 min, VRAM peak 86.7%, ETA 2026-08-27 16:28:08 UTC (in 37.4 min)
2026-08-27 15:50:54 UTC INFO    __workspace___hf__models__Phi-3_5-mini-instruct/stage1: 210/1200 done, 2.3s/item, elapsed 7.9 min, VRAM peak 86.7%, ETA 2026-08-27 16:28:08 UTC (in 37.2 min)
2026-08-27 15:51:07 UTC INFO    __workspace___hf__models__Phi-3_5-mini-instruct/stage1: 215/1200 done, 2.3s/item, elapsed 8.1 min, VRAM peak 86.7%, ETA 2026-08-27 16:28:18 UTC (in 37.2 min)
2026-08-27 15:51:19 UTC INFO    __workspace___hf__models__Phi-3_5-mini-instruct/stage1: 220/1200 done, 2.3s/item, elapsed 8.3 min, VRAM peak 86.7%, ETA 2026-08-27 16:28:19 UTC (in 37.0 min)
2026-08-27 15:51:30 UTC INFO    __workspace___hf__models__Phi-3_5-mini-instruct/stage1: 225/1200 done, 2.3s/item, elapsed 8.5 min, VRAM peak 86.7%, ETA 2026-08-27 16:28:16 UTC (in 36.8 min)
2026-08-27 15:51:40 UTC INFO    __workspace___hf__models__Phi-3_5-mini-instruct/stage1: 230/1200 done, 2.3s/item, elapsed 8.7 min, VRAM peak 86.7%, ETA 2026-08-27 16:28:13 UTC (in 36.5 min)
2026-08-27 15:51:50 UTC INFO    __workspace___hf__models__Phi-3_5-mini-instruct/stage1: 235/1200 done, 2.3s/item, elapsed 8.8 min, VRAM peak 86.7%, ETA 2026-08-27 16:28:05 UTC (in 36.2 min)
2026-08-27 15:52:01 UTC INFO    __workspace___hf__models__Phi-3_5-mini-instruct/stage1: 240/1200 done, 2.3s/item, elapsed 9.0 min, VRAM peak 86.7%, ETA 2026-08-27 16:28:04 UTC (in 36.1 min)
2026-08-27 15:52:13 UTC INFO    __workspace___hf__models__Phi-3_5-mini-instruct/stage1: 245/1200 done, 2.3s/item, elapsed 9.2 min, VRAM peak 86.7%, ETA 2026-08-27 16:28:07 UTC (in 35.9 min)
2026-08-27 15:52:25 UTC INFO    __workspace___hf__models__Phi-3_5-mini-instruct/stage1: 250/1200 done, 2.3s/item, elapsed 9.4 min, VRAM peak 86.7%, ETA 2026-08-27 16:28:12 UTC (in 35.8 min)
2026-08-27 15:52:36 UTC INFO    __workspace___hf__models__Phi-3_5-mini-instruct/stage1: 255/1200 done, 2.3s/item, elapsed 9.6 min, VRAM peak 86.7%, ETA 2026-08-27 16:28:08 UTC (in 35.5 min)
2026-08-27 15:52:48 UTC INFO    __workspace___hf__models__Phi-3_5-mini-instruct/stage1: 260/1200 done, 2.3s/item, elapsed 9.8 min, VRAM peak 86.7%, ETA 2026-08-27 16:28:14 UTC (in 35.4 min)
2026-08-27 15:52:59 UTC INFO    __workspace___hf__models__Phi-3_5-mini-instruct/stage1: 265/1200 done, 2.3s/item, elapsed 10.0 min, VRAM peak 86.7%, ETA 2026-08-27 16:28:09 UTC (in 35.2 min)
2026-08-27 15:53:11 UTC INFO    __workspace___hf__models__Phi-3_5-mini-instruct/stage1: 270/1200 done, 2.3s/item, elapsed 10.2 min, VRAM peak 86.7%, ETA 2026-08-27 16:28:12 UTC (in 35.0 min)
2026-08-27 15:53:24 UTC INFO    __workspace___hf__models__Phi-3_5-mini-instruct/stage1: 275/1200 done, 2.3s/item, elapsed 10.4 min, VRAM peak 86.7%, ETA 2026-08-27 16:28:23 UTC (in 35.0 min)
2026-08-27 15:53:34 UTC INFO    __workspace___hf__models__Phi-3_5-mini-instruct/stage1: 280/1200 done, 2.3s/item, elapsed 10.5 min, VRAM peak 86.7%, ETA 2026-08-27 16:28:13 UTC (in 34.7 min)
2026-08-27 15:53:47 UTC INFO    __workspace___hf__models__Phi-3_5-mini-instruct/stage1: 285/1200 done, 2.3s/item, elapsed 10.8 min, VRAM peak 86.7%, ETA 2026-08-27 16:28:22 UTC (in 34.6 min)
2026-08-27 15:54:01 UTC INFO    __workspace___hf__models__Phi-3_5-mini-instruct/stage1: 290/1200 done, 2.3s/item, elapsed 11.0 min, VRAM peak 86.7%, ETA 2026-08-27 16:28:35 UTC (in 34.6 min)
2026-08-27 15:54:12 UTC INFO    __workspace___hf__models__Phi-3_5-mini-instruct/stage1: 295/1200 done, 2.3s/item, elapsed 11.2 min, VRAM peak 86.7%, ETA 2026-08-27 16:28:33 UTC (in 34.4 min)
2026-08-27 15:54:22 UTC INFO    __workspace___hf__models__Phi-3_5-mini-instruct/stage1: 300/1200 done, 2.3s/item, elapsed 11.4 min, VRAM peak 86.7%, ETA 2026-08-27 16:28:27 UTC (in 34.1 min)
2026-08-27 15:54:33 UTC INFO    __workspace___hf__models__Phi-3_5-mini-instruct/stage1: 305/1200 done, 2.3s/item, elapsed 11.5 min, VRAM peak 86.7%, ETA 2026-08-27 16:28:25 UTC (in 33.9 min)
2026-08-27 15:54:42 UTC INFO    __workspace___hf__models__Phi-3_5-mini-instruct/stage1: 310/1200 done, 2.3s/item, elapsed 11.7 min, VRAM peak 86.7%, ETA 2026-08-27 16:28:16 UTC (in 33.6 min)
2026-08-27 15:54:54 UTC INFO    __workspace___hf__models__Phi-3_5-mini-instruct/stage1: 315/1200 done, 2.3s/item, elapsed 11.9 min, VRAM peak 86.7%, ETA 2026-08-27 16:28:17 UTC (in 33.4 min)
2026-08-27 15:55:05 UTC INFO    __workspace___hf__models__Phi-3_5-mini-instruct/stage1: 320/1200 done, 2.3s/item, elapsed 12.1 min, VRAM peak 86.7%, ETA 2026-08-27 16:28:17 UTC (in 33.2 min)
2026-08-27 15:55:16 UTC INFO    __workspace___hf__models__Phi-3_5-mini-instruct/stage1: 325/1200 done, 2.3s/item, elapsed 12.3 min, VRAM peak 87.0%, ETA 2026-08-27 16:28:17 UTC (in 33.0 min)
2026-08-27 15:55:28 UTC INFO    __workspace___hf__models__Phi-3_5-mini-instruct/stage1: 330/1200 done, 2.3s/item, elapsed 12.5 min, VRAM peak 87.0%, ETA 2026-08-27 16:28:19 UTC (in 32.8 min)
2026-08-27 15:55:39 UTC INFO    __workspace___hf__models__Phi-3_5-mini-instruct/stage1: 335/1200 done, 2.3s/item, elapsed 12.6 min, VRAM peak 87.0%, ETA 2026-08-27 16:28:19 UTC (in 32.7 min)
2026-08-27 15:55:50 UTC INFO    __workspace___hf__models__Phi-3_5-mini-instruct/stage1: 340/1200 done, 2.3s/item, elapsed 12.8 min, VRAM peak 87.0%, ETA 2026-08-27 16:28:18 UTC (in 32.5 min)
2026-08-27 15:56:01 UTC INFO    __workspace___hf__models__Phi-3_5-mini-instruct/stage1: 345/1200 done, 2.3s/item, elapsed 13.0 min, VRAM peak 87.0%, ETA 2026-08-27 16:28:14 UTC (in 32.2 min)
2026-08-27 15:56:12 UTC INFO    __workspace___hf__models__Phi-3_5-mini-instruct/stage1: 350/1200 done, 2.3s/item, elapsed 13.2 min, VRAM peak 87.0%, ETA 2026-08-27 16:28:14 UTC (in 32.0 min)
2026-08-27 15:56:22 UTC INFO    __workspace___hf__models__Phi-3_5-mini-instruct/stage1: 355/1200 done, 2.3s/item, elapsed 13.4 min, VRAM peak 87.0%, ETA 2026-08-27 16:28:09 UTC (in 31.8 min)
2026-08-27 15:56:35 UTC INFO    __workspace___hf__models__Phi-3_5-mini-instruct/stage1: 360/1200 done, 2.3s/item, elapsed 13.6 min, VRAM peak 87.0%, ETA 2026-08-27 16:28:15 UTC (in 31.7 min)
2026-08-27 15:56:46 UTC INFO    __workspace___hf__models__Phi-3_5-mini-instruct/stage1: 365/1200 done, 2.3s/item, elapsed 13.8 min, VRAM peak 87.0%, ETA 2026-08-27 16:28:14 UTC (in 31.5 min)
2026-08-27 15:56:56 UTC INFO    __workspace___hf__models__Phi-3_5-mini-instruct/stage1: 370/1200 done, 2.3s/item, elapsed 13.9 min, VRAM peak 87.0%, ETA 2026-08-27 16:28:11 UTC (in 31.2 min)
2026-08-27 15:57:08 UTC INFO    __workspace___hf__models__Phi-3_5-mini-instruct/stage1: 375/1200 done, 2.3s/item, elapsed 14.1 min, VRAM peak 87.0%, ETA 2026-08-27 16:28:13 UTC (in 31.1 min)
2026-08-27 15:57:20 UTC INFO    __workspace___hf__models__Phi-3_5-mini-instruct/stage1: 380/1200 done, 2.3s/item, elapsed 14.3 min, VRAM peak 87.0%, ETA 2026-08-27 16:28:16 UTC (in 30.9 min)
2026-08-27 15:57:33 UTC INFO    __workspace___hf__models__Phi-3_5-mini-instruct/stage1: 385/1200 done, 2.3s/item, elapsed 14.5 min, VRAM peak 87.0%, ETA 2026-08-27 16:28:19 UTC (in 30.8 min)
2026-08-27 15:57:44 UTC INFO    __workspace___hf__models__Phi-3_5-mini-instruct/stage1: 390/1200 done, 2.3s/item, elapsed 14.7 min, VRAM peak 87.0%, ETA 2026-08-27 16:28:18 UTC (in 30.6 min)
2026-08-27 15:57:55 UTC INFO    __workspace___hf__models__Phi-3_5-mini-instruct/stage1: 395/1200 done, 2.3s/item, elapsed 14.9 min, VRAM peak 87.0%, ETA 2026-08-27 16:28:18 UTC (in 30.4 min)
2026-08-27 15:58:07 UTC INFO    __workspace___hf__models__Phi-3_5-mini-instruct/stage1: 400/1200 done, 2.3s/item, elapsed 15.1 min, VRAM peak 87.0%, ETA 2026-08-27 16:28:20 UTC (in 30.2 min)
2026-08-27 15:58:21 UTC INFO    __workspace___hf__models__Phi-3_5-mini-instruct/stage1: 405/1200 done, 2.3s/item, elapsed 15.3 min, VRAM peak 87.0%, ETA 2026-08-27 16:28:26 UTC (in 30.1 min)
2026-08-27 15:58:32 UTC INFO    __workspace___hf__models__Phi-3_5-mini-instruct/stage1: 410/1200 done, 2.3s/item, elapsed 15.5 min, VRAM peak 87.0%, ETA 2026-08-27 16:28:28 UTC (in 29.9 min)
2026-08-27 15:58:43 UTC INFO    __workspace___hf__models__Phi-3_5-mini-instruct/stage1: 415/1200 done, 2.3s/item, elapsed 15.7 min, VRAM peak 87.0%, ETA 2026-08-27 16:28:26 UTC (in 29.7 min)
2026-08-27 15:58:55 UTC INFO    __workspace___hf__models__Phi-3_5-mini-instruct/stage1: 420/1200 done, 2.3s/item, elapsed 15.9 min, VRAM peak 87.0%, ETA 2026-08-27 16:28:27 UTC (in 29.5 min)
2026-08-27 15:59:06 UTC INFO    __workspace___hf__models__Phi-3_5-mini-instruct/stage1: 425/1200 done, 2.3s/item, elapsed 16.1 min, VRAM peak 87.0%, ETA 2026-08-27 16:28:26 UTC (in 29.3 min)
2026-08-27 15:59:16 UTC INFO    __workspace___hf__models__Phi-3_5-mini-instruct/stage1: 430/1200 done, 2.3s/item, elapsed 16.3 min, VRAM peak 87.2%, ETA 2026-08-27 16:28:23 UTC (in 29.1 min)
2026-08-27 15:59:27 UTC INFO    __workspace___hf__models__Phi-3_5-mini-instruct/stage1: 435/1200 done, 2.3s/item, elapsed 16.4 min, VRAM peak 87.2%, ETA 2026-08-27 16:28:21 UTC (in 28.9 min)
2026-08-27 15:59:38 UTC INFO    __workspace___hf__models__Phi-3_5-mini-instruct/stage1: 440/1200 done, 2.3s/item, elapsed 16.6 min, VRAM peak 87.2%, ETA 2026-08-27 16:28:21 UTC (in 28.7 min)
2026-08-27 15:59:49 UTC INFO    __workspace___hf__models__Phi-3_5-mini-instruct/stage1: 445/1200 done, 2.3s/item, elapsed 16.8 min, VRAM peak 87.2%, ETA 2026-08-27 16:28:20 UTC (in 28.5 min)
2026-08-27 15:59:59 UTC INFO    __workspace___hf__models__Phi-3_5-mini-instruct/stage1: 450/1200 done, 2.3s/item, elapsed 17.0 min, VRAM peak 87.2%, ETA 2026-08-27 16:28:15 UTC (in 28.3 min)
2026-08-27 16:00:11 UTC INFO    __workspace___hf__models__Phi-3_5-mini-instruct/stage1: 455/1200 done, 2.3s/item, elapsed 17.2 min, VRAM peak 87.2%, ETA 2026-08-27 16:28:18 UTC (in 28.1 min)
2026-08-27 16:00:23 UTC INFO    __workspace___hf__models__Phi-3_5-mini-instruct/stage1: 460/1200 done, 2.3s/item, elapsed 17.4 min, VRAM peak 87.2%, ETA 2026-08-27 16:28:19 UTC (in 27.9 min)
2026-08-27 16:00:35 UTC INFO    __workspace___hf__models__Phi-3_5-mini-instruct/stage1: 465/1200 done, 2.3s/item, elapsed 17.6 min, VRAM peak 87.2%, ETA 2026-08-27 16:28:20 UTC (in 27.8 min)
2026-08-27 16:00:45 UTC INFO    __workspace___hf__models__Phi-3_5-mini-instruct/stage1: 470/1200 done, 2.3s/item, elapsed 17.7 min, VRAM peak 87.2%, ETA 2026-08-27 16:28:19 UTC (in 27.6 min)
2026-08-27 16:00:57 UTC INFO    __workspace___hf__models__Phi-3_5-mini-instruct/stage1: 475/1200 done, 2.3s/item, elapsed 17.9 min, VRAM peak 87.2%, ETA 2026-08-27 16:28:19 UTC (in 27.4 min)
2026-08-27 16:01:08 UTC INFO    __workspace___hf__models__Phi-3_5-mini-instruct/stage1: 480/1200 done, 2.3s/item, elapsed 18.1 min, VRAM peak 87.2%, ETA 2026-08-27 16:28:18 UTC (in 27.2 min)
2026-08-27 16:01:18 UTC INFO    __workspace___hf__models__Phi-3_5-mini-instruct/stage1: 485/1200 done, 2.3s/item, elapsed 18.3 min, VRAM peak 87.2%, ETA 2026-08-27 16:28:16 UTC (in 27.0 min)
2026-08-27 16:01:28 UTC INFO    __workspace___hf__models__Phi-3_5-mini-instruct/stage1: 490/1200 done, 2.3s/item, elapsed 18.5 min, VRAM peak 87.2%, ETA 2026-08-27 16:28:12 UTC (in 26.7 min)
2026-08-27 16:01:38 UTC INFO    __workspace___hf__models__Phi-3_5-mini-instruct/stage1: 495/1200 done, 2.3s/item, elapsed 18.6 min, VRAM peak 87.2%, ETA 2026-08-27 16:28:09 UTC (in 26.5 min)
2026-08-27 16:01:50 UTC INFO    __workspace___hf__models__Phi-3_5-mini-instruct/stage1: 500/1200 done, 2.3s/item, elapsed 18.8 min, VRAM peak 87.2%, ETA 2026-08-27 16:28:11 UTC (in 26.4 min)
2026-08-27 16:02:01 UTC INFO    __workspace___hf__models__Phi-3_5-mini-instruct/stage1: 505/1200 done, 2.3s/item, elapsed 19.0 min, VRAM peak 87.2%, ETA 2026-08-27 16:28:11 UTC (in 26.2 min)
2026-08-27 16:02:14 UTC INFO    __workspace___hf__models__Phi-3_5-mini-instruct/stage1: 510/1200 done, 2.3s/item, elapsed 19.2 min, VRAM peak 87.2%, ETA 2026-08-27 16:28:15 UTC (in 26.0 min)
2026-08-27 16:02:25 UTC INFO    __workspace___hf__models__Phi-3_5-mini-instruct/stage1: 515/1200 done, 2.3s/item, elapsed 19.4 min, VRAM peak 87.2%, ETA 2026-08-27 16:28:13 UTC (in 25.8 min)
2026-08-27 16:02:35 UTC INFO    __workspace___hf__models__Phi-3_5-mini-instruct/stage1: 520/1200 done, 2.3s/item, elapsed 19.6 min, VRAM peak 87.2%, ETA 2026-08-27 16:28:11 UTC (in 25.6 min)
2026-08-27 16:02:47 UTC INFO    __workspace___hf__models__Phi-3_5-mini-instruct/stage1: 525/1200 done, 2.3s/item, elapsed 19.8 min, VRAM peak 87.2%, ETA 2026-08-27 16:28:13 UTC (in 25.4 min)
2026-08-27 16:02:59 UTC INFO    __workspace___hf__models__Phi-3_5-mini-instruct/stage1: 530/1200 done, 2.3s/item, elapsed 20.0 min, VRAM peak 87.2%, ETA 2026-08-27 16:28:15 UTC (in 25.3 min)
2026-08-27 16:03:10 UTC INFO    __workspace___hf__models__Phi-3_5-mini-instruct/stage1: 535/1200 done, 2.3s/item, elapsed 20.1 min, VRAM peak 87.2%, ETA 2026-08-27 16:28:12 UTC (in 25.0 min)
2026-08-27 16:03:21 UTC INFO    __workspace___hf__models__Phi-3_5-mini-instruct/stage1: 540/1200 done, 2.3s/item, elapsed 20.3 min, VRAM peak 87.2%, ETA 2026-08-27 16:28:12 UTC (in 24.9 min)
2026-08-27 16:03:32 UTC INFO    __workspace___hf__models__Phi-3_5-mini-instruct/stage1: 545/1200 done, 2.3s/item, elapsed 20.5 min, VRAM peak 87.2%, ETA 2026-08-27 16:28:13 UTC (in 24.7 min)
2026-08-27 16:03:45 UTC INFO    __workspace___hf__models__Phi-3_5-mini-instruct/stage1: 550/1200 done, 2.3s/item, elapsed 20.7 min, VRAM peak 87.2%, ETA 2026-08-27 16:28:16 UTC (in 24.5 min)
2026-08-27 16:03:56 UTC INFO    __workspace___hf__models__Phi-3_5-mini-instruct/stage1: 555/1200 done, 2.3s/item, elapsed 20.9 min, VRAM peak 87.2%, ETA 2026-08-27 16:28:15 UTC (in 24.3 min)
2026-08-27 16:04:09 UTC INFO    __workspace___hf__models__Phi-3_5-mini-instruct/stage1: 560/1200 done, 2.3s/item, elapsed 21.1 min, VRAM peak 87.2%, ETA 2026-08-27 16:28:18 UTC (in 24.2 min)
2026-08-27 16:04:21 UTC INFO    __workspace___hf__models__Phi-3_5-mini-instruct/stage1: 565/1200 done, 2.3s/item, elapsed 21.3 min, VRAM peak 87.2%, ETA 2026-08-27 16:28:21 UTC (in 24.0 min)
2026-08-27 16:04:31 UTC INFO    __workspace___hf__models__Phi-3_5-mini-instruct/stage1: 570/1200 done, 2.3s/item, elapsed 21.5 min, VRAM peak 87.2%, ETA 2026-08-27 16:28:17 UTC (in 23.8 min)
2026-08-27 16:04:41 UTC INFO    __workspace___hf__models__Phi-3_5-mini-instruct/stage1: 575/1200 done, 2.3s/item, elapsed 21.7 min, VRAM peak 87.2%, ETA 2026-08-27 16:28:15 UTC (in 23.6 min)
2026-08-27 16:04:52 UTC INFO    __workspace___hf__models__Phi-3_5-mini-instruct/stage1: 580/1200 done, 2.3s/item, elapsed 21.9 min, VRAM peak 87.2%, ETA 2026-08-27 16:28:15 UTC (in 23.4 min)
2026-08-27 16:05:02 UTC INFO    __workspace___hf__models__Phi-3_5-mini-instruct/stage1: 585/1200 done, 2.3s/item, elapsed 22.0 min, VRAM peak 87.2%, ETA 2026-08-27 16:28:12 UTC (in 23.2 min)
2026-08-27 16:05:15 UTC INFO    __workspace___hf__models__Phi-3_5-mini-instruct/stage1: 590/1200 done, 2.3s/item, elapsed 22.2 min, VRAM peak 87.2%, ETA 2026-08-27 16:28:14 UTC (in 23.0 min)
2026-08-27 16:05:26 UTC INFO    __workspace___hf__models__Phi-3_5-mini-instruct/stage1: 595/1200 done, 2.3s/item, elapsed 22.4 min, VRAM peak 87.2%, ETA 2026-08-27 16:28:14 UTC (in 22.8 min)
2026-08-27 16:05:38 UTC INFO    __workspace___hf__models__Phi-3_5-mini-instruct/stage1: 600/1200 done, 2.3s/item, elapsed 22.6 min, VRAM peak 87.2%, ETA 2026-08-27 16:28:15 UTC (in 22.6 min)
2026-08-27 16:05:47 UTC INFO    __workspace___hf__models__Phi-3_5-mini-instruct/stage1: 605/1200 done, 2.3s/item, elapsed 22.8 min, VRAM peak 87.2%, ETA 2026-08-27 16:28:11 UTC (in 22.4 min)
2026-08-27 16:05:59 UTC INFO    __workspace___hf__models__Phi-3_5-mini-instruct/stage1: 610/1200 done, 2.3s/item, elapsed 23.0 min, VRAM peak 87.2%, ETA 2026-08-27 16:28:12 UTC (in 22.2 min)
2026-08-27 16:06:11 UTC INFO    __workspace___hf__models__Phi-3_5-mini-instruct/stage1: 615/1200 done, 2.3s/item, elapsed 23.2 min, VRAM peak 87.2%, ETA 2026-08-27 16:28:14 UTC (in 22.0 min)
2026-08-27 16:06:23 UTC INFO    __workspace___hf__models__Phi-3_5-mini-instruct/stage1: 620/1200 done, 2.3s/item, elapsed 23.4 min, VRAM peak 87.2%, ETA 2026-08-27 16:28:15 UTC (in 21.9 min)
2026-08-27 16:06:32 UTC INFO    __workspace___hf__models__Phi-3_5-mini-instruct/stage1: 625/1200 done, 2.3s/item, elapsed 23.5 min, VRAM peak 87.2%, ETA 2026-08-27 16:28:10 UTC (in 21.6 min)
2026-08-27 16:06:43 UTC INFO    __workspace___hf__models__Phi-3_5-mini-instruct/stage1: 630/1200 done, 2.3s/item, elapsed 23.7 min, VRAM peak 87.2%, ETA 2026-08-27 16:28:10 UTC (in 21.4 min)
2026-08-27 16:06:54 UTC INFO    __workspace___hf__models__Phi-3_5-mini-instruct/stage1: 635/1200 done, 2.3s/item, elapsed 23.9 min, VRAM peak 87.2%, ETA 2026-08-27 16:28:09 UTC (in 21.3 min)
2026-08-27 16:07:04 UTC INFO    __workspace___hf__models__Phi-3_5-mini-instruct/stage1: 640/1200 done, 2.3s/item, elapsed 24.1 min, VRAM peak 87.2%, ETA 2026-08-27 16:28:08 UTC (in 21.1 min)
2026-08-27 16:07:14 UTC INFO    __workspace___hf__models__Phi-3_5-mini-instruct/stage1: 645/1200 done, 2.3s/item, elapsed 24.2 min, VRAM peak 87.2%, ETA 2026-08-27 16:28:05 UTC (in 20.8 min)
2026-08-27 16:07:24 UTC INFO    __workspace___hf__models__Phi-3_5-mini-instruct/stage1: 650/1200 done, 2.3s/item, elapsed 24.4 min, VRAM peak 87.2%, ETA 2026-08-27 16:28:02 UTC (in 20.6 min)
2026-08-27 16:07:34 UTC INFO    __workspace___hf__models__Phi-3_5-mini-instruct/stage1: 655/1200 done, 2.2s/item, elapsed 24.6 min, VRAM peak 87.2%, ETA 2026-08-27 16:28:00 UTC (in 20.4 min)
2026-08-27 16:07:46 UTC INFO    __workspace___hf__models__Phi-3_5-mini-instruct/stage1: 660/1200 done, 2.3s/item, elapsed 24.8 min, VRAM peak 87.2%, ETA 2026-08-27 16:28:01 UTC (in 20.3 min)
2026-08-27 16:07:58 UTC INFO    __workspace___hf__models__Phi-3_5-mini-instruct/stage1: 665/1200 done, 2.3s/item, elapsed 25.0 min, VRAM peak 87.2%, ETA 2026-08-27 16:28:03 UTC (in 20.1 min)
2026-08-27 16:08:10 UTC INFO    __workspace___hf__models__Phi-3_5-mini-instruct/stage1: 670/1200 done, 2.3s/item, elapsed 25.1 min, VRAM peak 87.2%, ETA 2026-08-27 16:28:03 UTC (in 19.9 min)
2026-08-27 16:08:21 UTC INFO    __workspace___hf__models__Phi-3_5-mini-instruct/stage1: 675/1200 done, 2.3s/item, elapsed 25.3 min, VRAM peak 87.2%, ETA 2026-08-27 16:28:03 UTC (in 19.7 min)
2026-08-27 16:08:33 UTC INFO    __workspace___hf__models__Phi-3_5-mini-instruct/stage1: 680/1200 done, 2.3s/item, elapsed 25.5 min, VRAM peak 87.2%, ETA 2026-08-27 16:28:04 UTC (in 19.5 min)
2026-08-27 16:08:43 UTC INFO    __workspace___hf__models__Phi-3_5-mini-instruct/stage1: 685/1200 done, 2.3s/item, elapsed 25.7 min, VRAM peak 87.2%, ETA 2026-08-27 16:28:02 UTC (in 19.3 min)
2026-08-27 16:08:53 UTC INFO    __workspace___hf__models__Phi-3_5-mini-instruct/stage1: 690/1200 done, 2.2s/item, elapsed 25.9 min, VRAM peak 87.2%, ETA 2026-08-27 16:28:00 UTC (in 19.1 min)
2026-08-27 16:09:04 UTC INFO    __workspace___hf__models__Phi-3_5-mini-instruct/stage1: 695/1200 done, 2.2s/item, elapsed 26.0 min, VRAM peak 87.2%, ETA 2026-08-27 16:27:59 UTC (in 18.9 min)
2026-08-27 16:09:14 UTC INFO    __workspace___hf__models__Phi-3_5-mini-instruct/stage1: 700/1200 done, 2.2s/item, elapsed 26.2 min, VRAM peak 87.2%, ETA 2026-08-27 16:27:58 UTC (in 18.7 min)
2026-08-27 16:09:25 UTC INFO    __workspace___hf__models__Phi-3_5-mini-instruct/stage1: 705/1200 done, 2.2s/item, elapsed 26.4 min, VRAM peak 87.2%, ETA 2026-08-27 16:27:57 UTC (in 18.5 min)
2026-08-27 16:09:34 UTC INFO    __workspace___hf__models__Phi-3_5-mini-instruct/stage1: 710/1200 done, 2.2s/item, elapsed 26.6 min, VRAM peak 87.2%, ETA 2026-08-27 16:27:54 UTC (in 18.3 min)
2026-08-27 16:09:46 UTC INFO    __workspace___hf__models__Phi-3_5-mini-instruct/stage1: 715/1200 done, 2.2s/item, elapsed 26.8 min, VRAM peak 87.2%, ETA 2026-08-27 16:27:55 UTC (in 18.1 min)
2026-08-27 16:09:58 UTC INFO    __workspace___hf__models__Phi-3_5-mini-instruct/stage1: 720/1200 done, 2.2s/item, elapsed 26.9 min, VRAM peak 87.2%, ETA 2026-08-27 16:27:55 UTC (in 18.0 min)
2026-08-27 16:10:11 UTC INFO    __workspace___hf__models__Phi-3_5-mini-instruct/stage1: 725/1200 done, 2.2s/item, elapsed 27.2 min, VRAM peak 87.2%, ETA 2026-08-27 16:27:59 UTC (in 17.8 min)
2026-08-27 16:10:22 UTC INFO    __workspace___hf__models__Phi-3_5-mini-instruct/stage1: 730/1200 done, 2.2s/item, elapsed 27.4 min, VRAM peak 87.2%, ETA 2026-08-27 16:27:59 UTC (in 17.6 min)
2026-08-27 16:10:35 UTC INFO    __workspace___hf__models__Phi-3_5-mini-instruct/stage1: 735/1200 done, 2.3s/item, elapsed 27.6 min, VRAM peak 87.2%, ETA 2026-08-27 16:28:02 UTC (in 17.4 min)
2026-08-27 16:10:46 UTC INFO    __workspace___hf__models__Phi-3_5-mini-instruct/stage1: 740/1200 done, 2.3s/item, elapsed 27.8 min, VRAM peak 87.2%, ETA 2026-08-27 16:28:02 UTC (in 17.3 min)
2026-08-27 16:10:57 UTC INFO    __workspace___hf__models__Phi-3_5-mini-instruct/stage1: 745/1200 done, 2.2s/item, elapsed 27.9 min, VRAM peak 87.2%, ETA 2026-08-27 16:28:01 UTC (in 17.1 min)
2026-08-27 16:11:07 UTC INFO    __workspace___hf__models__Phi-3_5-mini-instruct/stage1: 750/1200 done, 2.2s/item, elapsed 28.1 min, VRAM peak 87.2%, ETA 2026-08-27 16:27:59 UTC (in 16.9 min)
2026-08-27 16:11:18 UTC INFO    __workspace___hf__models__Phi-3_5-mini-instruct/stage1: 755/1200 done, 2.2s/item, elapsed 28.3 min, VRAM peak 87.2%, ETA 2026-08-27 16:27:59 UTC (in 16.7 min)
2026-08-27 16:11:28 UTC INFO    __workspace___hf__models__Phi-3_5-mini-instruct/stage1: 760/1200 done, 2.2s/item, elapsed 28.5 min, VRAM peak 87.2%, ETA 2026-08-27 16:27:57 UTC (in 16.5 min)
2026-08-27 16:11:39 UTC INFO    __workspace___hf__models__Phi-3_5-mini-instruct/stage1: 765/1200 done, 2.2s/item, elapsed 28.6 min, VRAM peak 87.2%, ETA 2026-08-27 16:27:56 UTC (in 16.3 min)
2026-08-27 16:11:50 UTC INFO    __workspace___hf__models__Phi-3_5-mini-instruct/stage1: 770/1200 done, 2.2s/item, elapsed 28.8 min, VRAM peak 87.2%, ETA 2026-08-27 16:27:55 UTC (in 16.1 min)
2026-08-27 16:12:01 UTC INFO    __workspace___hf__models__Phi-3_5-mini-instruct/stage1: 775/1200 done, 2.2s/item, elapsed 29.0 min, VRAM peak 87.2%, ETA 2026-08-27 16:27:55 UTC (in 15.9 min)
2026-08-27 16:12:12 UTC INFO    __workspace___hf__models__Phi-3_5-mini-instruct/stage1: 780/1200 done, 2.2s/item, elapsed 29.2 min, VRAM peak 87.2%, ETA 2026-08-27 16:27:54 UTC (in 15.7 min)
2026-08-27 16:12:23 UTC INFO    __workspace___hf__models__Phi-3_5-mini-instruct/stage1: 785/1200 done, 2.2s/item, elapsed 29.4 min, VRAM peak 87.2%, ETA 2026-08-27 16:27:54 UTC (in 15.5 min)
2026-08-27 16:12:34 UTC INFO    __workspace___hf__models__Phi-3_5-mini-instruct/stage1: 790/1200 done, 2.2s/item, elapsed 29.6 min, VRAM peak 87.2%, ETA 2026-08-27 16:27:54 UTC (in 15.3 min)
2026-08-27 16:12:44 UTC INFO    __workspace___hf__models__Phi-3_5-mini-instruct/stage1: 795/1200 done, 2.2s/item, elapsed 29.7 min, VRAM peak 87.2%, ETA 2026-08-27 16:27:52 UTC (in 15.1 min)
2026-08-27 16:12:55 UTC INFO    __workspace___hf__models__Phi-3_5-mini-instruct/stage1: 800/1200 done, 2.2s/item, elapsed 29.9 min, VRAM peak 87.2%, ETA 2026-08-27 16:27:52 UTC (in 14.9 min)
2026-08-27 16:13:04 UTC INFO    __workspace___hf__models__Phi-3_5-mini-instruct/stage1: 805/1200 done, 2.2s/item, elapsed 30.1 min, VRAM peak 87.2%, ETA 2026-08-27 16:27:49 UTC (in 14.8 min)
2026-08-27 16:13:18 UTC INFO    __workspace___hf__models__Phi-3_5-mini-instruct/stage1: 810/1200 done, 2.2s/item, elapsed 30.3 min, VRAM peak 87.2%, ETA 2026-08-27 16:27:53 UTC (in 14.6 min)
2026-08-27 16:13:30 UTC INFO    __workspace___hf__models__Phi-3_5-mini-instruct/stage1: 815/1200 done, 2.2s/item, elapsed 30.5 min, VRAM peak 87.2%, ETA 2026-08-27 16:27:54 UTC (in 14.4 min)
2026-08-27 16:13:42 UTC INFO    __workspace___hf__models__Phi-3_5-mini-instruct/stage1: 820/1200 done, 2.2s/item, elapsed 30.7 min, VRAM peak 87.2%, ETA 2026-08-27 16:27:55 UTC (in 14.2 min)
2026-08-27 16:13:55 UTC INFO    __workspace___hf__models__Phi-3_5-mini-instruct/stage1: 825/1200 done, 2.2s/item, elapsed 30.9 min, VRAM peak 87.2%, ETA 2026-08-27 16:27:58 UTC (in 14.0 min)
2026-08-27 16:14:06 UTC INFO    __workspace___hf__models__Phi-3_5-mini-instruct/stage1: 830/1200 done, 2.2s/item, elapsed 31.1 min, VRAM peak 87.2%, ETA 2026-08-27 16:27:58 UTC (in 13.9 min)
2026-08-27 16:14:17 UTC INFO    __workspace___hf__models__Phi-3_5-mini-instruct/stage1: 835/1200 done, 2.2s/item, elapsed 31.3 min, VRAM peak 87.2%, ETA 2026-08-27 16:27:57 UTC (in 13.7 min)
2026-08-27 16:14:28 UTC INFO    __workspace___hf__models__Phi-3_5-mini-instruct/stage1: 840/1200 done, 2.2s/item, elapsed 31.4 min, VRAM peak 87.2%, ETA 2026-08-27 16:27:56 UTC (in 13.5 min)
2026-08-27 16:14:38 UTC INFO    __workspace___hf__models__Phi-3_5-mini-instruct/stage1: 845/1200 done, 2.2s/item, elapsed 31.6 min, VRAM peak 87.2%, ETA 2026-08-27 16:27:55 UTC (in 13.3 min)
2026-08-27 16:14:48 UTC INFO    __workspace___hf__models__Phi-3_5-mini-instruct/stage1: 850/1200 done, 2.2s/item, elapsed 31.8 min, VRAM peak 87.2%, ETA 2026-08-27 16:27:54 UTC (in 13.1 min)
2026-08-27 16:15:01 UTC INFO    __workspace___hf__models__Phi-3_5-mini-instruct/stage1: 855/1200 done, 2.2s/item, elapsed 32.0 min, VRAM peak 87.2%, ETA 2026-08-27 16:27:56 UTC (in 12.9 min)
2026-08-27 16:15:12 UTC INFO    __workspace___hf__models__Phi-3_5-mini-instruct/stage1: 860/1200 done, 2.2s/item, elapsed 32.2 min, VRAM peak 87.2%, ETA 2026-08-27 16:27:55 UTC (in 12.7 min)
2026-08-27 16:15:22 UTC INFO    __workspace___hf__models__Phi-3_5-mini-instruct/stage1: 865/1200 done, 2.2s/item, elapsed 32.4 min, VRAM peak 87.2%, ETA 2026-08-27 16:27:54 UTC (in 12.5 min)
2026-08-27 16:15:35 UTC INFO    __workspace___hf__models__Phi-3_5-mini-instruct/stage1: 870/1200 done, 2.2s/item, elapsed 32.6 min, VRAM peak 87.2%, ETA 2026-08-27 16:27:57 UTC (in 12.4 min)
2026-08-27 16:15:44 UTC INFO    __workspace___hf__models__Phi-3_5-mini-instruct/stage1: 875/1200 done, 2.2s/item, elapsed 32.7 min, VRAM peak 87.2%, ETA 2026-08-27 16:27:54 UTC (in 12.2 min)
2026-08-27 16:15:56 UTC INFO    __workspace___hf__models__Phi-3_5-mini-instruct/stage1: 880/1200 done, 2.2s/item, elapsed 32.9 min, VRAM peak 87.2%, ETA 2026-08-27 16:27:55 UTC (in 12.0 min)
2026-08-27 16:16:06 UTC INFO    __workspace___hf__models__Phi-3_5-mini-instruct/stage1: 885/1200 done, 2.2s/item, elapsed 33.1 min, VRAM peak 87.2%, ETA 2026-08-27 16:27:53 UTC (in 11.8 min)
2026-08-27 16:16:16 UTC INFO    __workspace___hf__models__Phi-3_5-mini-instruct/stage1: 890/1200 done, 2.2s/item, elapsed 33.2 min, VRAM peak 87.2%, ETA 2026-08-27 16:27:50 UTC (in 11.6 min)
2026-08-27 16:16:27 UTC INFO    __workspace___hf__models__Phi-3_5-mini-instruct/stage1: 895/1200 done, 2.2s/item, elapsed 33.4 min, VRAM peak 87.2%, ETA 2026-08-27 16:27:50 UTC (in 11.4 min)
2026-08-27 16:16:38 UTC INFO    __workspace___hf__models__Phi-3_5-mini-instruct/stage1: 900/1200 done, 2.2s/item, elapsed 33.6 min, VRAM peak 87.2%, ETA 2026-08-27 16:27:51 UTC (in 11.2 min)
2026-08-27 16:16:51 UTC INFO    __workspace___hf__models__Phi-3_5-mini-instruct/stage1: 905/1200 done, 2.2s/item, elapsed 33.8 min, VRAM peak 87.2%, ETA 2026-08-27 16:27:52 UTC (in 11.0 min)
2026-08-27 16:17:02 UTC INFO    __workspace___hf__models__Phi-3_5-mini-instruct/stage1: 910/1200 done, 2.2s/item, elapsed 34.0 min, VRAM peak 87.2%, ETA 2026-08-27 16:27:53 UTC (in 10.8 min)
2026-08-27 16:17:14 UTC INFO    __workspace___hf__models__Phi-3_5-mini-instruct/stage1: 915/1200 done, 2.2s/item, elapsed 34.2 min, VRAM peak 87.2%, ETA 2026-08-27 16:27:54 UTC (in 10.7 min)
2026-08-27 16:17:27 UTC INFO    __workspace___hf__models__Phi-3_5-mini-instruct/stage1: 920/1200 done, 2.2s/item, elapsed 34.4 min, VRAM peak 87.2%, ETA 2026-08-27 16:27:56 UTC (in 10.5 min)
2026-08-27 16:17:39 UTC INFO    __workspace___hf__models__Phi-3_5-mini-instruct/stage1: 925/1200 done, 2.2s/item, elapsed 34.6 min, VRAM peak 87.2%, ETA 2026-08-27 16:27:57 UTC (in 10.3 min)
2026-08-27 16:17:51 UTC INFO    __workspace___hf__models__Phi-3_5-mini-instruct/stage1: 930/1200 done, 2.2s/item, elapsed 34.8 min, VRAM peak 87.2%, ETA 2026-08-27 16:27:58 UTC (in 10.1 min)
2026-08-27 16:18:00 UTC INFO    __workspace___hf__models__Phi-3_5-mini-instruct/stage1: 935/1200 done, 2.2s/item, elapsed 35.0 min, VRAM peak 87.2%, ETA 2026-08-27 16:27:56 UTC (in 9.9 min)
2026-08-27 16:18:13 UTC INFO    __workspace___hf__models__Phi-3_5-mini-instruct/stage1: 940/1200 done, 2.2s/item, elapsed 35.2 min, VRAM peak 87.2%, ETA 2026-08-27 16:27:57 UTC (in 9.7 min)
2026-08-27 16:18:26 UTC INFO    __workspace___hf__models__Phi-3_5-mini-instruct/stage1: 945/1200 done, 2.2s/item, elapsed 35.4 min, VRAM peak 87.2%, ETA 2026-08-27 16:28:00 UTC (in 9.6 min)
2026-08-27 16:18:37 UTC INFO    __workspace___hf__models__Phi-3_5-mini-instruct/stage1: 950/1200 done, 2.2s/item, elapsed 35.6 min, VRAM peak 87.2%, ETA 2026-08-27 16:28:00 UTC (in 9.4 min)
2026-08-27 16:18:49 UTC INFO    __workspace___hf__models__Phi-3_5-mini-instruct/stage1: 955/1200 done, 2.2s/item, elapsed 35.8 min, VRAM peak 87.2%, ETA 2026-08-27 16:28:00 UTC (in 9.2 min)
2026-08-27 16:18:59 UTC INFO    __workspace___hf__models__Phi-3_5-mini-instruct/stage1: 960/1200 done, 2.2s/item, elapsed 36.0 min, VRAM peak 87.2%, ETA 2026-08-27 16:27:59 UTC (in 9.0 min)
2026-08-27 16:19:09 UTC INFO    __workspace___hf__models__Phi-3_5-mini-instruct/stage1: 965/1200 done, 2.2s/item, elapsed 36.1 min, VRAM peak 87.2%, ETA 2026-08-27 16:27:57 UTC (in 8.8 min)
2026-08-27 16:19:20 UTC INFO    __workspace___hf__models__Phi-3_5-mini-instruct/stage1: 970/1200 done, 2.2s/item, elapsed 36.3 min, VRAM peak 87.2%, ETA 2026-08-27 16:27:57 UTC (in 8.6 min)
2026-08-27 16:19:32 UTC INFO    __workspace___hf__models__Phi-3_5-mini-instruct/stage1: 975/1200 done, 2.2s/item, elapsed 36.5 min, VRAM peak 87.2%, ETA 2026-08-27 16:27:58 UTC (in 8.4 min)
2026-08-27 16:19:42 UTC INFO    __workspace___hf__models__Phi-3_5-mini-instruct/stage1: 980/1200 done, 2.2s/item, elapsed 36.7 min, VRAM peak 87.2%, ETA 2026-08-27 16:27:56 UTC (in 8.2 min)
2026-08-27 16:19:53 UTC INFO    __workspace___hf__models__Phi-3_5-mini-instruct/stage1: 985/1200 done, 2.2s/item, elapsed 36.9 min, VRAM peak 87.2%, ETA 2026-08-27 16:27:55 UTC (in 8.0 min)
2026-08-27 16:20:03 UTC INFO    __workspace___hf__models__Phi-3_5-mini-instruct/stage1: 990/1200 done, 2.2s/item, elapsed 37.0 min, VRAM peak 87.2%, ETA 2026-08-27 16:27:54 UTC (in 7.9 min)
2026-08-27 16:20:12 UTC INFO    __workspace___hf__models__Phi-3_5-mini-instruct/stage1: 995/1200 done, 2.2s/item, elapsed 37.2 min, VRAM peak 87.2%, ETA 2026-08-27 16:27:52 UTC (in 7.7 min)
2026-08-27 16:20:23 UTC INFO    __workspace___hf__models__Phi-3_5-mini-instruct/stage1: 1000/1200 done, 2.2s/item, elapsed 37.4 min, VRAM peak 87.2%, ETA 2026-08-27 16:27:51 UTC (in 7.5 min)
2026-08-27 16:20:34 UTC INFO    __workspace___hf__models__Phi-3_5-mini-instruct/stage1: 1005/1200 done, 2.2s/item, elapsed 37.6 min, VRAM peak 87.2%, ETA 2026-08-27 16:27:52 UTC (in 7.3 min)
2026-08-27 16:20:44 UTC INFO    __workspace___hf__models__Phi-3_5-mini-instruct/stage1: 1010/1200 done, 2.2s/item, elapsed 37.7 min, VRAM peak 87.2%, ETA 2026-08-27 16:27:50 UTC (in 7.1 min)
2026-08-27 16:20:53 UTC INFO    __workspace___hf__models__Phi-3_5-mini-instruct/stage1: 1015/1200 done, 2.2s/item, elapsed 37.9 min, VRAM peak 87.2%, ETA 2026-08-27 16:27:47 UTC (in 6.9 min)
2026-08-27 16:21:04 UTC INFO    __workspace___hf__models__Phi-3_5-mini-instruct/stage1: 1020/1200 done, 2.2s/item, elapsed 38.1 min, VRAM peak 87.2%, ETA 2026-08-27 16:27:47 UTC (in 6.7 min)
2026-08-27 16:21:15 UTC INFO    __workspace___hf__models__Phi-3_5-mini-instruct/stage1: 1025/1200 done, 2.2s/item, elapsed 38.2 min, VRAM peak 87.2%, ETA 2026-08-27 16:27:47 UTC (in 6.5 min)
2026-08-27 16:21:26 UTC INFO    __workspace___hf__models__Phi-3_5-mini-instruct/stage1: 1030/1200 done, 2.2s/item, elapsed 38.4 min, VRAM peak 87.2%, ETA 2026-08-27 16:27:46 UTC (in 6.3 min)
2026-08-27 16:21:40 UTC INFO    __workspace___hf__models__Phi-3_5-mini-instruct/stage1: 1035/1200 done, 2.2s/item, elapsed 38.7 min, VRAM peak 87.2%, ETA 2026-08-27 16:27:50 UTC (in 6.2 min)
2026-08-27 16:21:50 UTC INFO    __workspace___hf__models__Phi-3_5-mini-instruct/stage1: 1040/1200 done, 2.2s/item, elapsed 38.8 min, VRAM peak 87.2%, ETA 2026-08-27 16:27:49 UTC (in 6.0 min)
2026-08-27 16:22:02 UTC INFO    __workspace___hf__models__Phi-3_5-mini-instruct/stage1: 1045/1200 done, 2.2s/item, elapsed 39.0 min, VRAM peak 87.2%, ETA 2026-08-27 16:27:49 UTC (in 5.8 min)
2026-08-27 16:22:13 UTC INFO    __workspace___hf__models__Phi-3_5-mini-instruct/stage1: 1050/1200 done, 2.2s/item, elapsed 39.2 min, VRAM peak 87.2%, ETA 2026-08-27 16:27:49 UTC (in 5.6 min)
2026-08-27 16:22:24 UTC INFO    __workspace___hf__models__Phi-3_5-mini-instruct/stage1: 1055/1200 done, 2.2s/item, elapsed 39.4 min, VRAM peak 87.2%, ETA 2026-08-27 16:27:49 UTC (in 5.4 min)
2026-08-27 16:22:35 UTC INFO    __workspace___hf__models__Phi-3_5-mini-instruct/stage1: 1060/1200 done, 2.2s/item, elapsed 39.6 min, VRAM peak 87.2%, ETA 2026-08-27 16:27:48 UTC (in 5.2 min)
2026-08-27 16:22:45 UTC INFO    __workspace___hf__models__Phi-3_5-mini-instruct/stage1: 1065/1200 done, 2.2s/item, elapsed 39.7 min, VRAM peak 87.2%, ETA 2026-08-27 16:27:48 UTC (in 5.0 min)
2026-08-27 16:22:56 UTC INFO    __workspace___hf__models__Phi-3_5-mini-instruct/stage1: 1070/1200 done, 2.2s/item, elapsed 39.9 min, VRAM peak 87.2%, ETA 2026-08-27 16:27:47 UTC (in 4.9 min)
2026-08-27 16:23:06 UTC INFO    __workspace___hf__models__Phi-3_5-mini-instruct/stage1: 1075/1200 done, 2.2s/item, elapsed 40.1 min, VRAM peak 87.2%, ETA 2026-08-27 16:27:46 UTC (in 4.7 min)
2026-08-27 16:23:16 UTC INFO    __workspace___hf__models__Phi-3_5-mini-instruct/stage1: 1080/1200 done, 2.2s/item, elapsed 40.2 min, VRAM peak 87.2%, ETA 2026-08-27 16:27:44 UTC (in 4.5 min)
2026-08-27 16:23:26 UTC INFO    __workspace___hf__models__Phi-3_5-mini-instruct/stage1: 1085/1200 done, 2.2s/item, elapsed 40.4 min, VRAM peak 87.2%, ETA 2026-08-27 16:27:43 UTC (in 4.3 min)
2026-08-27 16:23:38 UTC INFO    __workspace___hf__models__Phi-3_5-mini-instruct/stage1: 1090/1200 done, 2.2s/item, elapsed 40.6 min, VRAM peak 87.2%, ETA 2026-08-27 16:27:44 UTC (in 4.1 min)
2026-08-27 16:23:52 UTC INFO    __workspace___hf__models__Phi-3_5-mini-instruct/stage1: 1095/1200 done, 2.2s/item, elapsed 40.8 min, VRAM peak 87.2%, ETA 2026-08-27 16:27:47 UTC (in 3.9 min)
2026-08-27 16:24:03 UTC INFO    __workspace___hf__models__Phi-3_5-mini-instruct/stage1: 1100/1200 done, 2.2s/item, elapsed 41.0 min, VRAM peak 87.2%, ETA 2026-08-27 16:27:47 UTC (in 3.7 min)
2026-08-27 16:24:13 UTC INFO    __workspace___hf__models__Phi-3_5-mini-instruct/stage1: 1105/1200 done, 2.2s/item, elapsed 41.2 min, VRAM peak 87.2%, ETA 2026-08-27 16:27:46 UTC (in 3.5 min)
2026-08-27 16:24:23 UTC INFO    __workspace___hf__models__Phi-3_5-mini-instruct/stage1: 1110/1200 done, 2.2s/item, elapsed 41.4 min, VRAM peak 87.2%, ETA 2026-08-27 16:27:45 UTC (in 3.4 min)
2026-08-27 16:24:33 UTC INFO    __workspace___hf__models__Phi-3_5-mini-instruct/stage1: 1115/1200 done, 2.2s/item, elapsed 41.5 min, VRAM peak 87.2%, ETA 2026-08-27 16:27:43 UTC (in 3.2 min)
2026-08-27 16:24:45 UTC INFO    __workspace___hf__models__Phi-3_5-mini-instruct/stage1: 1120/1200 done, 2.2s/item, elapsed 41.7 min, VRAM peak 87.2%, ETA 2026-08-27 16:27:44 UTC (in 3.0 min)
2026-08-27 16:24:55 UTC INFO    __workspace___hf__models__Phi-3_5-mini-instruct/stage1: 1125/1200 done, 2.2s/item, elapsed 41.9 min, VRAM peak 87.2%, ETA 2026-08-27 16:27:43 UTC (in 2.8 min)
2026-08-27 16:25:05 UTC INFO    __workspace___hf__models__Phi-3_5-mini-instruct/stage1: 1130/1200 done, 2.2s/item, elapsed 42.1 min, VRAM peak 87.2%, ETA 2026-08-27 16:27:41 UTC (in 2.6 min)
2026-08-27 16:25:14 UTC INFO    __workspace___hf__models__Phi-3_5-mini-instruct/stage1: 1135/1200 done, 2.2s/item, elapsed 42.2 min, VRAM peak 87.2%, ETA 2026-08-27 16:27:39 UTC (in 2.4 min)
2026-08-27 16:25:25 UTC INFO    __workspace___hf__models__Phi-3_5-mini-instruct/stage1: 1140/1200 done, 2.2s/item, elapsed 42.4 min, VRAM peak 87.2%, ETA 2026-08-27 16:27:39 UTC (in 2.2 min)
2026-08-27 16:25:38 UTC INFO    __workspace___hf__models__Phi-3_5-mini-instruct/stage1: 1145/1200 done, 2.2s/item, elapsed 42.6 min, VRAM peak 87.2%, ETA 2026-08-27 16:27:41 UTC (in 2.0 min)
2026-08-27 16:25:49 UTC INFO    __workspace___hf__models__Phi-3_5-mini-instruct/stage1: 1150/1200 done, 2.2s/item, elapsed 42.8 min, VRAM peak 87.2%, ETA 2026-08-27 16:27:40 UTC (in 1.9 min)
2026-08-27 16:26:00 UTC INFO    __workspace___hf__models__Phi-3_5-mini-instruct/stage1: 1155/1200 done, 2.2s/item, elapsed 43.0 min, VRAM peak 87.2%, ETA 2026-08-27 16:27:41 UTC (in 1.7 min)
2026-08-27 16:26:12 UTC INFO    __workspace___hf__models__Phi-3_5-mini-instruct/stage1: 1160/1200 done, 2.2s/item, elapsed 43.2 min, VRAM peak 87.2%, ETA 2026-08-27 16:27:41 UTC (in 1.5 min)
2026-08-27 16:26:23 UTC INFO    __workspace___hf__models__Phi-3_5-mini-instruct/stage1: 1165/1200 done, 2.2s/item, elapsed 43.4 min, VRAM peak 87.2%, ETA 2026-08-27 16:27:41 UTC (in 1.3 min)
2026-08-27 16:26:33 UTC INFO    __workspace___hf__models__Phi-3_5-mini-instruct/stage1: 1170/1200 done, 2.2s/item, elapsed 43.5 min, VRAM peak 87.2%, ETA 2026-08-27 16:27:40 UTC (in 1.1 min)
2026-08-27 16:26:44 UTC INFO    __workspace___hf__models__Phi-3_5-mini-instruct/stage1: 1175/1200 done, 2.2s/item, elapsed 43.7 min, VRAM peak 87.2%, ETA 2026-08-27 16:27:40 UTC (in 0.9 min)
2026-08-27 16:26:58 UTC INFO    __workspace___hf__models__Phi-3_5-mini-instruct/stage1: 1180/1200 done, 2.2s/item, elapsed 44.0 min, VRAM peak 87.2%, ETA 2026-08-27 16:27:43 UTC (in 0.7 min)
2026-08-27 16:27:08 UTC INFO    __workspace___hf__models__Phi-3_5-mini-instruct/stage1: 1185/1200 done, 2.2s/item, elapsed 44.1 min, VRAM peak 87.2%, ETA 2026-08-27 16:27:42 UTC (in 0.6 min)
2026-08-27 16:27:20 UTC INFO    __workspace___hf__models__Phi-3_5-mini-instruct/stage1: 1190/1200 done, 2.2s/item, elapsed 44.3 min, VRAM peak 87.2%, ETA 2026-08-27 16:27:42 UTC (in 0.4 min)
2026-08-27 16:27:31 UTC INFO    __workspace___hf__models__Phi-3_5-mini-instruct/stage1: 1195/1200 done, 2.2s/item, elapsed 44.5 min, VRAM peak 87.2%, ETA 2026-08-27 16:27:43 UTC (in 0.2 min)
2026-08-27 16:27:41 UTC INFO    __workspace___hf__models__Phi-3_5-mini-instruct/stage1: 1200/1200 done, 2.2s/item, elapsed 44.7 min, VRAM peak 87.2%, ETA 2026-08-27 16:27:41 UTC (in 0.0 min)
2026-08-27 16:27:41 UTC INFO    GPU ledger: +2680.4s for __workspace___hf__models__Phi-3_5-mini-instruct/stage1, cumulative 70024.1s (19.45 h, 72.0% of the 27 h allowance)
2026-08-27 16:27:41 UTC INFO    /workspace/.hf/models/Phi-3.5-mini-instruct stage1: {"items": 1200, "unreadable_choice": 0, "usable": 371, "abort_reason": null, "elapsed_min": 44.67, "vram_peak_pct": 87.2}
2026-08-27 16:27:56 UTC INFO    /workspace/.hf/models/Phi-3.5-mini-instruct stage2: {"attempted": 371, "built": 131, "dropped": 240, "search_cap_hit": 250}
2026-08-27 16:28:09 UTC INFO    __workspace___hf__models__Phi-3_5-mini-instruct/stage3: 10/1310 done, 1.3s/item, elapsed 0.2 min, VRAM peak 87.2%, ETA 2026-08-27 16:55:30 UTC (in 27.3 min)
2026-08-27 16:28:21 UTC INFO    __workspace___hf__models__Phi-3_5-mini-instruct/stage3: 20/1310 done, 1.2s/item, elapsed 0.4 min, VRAM peak 87.2%, ETA 2026-08-27 16:54:39 UTC (in 26.3 min)
2026-08-27 16:28:35 UTC INFO    __workspace___hf__models__Phi-3_5-mini-instruct/stage3: 30/1310 done, 1.3s/item, elapsed 0.6 min, VRAM peak 87.2%, ETA 2026-08-27 16:56:18 UTC (in 27.7 min)
2026-08-27 16:28:47 UTC INFO    __workspace___hf__models__Phi-3_5-mini-instruct/stage3: 40/1310 done, 1.3s/item, elapsed 0.8 min, VRAM peak 87.2%, ETA 2026-08-27 16:55:24 UTC (in 26.6 min)
2026-08-27 16:28:57 UTC INFO    __workspace___hf__models__Phi-3_5-mini-instruct/stage3: 50/1310 done, 1.2s/item, elapsed 1.0 min, VRAM peak 87.2%, ETA 2026-08-27 16:54:37 UTC (in 25.7 min)
2026-08-27 16:29:09 UTC INFO    __workspace___hf__models__Phi-3_5-mini-instruct/stage3: 60/1310 done, 1.2s/item, elapsed 1.2 min, VRAM peak 87.2%, ETA 2026-08-27 16:54:13 UTC (in 25.1 min)
2026-08-27 16:29:18 UTC INFO    __workspace___hf__models__Phi-3_5-mini-instruct/stage3: 70/1310 done, 1.2s/item, elapsed 1.4 min, VRAM peak 87.2%, ETA 2026-08-27 16:53:20 UTC (in 24.0 min)
2026-08-27 16:29:30 UTC INFO    __workspace___hf__models__Phi-3_5-mini-instruct/stage3: 80/1310 done, 1.2s/item, elapsed 1.6 min, VRAM peak 87.2%, ETA 2026-08-27 16:53:22 UTC (in 23.9 min)
2026-08-27 16:29:41 UTC INFO    __workspace___hf__models__Phi-3_5-mini-instruct/stage3: 90/1310 done, 1.2s/item, elapsed 1.7 min, VRAM peak 87.2%, ETA 2026-08-27 16:53:18 UTC (in 23.6 min)
2026-08-27 16:29:53 UTC INFO    __workspace___hf__models__Phi-3_5-mini-instruct/stage3: 100/1310 done, 1.2s/item, elapsed 1.9 min, VRAM peak 87.2%, ETA 2026-08-27 16:53:25 UTC (in 23.5 min)
2026-08-27 16:30:04 UTC INFO    __workspace___hf__models__Phi-3_5-mini-instruct/stage3: 110/1310 done, 1.2s/item, elapsed 2.1 min, VRAM peak 87.2%, ETA 2026-08-27 16:53:19 UTC (in 23.3 min)
2026-08-27 16:30:18 UTC INFO    __workspace___hf__models__Phi-3_5-mini-instruct/stage3: 120/1310 done, 1.2s/item, elapsed 2.4 min, VRAM peak 87.2%, ETA 2026-08-27 16:53:47 UTC (in 23.5 min)
2026-08-27 16:30:30 UTC INFO    __workspace___hf__models__Phi-3_5-mini-instruct/stage3: 130/1310 done, 1.2s/item, elapsed 2.6 min, VRAM peak 87.2%, ETA 2026-08-27 16:53:44 UTC (in 23.2 min)
2026-08-27 16:30:42 UTC INFO    __workspace___hf__models__Phi-3_5-mini-instruct/stage3: 140/1310 done, 1.2s/item, elapsed 2.8 min, VRAM peak 87.2%, ETA 2026-08-27 16:53:44 UTC (in 23.0 min)
2026-08-27 16:30:53 UTC INFO    __workspace___hf__models__Phi-3_5-mini-instruct/stage3: 150/1310 done, 1.2s/item, elapsed 3.0 min, VRAM peak 87.2%, ETA 2026-08-27 16:53:43 UTC (in 22.8 min)
2026-08-27 16:31:07 UTC INFO    __workspace___hf__models__Phi-3_5-mini-instruct/stage3: 160/1310 done, 1.2s/item, elapsed 3.2 min, VRAM peak 87.2%, ETA 2026-08-27 16:53:56 UTC (in 22.8 min)
2026-08-27 16:31:16 UTC INFO    __workspace___hf__models__Phi-3_5-mini-instruct/stage3: 170/1310 done, 1.2s/item, elapsed 3.3 min, VRAM peak 87.2%, ETA 2026-08-27 16:53:35 UTC (in 22.3 min)
2026-08-27 16:31:28 UTC INFO    __workspace___hf__models__Phi-3_5-mini-instruct/stage3: 180/1310 done, 1.2s/item, elapsed 3.5 min, VRAM peak 87.2%, ETA 2026-08-27 16:53:39 UTC (in 22.2 min)
2026-08-27 16:31:40 UTC INFO    __workspace___hf__models__Phi-3_5-mini-instruct/stage3: 190/1310 done, 1.2s/item, elapsed 3.7 min, VRAM peak 87.2%, ETA 2026-08-27 16:53:39 UTC (in 22.0 min)
2026-08-27 16:31:52 UTC INFO    __workspace___hf__models__Phi-3_5-mini-instruct/stage3: 200/1310 done, 1.2s/item, elapsed 3.9 min, VRAM peak 87.2%, ETA 2026-08-27 16:53:38 UTC (in 21.8 min)
2026-08-27 16:32:09 UTC INFO    __workspace___hf__models__Phi-3_5-mini-instruct/stage3: 210/1310 done, 1.2s/item, elapsed 4.2 min, VRAM peak 87.2%, ETA 2026-08-27 16:54:11 UTC (in 22.0 min)
2026-08-27 16:32:20 UTC INFO    __workspace___hf__models__Phi-3_5-mini-instruct/stage3: 220/1310 done, 1.2s/item, elapsed 4.4 min, VRAM peak 87.2%, ETA 2026-08-27 16:54:07 UTC (in 21.8 min)
2026-08-27 16:32:35 UTC INFO    __workspace___hf__models__Phi-3_5-mini-instruct/stage3: 230/1310 done, 1.2s/item, elapsed 4.6 min, VRAM peak 87.2%, ETA 2026-08-27 16:54:21 UTC (in 21.8 min)
2026-08-27 16:32:49 UTC INFO    __workspace___hf__models__Phi-3_5-mini-instruct/stage3: 240/1310 done, 1.2s/item, elapsed 4.9 min, VRAM peak 87.2%, ETA 2026-08-27 16:54:36 UTC (in 21.8 min)
2026-08-27 16:33:00 UTC INFO    __workspace___hf__models__Phi-3_5-mini-instruct/stage3: 250/1310 done, 1.2s/item, elapsed 5.1 min, VRAM peak 87.2%, ETA 2026-08-27 16:54:29 UTC (in 21.5 min)
2026-08-27 16:33:11 UTC INFO    __workspace___hf__models__Phi-3_5-mini-instruct/stage3: 260/1310 done, 1.2s/item, elapsed 5.2 min, VRAM peak 87.2%, ETA 2026-08-27 16:54:22 UTC (in 21.2 min)
2026-08-27 16:33:23 UTC INFO    __workspace___hf__models__Phi-3_5-mini-instruct/stage3: 270/1310 done, 1.2s/item, elapsed 5.4 min, VRAM peak 87.2%, ETA 2026-08-27 16:54:22 UTC (in 21.0 min)
2026-08-27 16:33:35 UTC INFO    __workspace___hf__models__Phi-3_5-mini-instruct/stage3: 280/1310 done, 1.2s/item, elapsed 5.7 min, VRAM peak 87.2%, ETA 2026-08-27 16:54:23 UTC (in 20.8 min)
2026-08-27 16:33:46 UTC INFO    __workspace___hf__models__Phi-3_5-mini-instruct/stage3: 290/1310 done, 1.2s/item, elapsed 5.8 min, VRAM peak 87.2%, ETA 2026-08-27 16:54:15 UTC (in 20.5 min)
2026-08-27 16:33:59 UTC INFO    __workspace___hf__models__Phi-3_5-mini-instruct/stage3: 300/1310 done, 1.2s/item, elapsed 6.0 min, VRAM peak 87.2%, ETA 2026-08-27 16:54:20 UTC (in 20.4 min)
2026-08-27 16:34:10 UTC INFO    __workspace___hf__models__Phi-3_5-mini-instruct/stage3: 310/1310 done, 1.2s/item, elapsed 6.2 min, VRAM peak 87.2%, ETA 2026-08-27 16:54:15 UTC (in 20.1 min)
2026-08-27 16:34:22 UTC INFO    __workspace___hf__models__Phi-3_5-mini-instruct/stage3: 320/1310 done, 1.2s/item, elapsed 6.4 min, VRAM peak 87.2%, ETA 2026-08-27 16:54:16 UTC (in 19.9 min)
2026-08-27 16:34:33 UTC INFO    __workspace___hf__models__Phi-3_5-mini-instruct/stage3: 330/1310 done, 1.2s/item, elapsed 6.6 min, VRAM peak 87.2%, ETA 2026-08-27 16:54:11 UTC (in 19.6 min)
2026-08-27 16:34:44 UTC INFO    __workspace___hf__models__Phi-3_5-mini-instruct/stage3: 340/1310 done, 1.2s/item, elapsed 6.8 min, VRAM peak 87.2%, ETA 2026-08-27 16:54:08 UTC (in 19.4 min)
2026-08-27 16:34:54 UTC INFO    __workspace___hf__models__Phi-3_5-mini-instruct/stage3: 350/1310 done, 1.2s/item, elapsed 7.0 min, VRAM peak 87.2%, ETA 2026-08-27 16:54:00 UTC (in 19.1 min)
2026-08-27 16:35:06 UTC INFO    __workspace___hf__models__Phi-3_5-mini-instruct/stage3: 360/1310 done, 1.2s/item, elapsed 7.2 min, VRAM peak 87.2%, ETA 2026-08-27 16:54:02 UTC (in 18.9 min)
2026-08-27 16:35:17 UTC INFO    __workspace___hf__models__Phi-3_5-mini-instruct/stage3: 370/1310 done, 1.2s/item, elapsed 7.3 min, VRAM peak 87.2%, ETA 2026-08-27 16:53:57 UTC (in 18.7 min)
2026-08-27 16:35:27 UTC INFO    __workspace___hf__models__Phi-3_5-mini-instruct/stage3: 380/1310 done, 1.2s/item, elapsed 7.5 min, VRAM peak 87.2%, ETA 2026-08-27 16:53:49 UTC (in 18.4 min)
2026-08-27 16:35:37 UTC INFO    __workspace___hf__models__Phi-3_5-mini-instruct/stage3: 390/1310 done, 1.2s/item, elapsed 7.7 min, VRAM peak 87.2%, ETA 2026-08-27 16:53:43 UTC (in 18.1 min)
2026-08-27 16:35:49 UTC INFO    __workspace___hf__models__Phi-3_5-mini-instruct/stage3: 400/1310 done, 1.2s/item, elapsed 7.9 min, VRAM peak 87.2%, ETA 2026-08-27 16:53:43 UTC (in 17.9 min)
2026-08-27 16:36:01 UTC INFO    __workspace___hf__models__Phi-3_5-mini-instruct/stage3: 410/1310 done, 1.2s/item, elapsed 8.1 min, VRAM peak 87.2%, ETA 2026-08-27 16:53:46 UTC (in 17.7 min)
2026-08-27 16:36:12 UTC INFO    __workspace___hf__models__Phi-3_5-mini-instruct/stage3: 420/1310 done, 1.2s/item, elapsed 8.3 min, VRAM peak 87.2%, ETA 2026-08-27 16:53:42 UTC (in 17.5 min)
2026-08-27 16:36:24 UTC INFO    __workspace___hf__models__Phi-3_5-mini-instruct/stage3: 430/1310 done, 1.2s/item, elapsed 8.5 min, VRAM peak 87.2%, ETA 2026-08-27 16:53:43 UTC (in 17.3 min)
2026-08-27 16:36:40 UTC INFO    __workspace___hf__models__Phi-3_5-mini-instruct/stage3: 440/1310 done, 1.2s/item, elapsed 8.7 min, VRAM peak 87.2%, ETA 2026-08-27 16:53:54 UTC (in 17.2 min)
2026-08-27 16:36:51 UTC INFO    __workspace___hf__models__Phi-3_5-mini-instruct/stage3: 450/1310 done, 1.2s/item, elapsed 8.9 min, VRAM peak 87.2%, ETA 2026-08-27 16:53:54 UTC (in 17.0 min)
2026-08-27 16:37:05 UTC INFO    __workspace___hf__models__Phi-3_5-mini-instruct/stage3: 460/1310 done, 1.2s/item, elapsed 9.1 min, VRAM peak 87.2%, ETA 2026-08-27 16:53:58 UTC (in 16.9 min)
2026-08-27 16:37:15 UTC INFO    __workspace___hf__models__Phi-3_5-mini-instruct/stage3: 470/1310 done, 1.2s/item, elapsed 9.3 min, VRAM peak 87.2%, ETA 2026-08-27 16:53:53 UTC (in 16.6 min)
2026-08-27 16:37:29 UTC INFO    __workspace___hf__models__Phi-3_5-mini-instruct/stage3: 480/1310 done, 1.2s/item, elapsed 9.5 min, VRAM peak 87.2%, ETA 2026-08-27 16:53:58 UTC (in 16.5 min)
2026-08-27 16:37:42 UTC INFO    __workspace___hf__models__Phi-3_5-mini-instruct/stage3: 490/1310 done, 1.2s/item, elapsed 9.8 min, VRAM peak 87.2%, ETA 2026-08-27 16:54:02 UTC (in 16.3 min)
2026-08-27 16:37:57 UTC INFO    __workspace___hf__models__Phi-3_5-mini-instruct/stage3: 500/1310 done, 1.2s/item, elapsed 10.0 min, VRAM peak 87.2%, ETA 2026-08-27 16:54:11 UTC (in 16.2 min)
2026-08-27 16:38:10 UTC INFO    __workspace___hf__models__Phi-3_5-mini-instruct/stage3: 510/1310 done, 1.2s/item, elapsed 10.2 min, VRAM peak 87.2%, ETA 2026-08-27 16:54:11 UTC (in 16.0 min)
2026-08-27 16:38:21 UTC INFO    __workspace___hf__models__Phi-3_5-mini-instruct/stage3: 520/1310 done, 1.2s/item, elapsed 10.4 min, VRAM peak 87.2%, ETA 2026-08-27 16:54:11 UTC (in 15.8 min)
2026-08-27 16:38:33 UTC INFO    __workspace___hf__models__Phi-3_5-mini-instruct/stage3: 530/1310 done, 1.2s/item, elapsed 10.6 min, VRAM peak 87.2%, ETA 2026-08-27 16:54:10 UTC (in 15.6 min)
2026-08-27 16:38:50 UTC INFO    __workspace___hf__models__Phi-3_5-mini-instruct/stage3: 540/1310 done, 1.2s/item, elapsed 10.9 min, VRAM peak 87.2%, ETA 2026-08-27 16:54:23 UTC (in 15.5 min)
2026-08-27 16:39:04 UTC INFO    __workspace___hf__models__Phi-3_5-mini-instruct/stage3: 550/1310 done, 1.2s/item, elapsed 11.1 min, VRAM peak 87.2%, ETA 2026-08-27 16:54:25 UTC (in 15.4 min)
2026-08-27 16:39:16 UTC INFO    __workspace___hf__models__Phi-3_5-mini-instruct/stage3: 560/1310 done, 1.2s/item, elapsed 11.3 min, VRAM peak 87.2%, ETA 2026-08-27 16:54:26 UTC (in 15.2 min)
2026-08-27 16:39:28 UTC INFO    __workspace___hf__models__Phi-3_5-mini-instruct/stage3: 570/1310 done, 1.2s/item, elapsed 11.5 min, VRAM peak 87.2%, ETA 2026-08-27 16:54:26 UTC (in 15.0 min)
2026-08-27 16:39:39 UTC INFO    __workspace___hf__models__Phi-3_5-mini-instruct/stage3: 580/1310 done, 1.2s/item, elapsed 11.7 min, VRAM peak 87.2%, ETA 2026-08-27 16:54:24 UTC (in 14.7 min)
2026-08-27 16:39:51 UTC INFO    __workspace___hf__models__Phi-3_5-mini-instruct/stage3: 590/1310 done, 1.2s/item, elapsed 11.9 min, VRAM peak 87.2%, ETA 2026-08-27 16:54:23 UTC (in 14.5 min)
2026-08-27 16:40:03 UTC INFO    __workspace___hf__models__Phi-3_5-mini-instruct/stage3: 600/1310 done, 1.2s/item, elapsed 12.1 min, VRAM peak 87.2%, ETA 2026-08-27 16:54:22 UTC (in 14.3 min)
2026-08-27 16:40:14 UTC INFO    __workspace___hf__models__Phi-3_5-mini-instruct/stage3: 610/1310 done, 1.2s/item, elapsed 12.3 min, VRAM peak 87.2%, ETA 2026-08-27 16:54:19 UTC (in 14.1 min)
2026-08-27 16:40:25 UTC INFO    __workspace___hf__models__Phi-3_5-mini-instruct/stage3: 620/1310 done, 1.2s/item, elapsed 12.5 min, VRAM peak 87.2%, ETA 2026-08-27 16:54:19 UTC (in 13.9 min)
2026-08-27 16:40:38 UTC INFO    __workspace___hf__models__Phi-3_5-mini-instruct/stage3: 630/1310 done, 1.2s/item, elapsed 12.7 min, VRAM peak 87.2%, ETA 2026-08-27 16:54:19 UTC (in 13.7 min)
2026-08-27 16:40:50 UTC INFO    __workspace___hf__models__Phi-3_5-mini-instruct/stage3: 640/1310 done, 1.2s/item, elapsed 12.9 min, VRAM peak 87.2%, ETA 2026-08-27 16:54:19 UTC (in 13.5 min)
2026-08-27 16:40:59 UTC INFO    __workspace___hf__models__Phi-3_5-mini-instruct/stage3: 650/1310 done, 1.2s/item, elapsed 13.0 min, VRAM peak 87.2%, ETA 2026-08-27 16:54:14 UTC (in 13.2 min)
2026-08-27 16:41:20 UTC INFO    __workspace___hf__models__Phi-3_5-mini-instruct/stage3: 660/1310 done, 1.2s/item, elapsed 13.4 min, VRAM peak 87.2%, ETA 2026-08-27 16:54:32 UTC (in 13.2 min)
2026-08-27 16:41:31 UTC INFO    __workspace___hf__models__Phi-3_5-mini-instruct/stage3: 670/1310 done, 1.2s/item, elapsed 13.6 min, VRAM peak 87.2%, ETA 2026-08-27 16:54:30 UTC (in 13.0 min)
2026-08-27 16:41:41 UTC INFO    __workspace___hf__models__Phi-3_5-mini-instruct/stage3: 680/1310 done, 1.2s/item, elapsed 13.7 min, VRAM peak 87.2%, ETA 2026-08-27 16:54:25 UTC (in 12.7 min)
2026-08-27 16:41:54 UTC INFO    __workspace___hf__models__Phi-3_5-mini-instruct/stage3: 690/1310 done, 1.2s/item, elapsed 14.0 min, VRAM peak 87.2%, ETA 2026-08-27 16:54:26 UTC (in 12.5 min)
2026-08-27 16:42:06 UTC INFO    __workspace___hf__models__Phi-3_5-mini-instruct/stage3: 700/1310 done, 1.2s/item, elapsed 14.2 min, VRAM peak 87.2%, ETA 2026-08-27 16:54:26 UTC (in 12.3 min)
2026-08-27 16:42:20 UTC INFO    __workspace___hf__models__Phi-3_5-mini-instruct/stage3: 710/1310 done, 1.2s/item, elapsed 14.4 min, VRAM peak 87.2%, ETA 2026-08-27 16:54:30 UTC (in 12.2 min)
2026-08-27 16:42:31 UTC INFO    __workspace___hf__models__Phi-3_5-mini-instruct/stage3: 720/1310 done, 1.2s/item, elapsed 14.6 min, VRAM peak 87.2%, ETA 2026-08-27 16:54:28 UTC (in 11.9 min)
2026-08-27 16:42:42 UTC INFO    __workspace___hf__models__Phi-3_5-mini-instruct/stage3: 730/1310 done, 1.2s/item, elapsed 14.8 min, VRAM peak 87.2%, ETA 2026-08-27 16:54:26 UTC (in 11.7 min)
2026-08-27 16:42:52 UTC INFO    __workspace___hf__models__Phi-3_5-mini-instruct/stage3: 740/1310 done, 1.2s/item, elapsed 14.9 min, VRAM peak 87.2%, ETA 2026-08-27 16:54:23 UTC (in 11.5 min)
2026-08-27 16:43:05 UTC INFO    __workspace___hf__models__Phi-3_5-mini-instruct/stage3: 750/1310 done, 1.2s/item, elapsed 15.1 min, VRAM peak 87.2%, ETA 2026-08-27 16:54:23 UTC (in 11.3 min)
2026-08-27 16:43:15 UTC INFO    __workspace___hf__models__Phi-3_5-mini-instruct/stage3: 760/1310 done, 1.2s/item, elapsed 15.3 min, VRAM peak 87.2%, ETA 2026-08-27 16:54:21 UTC (in 11.1 min)
2026-08-27 16:43:27 UTC INFO    __workspace___hf__models__Phi-3_5-mini-instruct/stage3: 770/1310 done, 1.2s/item, elapsed 15.5 min, VRAM peak 87.2%, ETA 2026-08-27 16:54:20 UTC (in 10.9 min)
2026-08-27 16:43:39 UTC INFO    __workspace___hf__models__Phi-3_5-mini-instruct/stage3: 780/1310 done, 1.2s/item, elapsed 15.7 min, VRAM peak 87.2%, ETA 2026-08-27 16:54:20 UTC (in 10.7 min)
2026-08-27 16:43:55 UTC INFO    __workspace___hf__models__Phi-3_5-mini-instruct/stage3: 790/1310 done, 1.2s/item, elapsed 16.0 min, VRAM peak 87.2%, ETA 2026-08-27 16:54:27 UTC (in 10.5 min)
2026-08-27 16:44:06 UTC INFO    __workspace___hf__models__Phi-3_5-mini-instruct/stage3: 800/1310 done, 1.2s/item, elapsed 16.2 min, VRAM peak 87.2%, ETA 2026-08-27 16:54:25 UTC (in 10.3 min)
2026-08-27 16:44:20 UTC INFO    __workspace___hf__models__Phi-3_5-mini-instruct/stage3: 810/1310 done, 1.2s/item, elapsed 16.4 min, VRAM peak 87.2%, ETA 2026-08-27 16:54:27 UTC (in 10.1 min)
2026-08-27 16:44:32 UTC INFO    __workspace___hf__models__Phi-3_5-mini-instruct/stage3: 820/1310 done, 1.2s/item, elapsed 16.6 min, VRAM peak 87.2%, ETA 2026-08-27 16:54:27 UTC (in 9.9 min)
2026-08-27 16:44:45 UTC INFO    __workspace___hf__models__Phi-3_5-mini-instruct/stage3: 830/1310 done, 1.2s/item, elapsed 16.8 min, VRAM peak 87.2%, ETA 2026-08-27 16:54:29 UTC (in 9.7 min)
2026-08-27 16:44:56 UTC INFO    __workspace___hf__models__Phi-3_5-mini-instruct/stage3: 840/1310 done, 1.2s/item, elapsed 17.0 min, VRAM peak 87.2%, ETA 2026-08-27 16:54:27 UTC (in 9.5 min)
2026-08-27 16:45:09 UTC INFO    __workspace___hf__models__Phi-3_5-mini-instruct/stage3: 850/1310 done, 1.2s/item, elapsed 17.2 min, VRAM peak 87.2%, ETA 2026-08-27 16:54:28 UTC (in 9.3 min)
2026-08-27 16:45:20 UTC INFO    __workspace___hf__models__Phi-3_5-mini-instruct/stage3: 860/1310 done, 1.2s/item, elapsed 17.4 min, VRAM peak 87.2%, ETA 2026-08-27 16:54:26 UTC (in 9.1 min)
2026-08-27 16:45:30 UTC INFO    __workspace___hf__models__Phi-3_5-mini-instruct/stage3: 870/1310 done, 1.2s/item, elapsed 17.6 min, VRAM peak 87.2%, ETA 2026-08-27 16:54:23 UTC (in 8.9 min)
2026-08-27 16:45:43 UTC INFO    __workspace___hf__models__Phi-3_5-mini-instruct/stage3: 880/1310 done, 1.2s/item, elapsed 17.8 min, VRAM peak 87.2%, ETA 2026-08-27 16:54:25 UTC (in 8.7 min)
2026-08-27 16:45:56 UTC INFO    __workspace___hf__models__Phi-3_5-mini-instruct/stage3: 890/1310 done, 1.2s/item, elapsed 18.0 min, VRAM peak 87.2%, ETA 2026-08-27 16:54:25 UTC (in 8.5 min)
2026-08-27 16:46:06 UTC INFO    __workspace___hf__models__Phi-3_5-mini-instruct/stage3: 900/1310 done, 1.2s/item, elapsed 18.2 min, VRAM peak 87.2%, ETA 2026-08-27 16:54:23 UTC (in 8.3 min)
2026-08-27 16:46:18 UTC INFO    __workspace___hf__models__Phi-3_5-mini-instruct/stage3: 910/1310 done, 1.2s/item, elapsed 18.4 min, VRAM peak 87.2%, ETA 2026-08-27 16:54:22 UTC (in 8.1 min)
2026-08-27 16:46:29 UTC INFO    __workspace___hf__models__Phi-3_5-mini-instruct/stage3: 920/1310 done, 1.2s/item, elapsed 18.6 min, VRAM peak 87.2%, ETA 2026-08-27 16:54:21 UTC (in 7.9 min)
2026-08-27 16:46:40 UTC INFO    __workspace___hf__models__Phi-3_5-mini-instruct/stage3: 930/1310 done, 1.2s/item, elapsed 18.7 min, VRAM peak 87.2%, ETA 2026-08-27 16:54:18 UTC (in 7.6 min)
2026-08-27 16:46:49 UTC INFO    __workspace___hf__models__Phi-3_5-mini-instruct/stage3: 940/1310 done, 1.2s/item, elapsed 18.9 min, VRAM peak 87.2%, ETA 2026-08-27 16:54:15 UTC (in 7.4 min)
2026-08-27 16:47:01 UTC INFO    __workspace___hf__models__Phi-3_5-mini-instruct/stage3: 950/1310 done, 1.2s/item, elapsed 19.1 min, VRAM peak 87.2%, ETA 2026-08-27 16:54:15 UTC (in 7.2 min)
2026-08-27 16:47:14 UTC INFO    __workspace___hf__models__Phi-3_5-mini-instruct/stage3: 960/1310 done, 1.2s/item, elapsed 19.3 min, VRAM peak 87.2%, ETA 2026-08-27 16:54:15 UTC (in 7.0 min)
2026-08-27 16:47:27 UTC INFO    __workspace___hf__models__Phi-3_5-mini-instruct/stage3: 970/1310 done, 1.2s/item, elapsed 19.5 min, VRAM peak 87.2%, ETA 2026-08-27 16:54:17 UTC (in 6.8 min)
2026-08-27 16:47:37 UTC INFO    __workspace___hf__models__Phi-3_5-mini-instruct/stage3: 980/1310 done, 1.2s/item, elapsed 19.7 min, VRAM peak 87.2%, ETA 2026-08-27 16:54:15 UTC (in 6.6 min)
2026-08-27 16:47:48 UTC INFO    __workspace___hf__models__Phi-3_5-mini-instruct/stage3: 990/1310 done, 1.2s/item, elapsed 19.9 min, VRAM peak 87.2%, ETA 2026-08-27 16:54:13 UTC (in 6.4 min)
2026-08-27 16:48:00 UTC INFO    __workspace___hf__models__Phi-3_5-mini-instruct/stage3: 1000/1310 done, 1.2s/item, elapsed 20.1 min, VRAM peak 87.2%, ETA 2026-08-27 16:54:13 UTC (in 6.2 min)
2026-08-27 16:48:12 UTC INFO    __workspace___hf__models__Phi-3_5-mini-instruct/stage3: 1010/1310 done, 1.2s/item, elapsed 20.3 min, VRAM peak 87.2%, ETA 2026-08-27 16:54:13 UTC (in 6.0 min)
2026-08-27 16:48:23 UTC INFO    __workspace___hf__models__Phi-3_5-mini-instruct/stage3: 1020/1310 done, 1.2s/item, elapsed 20.4 min, VRAM peak 87.2%, ETA 2026-08-27 16:54:11 UTC (in 5.8 min)
2026-08-27 16:48:40 UTC INFO    __workspace___hf__models__Phi-3_5-mini-instruct/stage3: 1030/1310 done, 1.2s/item, elapsed 20.7 min, VRAM peak 87.2%, ETA 2026-08-27 16:54:18 UTC (in 5.6 min)
2026-08-27 16:48:55 UTC INFO    __workspace___hf__models__Phi-3_5-mini-instruct/stage3: 1040/1310 done, 1.2s/item, elapsed 21.0 min, VRAM peak 87.2%, ETA 2026-08-27 16:54:22 UTC (in 5.4 min)
2026-08-27 16:49:07 UTC INFO    __workspace___hf__models__Phi-3_5-mini-instruct/stage3: 1050/1310 done, 1.2s/item, elapsed 21.2 min, VRAM peak 87.2%, ETA 2026-08-27 16:54:22 UTC (in 5.2 min)
2026-08-27 16:49:18 UTC INFO    __workspace___hf__models__Phi-3_5-mini-instruct/stage3: 1060/1310 done, 1.2s/item, elapsed 21.4 min, VRAM peak 87.2%, ETA 2026-08-27 16:54:20 UTC (in 5.0 min)
2026-08-27 16:49:32 UTC INFO    __workspace___hf__models__Phi-3_5-mini-instruct/stage3: 1070/1310 done, 1.2s/item, elapsed 21.6 min, VRAM peak 87.2%, ETA 2026-08-27 16:54:22 UTC (in 4.8 min)
2026-08-27 16:49:41 UTC INFO    __workspace___hf__models__Phi-3_5-mini-instruct/stage3: 1080/1310 done, 1.2s/item, elapsed 21.7 min, VRAM peak 87.2%, ETA 2026-08-27 16:54:19 UTC (in 4.6 min)
2026-08-27 16:49:54 UTC INFO    __workspace___hf__models__Phi-3_5-mini-instruct/stage3: 1090/1310 done, 1.2s/item, elapsed 22.0 min, VRAM peak 87.2%, ETA 2026-08-27 16:54:20 UTC (in 4.4 min)
2026-08-27 16:50:06 UTC INFO    __workspace___hf__models__Phi-3_5-mini-instruct/stage3: 1100/1310 done, 1.2s/item, elapsed 22.2 min, VRAM peak 87.2%, ETA 2026-08-27 16:54:19 UTC (in 4.2 min)
2026-08-27 16:50:17 UTC INFO    __workspace___hf__models__Phi-3_5-mini-instruct/stage3: 1110/1310 done, 1.2s/item, elapsed 22.3 min, VRAM peak 87.2%, ETA 2026-08-27 16:54:18 UTC (in 4.0 min)
2026-08-27 16:50:29 UTC INFO    __workspace___hf__models__Phi-3_5-mini-instruct/stage3: 1120/1310 done, 1.2s/item, elapsed 22.5 min, VRAM peak 87.2%, ETA 2026-08-27 16:54:18 UTC (in 3.8 min)
2026-08-27 16:50:41 UTC INFO    __workspace___hf__models__Phi-3_5-mini-instruct/stage3: 1130/1310 done, 1.2s/item, elapsed 22.8 min, VRAM peak 87.2%, ETA 2026-08-27 16:54:19 UTC (in 3.6 min)
2026-08-27 16:50:53 UTC INFO    __workspace___hf__models__Phi-3_5-mini-instruct/stage3: 1140/1310 done, 1.2s/item, elapsed 22.9 min, VRAM peak 87.2%, ETA 2026-08-27 16:54:19 UTC (in 3.4 min)
2026-08-27 16:51:07 UTC INFO    __workspace___hf__models__Phi-3_5-mini-instruct/stage3: 1150/1310 done, 1.2s/item, elapsed 23.2 min, VRAM peak 87.2%, ETA 2026-08-27 16:54:21 UTC (in 3.2 min)
2026-08-27 16:51:19 UTC INFO    __workspace___hf__models__Phi-3_5-mini-instruct/stage3: 1160/1310 done, 1.2s/item, elapsed 23.4 min, VRAM peak 87.2%, ETA 2026-08-27 16:54:20 UTC (in 3.0 min)
2026-08-27 16:51:29 UTC INFO    __workspace___hf__models__Phi-3_5-mini-instruct/stage3: 1170/1310 done, 1.2s/item, elapsed 23.5 min, VRAM peak 87.2%, ETA 2026-08-27 16:54:18 UTC (in 2.8 min)
2026-08-27 16:51:40 UTC INFO    __workspace___hf__models__Phi-3_5-mini-instruct/stage3: 1180/1310 done, 1.2s/item, elapsed 23.7 min, VRAM peak 87.2%, ETA 2026-08-27 16:54:17 UTC (in 2.6 min)
2026-08-27 16:51:51 UTC INFO    __workspace___hf__models__Phi-3_5-mini-instruct/stage3: 1190/1310 done, 1.2s/item, elapsed 23.9 min, VRAM peak 87.2%, ETA 2026-08-27 16:54:15 UTC (in 2.4 min)
2026-08-27 16:52:05 UTC INFO    __workspace___hf__models__Phi-3_5-mini-instruct/stage3: 1200/1310 done, 1.2s/item, elapsed 24.2 min, VRAM peak 87.2%, ETA 2026-08-27 16:54:18 UTC (in 2.2 min)
2026-08-27 16:52:16 UTC INFO    __workspace___hf__models__Phi-3_5-mini-instruct/stage3: 1210/1310 done, 1.2s/item, elapsed 24.3 min, VRAM peak 87.2%, ETA 2026-08-27 16:54:17 UTC (in 2.0 min)
2026-08-27 16:52:26 UTC INFO    __workspace___hf__models__Phi-3_5-mini-instruct/stage3: 1220/1310 done, 1.2s/item, elapsed 24.5 min, VRAM peak 87.2%, ETA 2026-08-27 16:54:14 UTC (in 1.8 min)
2026-08-27 16:52:38 UTC INFO    __workspace___hf__models__Phi-3_5-mini-instruct/stage3: 1230/1310 done, 1.2s/item, elapsed 24.7 min, VRAM peak 87.2%, ETA 2026-08-27 16:54:14 UTC (in 1.6 min)
2026-08-27 16:52:50 UTC INFO    __workspace___hf__models__Phi-3_5-mini-instruct/stage3: 1240/1310 done, 1.2s/item, elapsed 24.9 min, VRAM peak 87.2%, ETA 2026-08-27 16:54:14 UTC (in 1.4 min)
2026-08-27 16:53:02 UTC INFO    __workspace___hf__models__Phi-3_5-mini-instruct/stage3: 1250/1310 done, 1.2s/item, elapsed 25.1 min, VRAM peak 87.2%, ETA 2026-08-27 16:54:15 UTC (in 1.2 min)
2026-08-27 16:53:14 UTC INFO    __workspace___hf__models__Phi-3_5-mini-instruct/stage3: 1260/1310 done, 1.2s/item, elapsed 25.3 min, VRAM peak 87.2%, ETA 2026-08-27 16:54:14 UTC (in 1.0 min)
2026-08-27 16:53:24 UTC INFO    __workspace___hf__models__Phi-3_5-mini-instruct/stage3: 1270/1310 done, 1.2s/item, elapsed 25.5 min, VRAM peak 87.2%, ETA 2026-08-27 16:54:12 UTC (in 0.8 min)
2026-08-27 16:53:36 UTC INFO    __workspace___hf__models__Phi-3_5-mini-instruct/stage3: 1280/1310 done, 1.2s/item, elapsed 25.7 min, VRAM peak 87.2%, ETA 2026-08-27 16:54:12 UTC (in 0.6 min)
2026-08-27 16:53:48 UTC INFO    __workspace___hf__models__Phi-3_5-mini-instruct/stage3: 1290/1310 done, 1.2s/item, elapsed 25.9 min, VRAM peak 87.2%, ETA 2026-08-27 16:54:12 UTC (in 0.4 min)
2026-08-27 16:53:59 UTC INFO    __workspace___hf__models__Phi-3_5-mini-instruct/stage3: 1300/1310 done, 1.2s/item, elapsed 26.1 min, VRAM peak 87.2%, ETA 2026-08-27 16:54:11 UTC (in 0.2 min)
2026-08-27 16:54:10 UTC INFO    __workspace___hf__models__Phi-3_5-mini-instruct/stage3: 1310/1310 done, 1.2s/item, elapsed 26.2 min, VRAM peak 87.2%, ETA 2026-08-27 16:54:10 UTC (in 0.0 min)
2026-08-27 16:54:10 UTC INFO    GPU ledger: +1573.3s for __workspace___hf__models__Phi-3_5-mini-instruct/stage3, cumulative 71597.4s (19.89 h, 73.7% of the 27 h allowance)
2026-08-27 16:54:10 UTC INFO    /workspace/.hf/models/Phi-3.5-mini-instruct stage3: {"n_items": 131, "condition_counts": {"R0": {"chosen_rival": 0, "unreadable": 0, "n": 131}, "R1": {"chosen_rival": 12, "unreadable": 0, "n": 131}, "R2": {"chosen_rival": 3, "unreadable": 0, "n": 131}, "R3": {"chosen_rival": 3, "unreadable": 0, "n": 131}, "R4": {"chosen_rival": 3, "unreadable": 0, "n": 131}}, "abort_reason": null, "elapsed_min": 26.22}
2026-08-27 16:54:17 UTC INFO    wrote results/e1/experiment_summary.json
2026-08-27 16:54:51 UTC INFO    started 2026-08-27 16:54:51 UTC on Linux-6.5.0-35-generic-x86_64-with-glibc2.35
2026-08-27 16:54:51 UTC INFO    loading framolfese/2WikiMultihopQA [validation], scanning 30000 records
2026-08-27 16:55:16 UTC INFO    built 1200 items from 12576 records
2026-08-27 16:55:20 UTC INFO    longest prompt about 2116 tokens; max_model_len=4096 (floor 2048, cap 8192)
2026-08-27 16:55:20 UTC INFO    detected 23.6 GiB of VRAM, capability (8, 6) -> the 3090ti roster
2026-08-27 16:55:23 UTC WARNING /workspace/.hf/models/OLMo-7B-Instruct-hf under vllm: could not load /workspace/.hf/models/OLMo-7B-Instruct-hf under vllm: User-specified max_model_len (4096) is greater than the derived max_model_len (max_position_embeddings=2048 or model_max_length=None in model's config.json). This may lead to incorrect model outputs or CUDA errors. To allow overriding this maximum, set the env var VLLM_ALLOW_LONG_MAX_MODEL_LEN=1
2026-08-27 16:55:23 UTC ERROR   skipping /workspace/.hf/models/OLMo-7B-Instruct-hf: no backend could load /workspace/.hf/models/OLMo-7B-Instruct-hf: could not load /workspace/.hf/models/OLMo-7B-Instruct-hf under vllm: User-specified max_model_len (4096) is greater than the derived max_model_len (max_position_embeddings=2048 or model_max_length=None in model's config.json). This may lead to incorrect model outputs or CUDA errors. To allow overriding this maximum, set the env var VLLM_ALLOW_LONG_MAX_MODEL_LEN=1
2026-08-27 16:55:23 UTC INFO    wrote results/e1/experiment_summary.json
2026-08-27 16:56:09 UTC INFO    started 2026-08-27 16:56:09 UTC on Linux-6.5.0-35-generic-x86_64-with-glibc2.35
2026-08-27 16:56:09 UTC INFO    loading framolfese/2WikiMultihopQA [validation], scanning 30000 records
2026-08-27 16:56:18 UTC INFO    built 1200 items from 12576 records
2026-08-27 16:56:22 UTC INFO    longest prompt about 2116 tokens; max_model_len=4096 (floor 2048, cap 8192)
2026-08-27 16:56:23 UTC INFO    detected 23.6 GiB of VRAM, capability (8, 6) -> the 3090ti roster
2026-08-27 16:56:26 UTC WARNING /workspace/.hf/models/falcon-7b-instruct under vllm: could not load /workspace/.hf/models/falcon-7b-instruct under vllm: User-specified max_model_len (4096) is greater than the derived max_model_len (max_position_embeddings=2048 or model_max_length=None in model's config.json). This may lead to incorrect model outputs or CUDA errors. To allow overriding this maximum, set the env var VLLM_ALLOW_LONG_MAX_MODEL_LEN=1
2026-08-27 16:56:26 UTC ERROR   skipping /workspace/.hf/models/falcon-7b-instruct: no backend could load /workspace/.hf/models/falcon-7b-instruct: could not load /workspace/.hf/models/falcon-7b-instruct under vllm: User-specified max_model_len (4096) is greater than the derived max_model_len (max_position_embeddings=2048 or model_max_length=None in model's config.json). This may lead to incorrect model outputs or CUDA errors. To allow overriding this maximum, set the env var VLLM_ALLOW_LONG_MAX_MODEL_LEN=1
2026-08-27 16:56:26 UTC INFO    wrote results/e1/experiment_summary.json
2026-08-27 17:01:34 UTC INFO    started 2026-08-27 17:01:34 UTC on Linux-6.5.0-35-generic-x86_64-with-glibc2.35
2026-08-27 17:01:34 UTC INFO    loading framolfese/2WikiMultihopQA [validation], scanning 30000 records
2026-08-27 17:01:43 UTC INFO    built 1200 items from 12576 records
2026-08-27 17:01:47 UTC INFO    longest prompt about 2116 tokens; max_model_len=4096 (floor 2048, cap 8192)
2026-08-27 17:01:48 UTC INFO    detected 23.6 GiB of VRAM, capability (8, 6) -> the 3090ti roster
2026-08-27 17:02:45 UTC INFO    /workspace/.hf/models/granite-3.0-8b-instruct loaded: bfloat16, max_model_len=4096, mem target 0.85, eager=False, VRAM now 84.8%
2026-08-27 17:02:45 UTC INFO    /workspace/.hf/models/granite-3.0-8b-instruct ready via the vllm backend
2026-08-27 17:02:56 UTC INFO    __workspace___hf__models__granite-3_0-8b-instruct/stage1: 5/1200 done, 2.2s/item, elapsed 0.2 min, VRAM peak 85.5%, ETA 2026-08-27 17:46:48 UTC (in 43.9 min)
2026-08-27 17:03:07 UTC INFO    __workspace___hf__models__granite-3_0-8b-instruct/stage1: 10/1200 done, 2.2s/item, elapsed 0.4 min, VRAM peak 85.8%, ETA 2026-08-27 17:47:15 UTC (in 44.1 min)
2026-08-27 17:03:21 UTC INFO    __workspace___hf__models__granite-3_0-8b-instruct/stage1: 15/1200 done, 2.4s/item, elapsed 0.6 min, VRAM peak 85.8%, ETA 2026-08-27 17:51:33 UTC (in 48.2 min)
2026-08-27 17:03:36 UTC INFO    __workspace___hf__models__granite-3_0-8b-instruct/stage1: 20/1200 done, 2.5s/item, elapsed 0.8 min, VRAM peak 85.8%, ETA 2026-08-27 17:53:40 UTC (in 50.1 min)
2026-08-27 17:03:51 UTC INFO    __workspace___hf__models__granite-3_0-8b-instruct/stage1: 25/1200 done, 2.6s/item, elapsed 1.1 min, VRAM peak 85.8%, ETA 2026-08-27 17:55:43 UTC (in 51.9 min)
2026-08-27 17:04:02 UTC INFO    __workspace___hf__models__granite-3_0-8b-instruct/stage1: 30/1200 done, 2.6s/item, elapsed 1.3 min, VRAM peak 85.8%, ETA 2026-08-27 17:54:02 UTC (in 50.0 min)
2026-08-27 17:04:13 UTC INFO    __workspace___hf__models__granite-3_0-8b-instruct/stage1: 35/1200 done, 2.5s/item, elapsed 1.5 min, VRAM peak 85.8%, ETA 2026-08-27 17:53:10 UTC (in 49.0 min)
2026-08-27 17:04:22 UTC INFO    __workspace___hf__models__granite-3_0-8b-instruct/stage1: 40/1200 done, 2.4s/item, elapsed 1.6 min, VRAM peak 85.8%, ETA 2026-08-27 17:51:33 UTC (in 47.2 min)
2026-08-27 17:04:36 UTC INFO    __workspace___hf__models__granite-3_0-8b-instruct/stage1: 45/1200 done, 2.5s/item, elapsed 1.8 min, VRAM peak 85.8%, ETA 2026-08-27 17:52:04 UTC (in 47.5 min)
2026-08-27 17:04:50 UTC INFO    __workspace___hf__models__granite-3_0-8b-instruct/stage1: 50/1200 done, 2.5s/item, elapsed 2.1 min, VRAM peak 85.8%, ETA 2026-08-27 17:52:58 UTC (in 48.1 min)
2026-08-27 17:05:04 UTC INFO    __workspace___hf__models__granite-3_0-8b-instruct/stage1: 55/1200 done, 2.5s/item, elapsed 2.3 min, VRAM peak 85.8%, ETA 2026-08-27 17:53:23 UTC (in 48.3 min)
2026-08-27 17:05:15 UTC INFO    __workspace___hf__models__granite-3_0-8b-instruct/stage1: 60/1200 done, 2.5s/item, elapsed 2.5 min, VRAM peak 85.8%, ETA 2026-08-27 17:52:37 UTC (in 47.4 min)
2026-08-27 17:05:25 UTC INFO    __workspace___hf__models__granite-3_0-8b-instruct/stage1: 65/1200 done, 2.5s/item, elapsed 2.7 min, VRAM peak 85.8%, ETA 2026-08-27 17:52:05 UTC (in 46.7 min)
2026-08-27 17:05:36 UTC INFO    __workspace___hf__models__granite-3_0-8b-instruct/stage1: 70/1200 done, 2.4s/item, elapsed 2.8 min, VRAM peak 85.8%, ETA 2026-08-27 17:51:34 UTC (in 46.0 min)
2026-08-27 17:05:50 UTC INFO    __workspace___hf__models__granite-3_0-8b-instruct/stage1: 75/1200 done, 2.5s/item, elapsed 3.1 min, VRAM peak 85.8%, ETA 2026-08-27 17:52:03 UTC (in 46.2 min)
2026-08-27 17:06:00 UTC INFO    __workspace___hf__models__granite-3_0-8b-instruct/stage1: 80/1200 done, 2.4s/item, elapsed 3.3 min, VRAM peak 85.8%, ETA 2026-08-27 17:51:35 UTC (in 45.6 min)
2026-08-27 17:06:13 UTC INFO    __workspace___hf__models__granite-3_0-8b-instruct/stage1: 85/1200 done, 2.5s/item, elapsed 3.5 min, VRAM peak 85.8%, ETA 2026-08-27 17:51:47 UTC (in 45.6 min)
2026-08-27 17:06:26 UTC INFO    __workspace___hf__models__granite-3_0-8b-instruct/stage1: 90/1200 done, 2.5s/item, elapsed 3.7 min, VRAM peak 85.8%, ETA 2026-08-27 17:51:49 UTC (in 45.4 min)
2026-08-27 17:06:38 UTC INFO    __workspace___hf__models__granite-3_0-8b-instruct/stage1: 95/1200 done, 2.5s/item, elapsed 3.9 min, VRAM peak 85.8%, ETA 2026-08-27 17:51:48 UTC (in 45.2 min)
2026-08-27 17:06:49 UTC INFO    __workspace___hf__models__granite-3_0-8b-instruct/stage1: 100/1200 done, 2.4s/item, elapsed 4.1 min, VRAM peak 85.8%, ETA 2026-08-27 17:51:34 UTC (in 44.8 min)
2026-08-27 17:07:01 UTC INFO    __workspace___hf__models__granite-3_0-8b-instruct/stage1: 105/1200 done, 2.4s/item, elapsed 4.3 min, VRAM peak 85.8%, ETA 2026-08-27 17:51:29 UTC (in 44.5 min)
2026-08-27 17:07:11 UTC INFO    __workspace___hf__models__granite-3_0-8b-instruct/stage1: 110/1200 done, 2.4s/item, elapsed 4.4 min, VRAM peak 85.8%, ETA 2026-08-27 17:51:13 UTC (in 44.0 min)
2026-08-27 17:07:27 UTC INFO    __workspace___hf__models__granite-3_0-8b-instruct/stage1: 115/1200 done, 2.5s/item, elapsed 4.7 min, VRAM peak 85.8%, ETA 2026-08-27 17:51:53 UTC (in 44.4 min)
2026-08-27 17:07:40 UTC INFO    __workspace___hf__models__granite-3_0-8b-instruct/stage1: 120/1200 done, 2.5s/item, elapsed 4.9 min, VRAM peak 85.8%, ETA 2026-08-27 17:51:53 UTC (in 44.2 min)
2026-08-27 17:07:50 UTC INFO    __workspace___hf__models__granite-3_0-8b-instruct/stage1: 125/1200 done, 2.4s/item, elapsed 5.1 min, VRAM peak 85.8%, ETA 2026-08-27 17:51:39 UTC (in 43.8 min)
2026-08-27 17:08:05 UTC INFO    __workspace___hf__models__granite-3_0-8b-instruct/stage1: 130/1200 done, 2.5s/item, elapsed 5.3 min, VRAM peak 85.8%, ETA 2026-08-27 17:52:03 UTC (in 44.0 min)
2026-08-27 17:08:19 UTC INFO    __workspace___hf__models__granite-3_0-8b-instruct/stage1: 135/1200 done, 2.5s/item, elapsed 5.6 min, VRAM peak 85.8%, ETA 2026-08-27 17:52:14 UTC (in 43.9 min)
2026-08-27 17:08:32 UTC INFO    __workspace___hf__models__granite-3_0-8b-instruct/stage1: 140/1200 done, 2.5s/item, elapsed 5.8 min, VRAM peak 85.8%, ETA 2026-08-27 17:52:21 UTC (in 43.8 min)
2026-08-27 17:08:43 UTC INFO    __workspace___hf__models__granite-3_0-8b-instruct/stage1: 145/1200 done, 2.5s/item, elapsed 6.0 min, VRAM peak 85.8%, ETA 2026-08-27 17:52:11 UTC (in 43.5 min)
2026-08-27 17:08:55 UTC INFO    __workspace___hf__models__granite-3_0-8b-instruct/stage1: 150/1200 done, 2.5s/item, elapsed 6.2 min, VRAM peak 85.8%, ETA 2026-08-27 17:52:05 UTC (in 43.2 min)
2026-08-27 17:09:04 UTC INFO    __workspace___hf__models__granite-3_0-8b-instruct/stage1: 155/1200 done, 2.4s/item, elapsed 6.3 min, VRAM peak 85.8%, ETA 2026-08-27 17:51:42 UTC (in 42.6 min)
2026-08-27 17:09:17 UTC INFO    __workspace___hf__models__granite-3_0-8b-instruct/stage1: 160/1200 done, 2.5s/item, elapsed 6.5 min, VRAM peak 85.8%, ETA 2026-08-27 17:51:48 UTC (in 42.5 min)
2026-08-27 17:09:28 UTC INFO    __workspace___hf__models__granite-3_0-8b-instruct/stage1: 165/1200 done, 2.4s/item, elapsed 6.7 min, VRAM peak 85.8%, ETA 2026-08-27 17:51:37 UTC (in 42.2 min)
2026-08-27 17:09:43 UTC INFO    __workspace___hf__models__granite-3_0-8b-instruct/stage1: 170/1200 done, 2.5s/item, elapsed 7.0 min, VRAM peak 85.8%, ETA 2026-08-27 17:51:58 UTC (in 42.3 min)
2026-08-27 17:09:58 UTC INFO    __workspace___hf__models__granite-3_0-8b-instruct/stage1: 175/1200 done, 2.5s/item, elapsed 7.2 min, VRAM peak 85.8%, ETA 2026-08-27 17:52:15 UTC (in 42.3 min)
2026-08-27 17:10:10 UTC INFO    __workspace___hf__models__granite-3_0-8b-instruct/stage1: 180/1200 done, 2.5s/item, elapsed 7.4 min, VRAM peak 85.8%, ETA 2026-08-27 17:52:09 UTC (in 42.0 min)
2026-08-27 17:10:22 UTC INFO    __workspace___hf__models__granite-3_0-8b-instruct/stage1: 185/1200 done, 2.5s/item, elapsed 7.6 min, VRAM peak 85.8%, ETA 2026-08-27 17:52:11 UTC (in 41.8 min)
2026-08-27 17:10:34 UTC INFO    __workspace___hf__models__granite-3_0-8b-instruct/stage1: 190/1200 done, 2.5s/item, elapsed 7.8 min, VRAM peak 85.8%, ETA 2026-08-27 17:52:10 UTC (in 41.6 min)
2026-08-27 17:10:45 UTC INFO    __workspace___hf__models__granite-3_0-8b-instruct/stage1: 195/1200 done, 2.5s/item, elapsed 8.0 min, VRAM peak 85.8%, ETA 2026-08-27 17:51:58 UTC (in 41.2 min)
2026-08-27 17:10:56 UTC INFO    __workspace___hf__models__granite-3_0-8b-instruct/stage1: 200/1200 done, 2.5s/item, elapsed 8.2 min, VRAM peak 85.8%, ETA 2026-08-27 17:51:52 UTC (in 40.9 min)
2026-08-27 17:11:06 UTC INFO    __workspace___hf__models__granite-3_0-8b-instruct/stage1: 205/1200 done, 2.4s/item, elapsed 8.4 min, VRAM peak 86.2%, ETA 2026-08-27 17:51:40 UTC (in 40.6 min)
2026-08-27 17:11:20 UTC INFO    __workspace___hf__models__granite-3_0-8b-instruct/stage1: 210/1200 done, 2.5s/item, elapsed 8.6 min, VRAM peak 86.2%, ETA 2026-08-27 17:51:48 UTC (in 40.5 min)
2026-08-27 17:11:31 UTC INFO    __workspace___hf__models__granite-3_0-8b-instruct/stage1: 215/1200 done, 2.4s/item, elapsed 8.8 min, VRAM peak 86.2%, ETA 2026-08-27 17:51:44 UTC (in 40.2 min)
2026-08-27 17:11:43 UTC INFO    __workspace___hf__models__granite-3_0-8b-instruct/stage1: 220/1200 done, 2.4s/item, elapsed 9.0 min, VRAM peak 86.2%, ETA 2026-08-27 17:51:39 UTC (in 39.9 min)
2026-08-27 17:11:53 UTC INFO    __workspace___hf__models__granite-3_0-8b-instruct/stage1: 225/1200 done, 2.4s/item, elapsed 9.1 min, VRAM peak 86.2%, ETA 2026-08-27 17:51:27 UTC (in 39.6 min)
2026-08-27 17:12:04 UTC INFO    __workspace___hf__models__granite-3_0-8b-instruct/stage1: 230/1200 done, 2.4s/item, elapsed 9.3 min, VRAM peak 86.2%, ETA 2026-08-27 17:51:24 UTC (in 39.3 min)
2026-08-27 17:12:16 UTC INFO    __workspace___hf__models__granite-3_0-8b-instruct/stage1: 235/1200 done, 2.4s/item, elapsed 9.5 min, VRAM peak 86.2%, ETA 2026-08-27 17:51:21 UTC (in 39.1 min)
2026-08-27 17:12:29 UTC INFO    __workspace___hf__models__granite-3_0-8b-instruct/stage1: 240/1200 done, 2.4s/item, elapsed 9.7 min, VRAM peak 86.2%, ETA 2026-08-27 17:51:28 UTC (in 39.0 min)
2026-08-27 17:12:41 UTC INFO    __workspace___hf__models__granite-3_0-8b-instruct/stage1: 245/1200 done, 2.4s/item, elapsed 9.9 min, VRAM peak 86.2%, ETA 2026-08-27 17:51:23 UTC (in 38.7 min)
2026-08-27 17:12:53 UTC INFO    __workspace___hf__models__granite-3_0-8b-instruct/stage1: 250/1200 done, 2.4s/item, elapsed 10.1 min, VRAM peak 86.2%, ETA 2026-08-27 17:51:22 UTC (in 38.5 min)
2026-08-27 17:13:05 UTC INFO    __workspace___hf__models__granite-3_0-8b-instruct/stage1: 255/1200 done, 2.4s/item, elapsed 10.3 min, VRAM peak 86.2%, ETA 2026-08-27 17:51:24 UTC (in 38.3 min)
2026-08-27 17:13:15 UTC INFO    __workspace___hf__models__granite-3_0-8b-instruct/stage1: 260/1200 done, 2.4s/item, elapsed 10.5 min, VRAM peak 86.2%, ETA 2026-08-27 17:51:14 UTC (in 38.0 min)
2026-08-27 17:13:27 UTC INFO    __workspace___hf__models__granite-3_0-8b-instruct/stage1: 265/1200 done, 2.4s/item, elapsed 10.7 min, VRAM peak 86.2%, ETA 2026-08-27 17:51:13 UTC (in 37.8 min)
2026-08-27 17:13:38 UTC INFO    __workspace___hf__models__granite-3_0-8b-instruct/stage1: 270/1200 done, 2.4s/item, elapsed 10.9 min, VRAM peak 86.2%, ETA 2026-08-27 17:51:06 UTC (in 37.5 min)
2026-08-27 17:13:54 UTC INFO    __workspace___hf__models__granite-3_0-8b-instruct/stage1: 275/1200 done, 2.4s/item, elapsed 11.1 min, VRAM peak 86.2%, ETA 2026-08-27 17:51:23 UTC (in 37.5 min)
2026-08-27 17:14:05 UTC INFO    __workspace___hf__models__granite-3_0-8b-instruct/stage1: 280/1200 done, 2.4s/item, elapsed 11.3 min, VRAM peak 86.2%, ETA 2026-08-27 17:51:19 UTC (in 37.2 min)
2026-08-27 17:14:20 UTC INFO    __workspace___hf__models__granite-3_0-8b-instruct/stage1: 285/1200 done, 2.4s/item, elapsed 11.6 min, VRAM peak 86.2%, ETA 2026-08-27 17:51:31 UTC (in 37.2 min)
2026-08-27 17:14:34 UTC INFO    __workspace___hf__models__granite-3_0-8b-instruct/stage1: 290/1200 done, 2.4s/item, elapsed 11.8 min, VRAM peak 86.2%, ETA 2026-08-27 17:51:37 UTC (in 37.1 min)
2026-08-27 17:14:48 UTC INFO    __workspace___hf__models__granite-3_0-8b-instruct/stage1: 295/1200 done, 2.4s/item, elapsed 12.0 min, VRAM peak 86.2%, ETA 2026-08-27 17:51:44 UTC (in 36.9 min)
2026-08-27 17:15:03 UTC INFO    __workspace___hf__models__granite-3_0-8b-instruct/stage1: 300/1200 done, 2.5s/item, elapsed 12.3 min, VRAM peak 86.2%, ETA 2026-08-27 17:51:59 UTC (in 36.9 min)
2026-08-27 17:15:14 UTC INFO    __workspace___hf__models__granite-3_0-8b-instruct/stage1: 305/1200 done, 2.5s/item, elapsed 12.5 min, VRAM peak 86.2%, ETA 2026-08-27 17:51:54 UTC (in 36.7 min)
2026-08-27 17:15:26 UTC INFO    __workspace___hf__models__granite-3_0-8b-instruct/stage1: 310/1200 done, 2.5s/item, elapsed 12.7 min, VRAM peak 86.2%, ETA 2026-08-27 17:51:52 UTC (in 36.4 min)
2026-08-27 17:15:39 UTC INFO    __workspace___hf__models__granite-3_0-8b-instruct/stage1: 315/1200 done, 2.5s/item, elapsed 12.9 min, VRAM peak 86.2%, ETA 2026-08-27 17:51:55 UTC (in 36.3 min)
2026-08-27 17:15:52 UTC INFO    __workspace___hf__models__granite-3_0-8b-instruct/stage1: 320/1200 done, 2.5s/item, elapsed 13.1 min, VRAM peak 86.2%, ETA 2026-08-27 17:51:58 UTC (in 36.1 min)
2026-08-27 17:16:05 UTC INFO    __workspace___hf__models__granite-3_0-8b-instruct/stage1: 325/1200 done, 2.5s/item, elapsed 13.3 min, VRAM peak 86.6%, ETA 2026-08-27 17:51:59 UTC (in 35.9 min)
2026-08-27 17:16:17 UTC INFO    __workspace___hf__models__granite-3_0-8b-instruct/stage1: 330/1200 done, 2.5s/item, elapsed 13.5 min, VRAM peak 86.6%, ETA 2026-08-27 17:51:57 UTC (in 35.7 min)
2026-08-27 17:16:27 UTC INFO    __workspace___hf__models__granite-3_0-8b-instruct/stage1: 335/1200 done, 2.5s/item, elapsed 13.7 min, VRAM peak 86.6%, ETA 2026-08-27 17:51:51 UTC (in 35.4 min)
2026-08-27 17:16:37 UTC INFO    __workspace___hf__models__granite-3_0-8b-instruct/stage1: 340/1200 done, 2.4s/item, elapsed 13.9 min, VRAM peak 86.6%, ETA 2026-08-27 17:51:42 UTC (in 35.1 min)
2026-08-27 17:16:50 UTC INFO    __workspace___hf__models__granite-3_0-8b-instruct/stage1: 345/1200 done, 2.4s/item, elapsed 14.1 min, VRAM peak 86.6%, ETA 2026-08-27 17:51:43 UTC (in 34.9 min)
2026-08-27 17:16:59 UTC INFO    __workspace___hf__models__granite-3_0-8b-instruct/stage1: 350/1200 done, 2.4s/item, elapsed 14.2 min, VRAM peak 86.6%, ETA 2026-08-27 17:51:32 UTC (in 34.6 min)
2026-08-27 17:17:09 UTC INFO    __workspace___hf__models__granite-3_0-8b-instruct/stage1: 355/1200 done, 2.4s/item, elapsed 14.4 min, VRAM peak 86.6%, ETA 2026-08-27 17:51:26 UTC (in 34.3 min)
2026-08-27 17:17:21 UTC INFO    __workspace___hf__models__granite-3_0-8b-instruct/stage1: 360/1200 done, 2.4s/item, elapsed 14.6 min, VRAM peak 86.6%, ETA 2026-08-27 17:51:24 UTC (in 34.1 min)
2026-08-27 17:17:33 UTC INFO    __workspace___hf__models__granite-3_0-8b-instruct/stage1: 365/1200 done, 2.4s/item, elapsed 14.8 min, VRAM peak 86.6%, ETA 2026-08-27 17:51:23 UTC (in 33.8 min)
2026-08-27 17:17:46 UTC INFO    __workspace___hf__models__granite-3_0-8b-instruct/stage1: 370/1200 done, 2.4s/item, elapsed 15.0 min, VRAM peak 86.6%, ETA 2026-08-27 17:51:27 UTC (in 33.7 min)
2026-08-27 17:17:58 UTC INFO    __workspace___hf__models__granite-3_0-8b-instruct/stage1: 375/1200 done, 2.4s/item, elapsed 15.2 min, VRAM peak 86.6%, ETA 2026-08-27 17:51:27 UTC (in 33.5 min)
2026-08-27 17:18:11 UTC INFO    __workspace___hf__models__granite-3_0-8b-instruct/stage1: 380/1200 done, 2.4s/item, elapsed 15.4 min, VRAM peak 86.6%, ETA 2026-08-27 17:51:30 UTC (in 33.3 min)
2026-08-27 17:18:25 UTC INFO    __workspace___hf__models__granite-3_0-8b-instruct/stage1: 385/1200 done, 2.4s/item, elapsed 15.7 min, VRAM peak 86.6%, ETA 2026-08-27 17:51:34 UTC (in 33.2 min)
2026-08-27 17:18:37 UTC INFO    __workspace___hf__models__granite-3_0-8b-instruct/stage1: 390/1200 done, 2.4s/item, elapsed 15.9 min, VRAM peak 86.6%, ETA 2026-08-27 17:51:36 UTC (in 33.0 min)
2026-08-27 17:18:48 UTC INFO    __workspace___hf__models__granite-3_0-8b-instruct/stage1: 395/1200 done, 2.4s/item, elapsed 16.1 min, VRAM peak 86.6%, ETA 2026-08-27 17:51:32 UTC (in 32.7 min)
2026-08-27 17:19:00 UTC INFO    __workspace___hf__models__granite-3_0-8b-instruct/stage1: 400/1200 done, 2.4s/item, elapsed 16.3 min, VRAM peak 86.6%, ETA 2026-08-27 17:51:31 UTC (in 32.5 min)
2026-08-27 17:19:13 UTC INFO    __workspace___hf__models__granite-3_0-8b-instruct/stage1: 405/1200 done, 2.4s/item, elapsed 16.5 min, VRAM peak 86.6%, ETA 2026-08-27 17:51:33 UTC (in 32.3 min)
2026-08-27 17:19:24 UTC INFO    __workspace___hf__models__granite-3_0-8b-instruct/stage1: 410/1200 done, 2.4s/item, elapsed 16.7 min, VRAM peak 86.6%, ETA 2026-08-27 17:51:29 UTC (in 32.1 min)
2026-08-27 17:19:40 UTC INFO    __workspace___hf__models__granite-3_0-8b-instruct/stage1: 415/1200 done, 2.4s/item, elapsed 16.9 min, VRAM peak 86.6%, ETA 2026-08-27 17:51:39 UTC (in 32.0 min)
2026-08-27 17:19:52 UTC INFO    __workspace___hf__models__granite-3_0-8b-instruct/stage1: 420/1200 done, 2.4s/item, elapsed 17.1 min, VRAM peak 86.6%, ETA 2026-08-27 17:51:38 UTC (in 31.8 min)
2026-08-27 17:20:03 UTC INFO    __workspace___hf__models__granite-3_0-8b-instruct/stage1: 425/1200 done, 2.4s/item, elapsed 17.3 min, VRAM peak 86.6%, ETA 2026-08-27 17:51:37 UTC (in 31.6 min)
2026-08-27 17:20:18 UTC INFO    __workspace___hf__models__granite-3_0-8b-instruct/stage1: 430/1200 done, 2.5s/item, elapsed 17.6 min, VRAM peak 86.6%, ETA 2026-08-27 17:51:45 UTC (in 31.4 min)
2026-08-27 17:20:31 UTC INFO    __workspace___hf__models__granite-3_0-8b-instruct/stage1: 435/1200 done, 2.5s/item, elapsed 17.8 min, VRAM peak 86.6%, ETA 2026-08-27 17:51:45 UTC (in 31.2 min)
2026-08-27 17:20:45 UTC INFO    __workspace___hf__models__granite-3_0-8b-instruct/stage1: 440/1200 done, 2.5s/item, elapsed 18.0 min, VRAM peak 86.6%, ETA 2026-08-27 17:51:52 UTC (in 31.1 min)
2026-08-27 17:20:58 UTC INFO    __workspace___hf__models__granite-3_0-8b-instruct/stage1: 445/1200 done, 2.5s/item, elapsed 18.2 min, VRAM peak 86.6%, ETA 2026-08-27 17:51:53 UTC (in 30.9 min)
2026-08-27 17:21:13 UTC INFO    __workspace___hf__models__granite-3_0-8b-instruct/stage1: 450/1200 done, 2.5s/item, elapsed 18.5 min, VRAM peak 87.0%, ETA 2026-08-27 17:52:01 UTC (in 30.8 min)
2026-08-27 17:21:28 UTC INFO    __workspace___hf__models__granite-3_0-8b-instruct/stage1: 455/1200 done, 2.5s/item, elapsed 18.7 min, VRAM peak 87.0%, ETA 2026-08-27 17:52:07 UTC (in 30.6 min)
2026-08-27 17:21:41 UTC INFO    __workspace___hf__models__granite-3_0-8b-instruct/stage1: 460/1200 done, 2.5s/item, elapsed 18.9 min, VRAM peak 87.0%, ETA 2026-08-27 17:52:09 UTC (in 30.5 min)
2026-08-27 17:21:55 UTC INFO    __workspace___hf__models__granite-3_0-8b-instruct/stage1: 465/1200 done, 2.5s/item, elapsed 19.2 min, VRAM peak 87.0%, ETA 2026-08-27 17:52:13 UTC (in 30.3 min)
2026-08-27 17:22:05 UTC INFO    __workspace___hf__models__granite-3_0-8b-instruct/stage1: 470/1200 done, 2.5s/item, elapsed 19.3 min, VRAM peak 87.0%, ETA 2026-08-27 17:52:08 UTC (in 30.0 min)
2026-08-27 17:22:18 UTC INFO    __workspace___hf__models__granite-3_0-8b-instruct/stage1: 475/1200 done, 2.5s/item, elapsed 19.6 min, VRAM peak 87.0%, ETA 2026-08-27 17:52:09 UTC (in 29.8 min)
2026-08-27 17:22:33 UTC INFO    __workspace___hf__models__granite-3_0-8b-instruct/stage1: 480/1200 done, 2.5s/item, elapsed 19.8 min, VRAM peak 87.0%, ETA 2026-08-27 17:52:15 UTC (in 29.7 min)
2026-08-27 17:22:45 UTC INFO    __workspace___hf__models__granite-3_0-8b-instruct/stage1: 485/1200 done, 2.5s/item, elapsed 20.0 min, VRAM peak 87.0%, ETA 2026-08-27 17:52:14 UTC (in 29.5 min)
2026-08-27 17:22:55 UTC INFO    __workspace___hf__models__granite-3_0-8b-instruct/stage1: 490/1200 done, 2.5s/item, elapsed 20.2 min, VRAM peak 87.0%, ETA 2026-08-27 17:52:09 UTC (in 29.2 min)
2026-08-27 17:23:08 UTC INFO    __workspace___hf__models__granite-3_0-8b-instruct/stage1: 495/1200 done, 2.5s/item, elapsed 20.4 min, VRAM peak 87.0%, ETA 2026-08-27 17:52:09 UTC (in 29.0 min)
2026-08-27 17:23:20 UTC INFO    __workspace___hf__models__granite-3_0-8b-instruct/stage1: 500/1200 done, 2.5s/item, elapsed 20.6 min, VRAM peak 87.0%, ETA 2026-08-27 17:52:10 UTC (in 28.8 min)
2026-08-27 17:23:33 UTC INFO    __workspace___hf__models__granite-3_0-8b-instruct/stage1: 505/1200 done, 2.5s/item, elapsed 20.8 min, VRAM peak 87.0%, ETA 2026-08-27 17:52:11 UTC (in 28.6 min)
2026-08-27 17:23:47 UTC INFO    __workspace___hf__models__granite-3_0-8b-instruct/stage1: 510/1200 done, 2.5s/item, elapsed 21.0 min, VRAM peak 87.0%, ETA 2026-08-27 17:52:13 UTC (in 28.4 min)
2026-08-27 17:23:57 UTC INFO    __workspace___hf__models__granite-3_0-8b-instruct/stage1: 515/1200 done, 2.5s/item, elapsed 21.2 min, VRAM peak 87.0%, ETA 2026-08-27 17:52:09 UTC (in 28.2 min)
2026-08-27 17:24:13 UTC INFO    __workspace___hf__models__granite-3_0-8b-instruct/stage1: 520/1200 done, 2.5s/item, elapsed 21.5 min, VRAM peak 87.0%, ETA 2026-08-27 17:52:18 UTC (in 28.1 min)
2026-08-27 17:24:24 UTC INFO    __workspace___hf__models__granite-3_0-8b-instruct/stage1: 525/1200 done, 2.5s/item, elapsed 21.6 min, VRAM peak 87.0%, ETA 2026-08-27 17:52:14 UTC (in 27.8 min)
2026-08-27 17:24:37 UTC INFO    __workspace___hf__models__granite-3_0-8b-instruct/stage1: 530/1200 done, 2.5s/item, elapsed 21.9 min, VRAM peak 87.0%, ETA 2026-08-27 17:52:15 UTC (in 27.6 min)
2026-08-27 17:24:49 UTC INFO    __workspace___hf__models__granite-3_0-8b-instruct/stage1: 535/1200 done, 2.5s/item, elapsed 22.1 min, VRAM peak 87.0%, ETA 2026-08-27 17:52:16 UTC (in 27.4 min)
2026-08-27 17:25:04 UTC INFO    __workspace___hf__models__granite-3_0-8b-instruct/stage1: 540/1200 done, 2.5s/item, elapsed 22.3 min, VRAM peak 87.0%, ETA 2026-08-27 17:52:21 UTC (in 27.3 min)
2026-08-27 17:25:20 UTC INFO    __workspace___hf__models__granite-3_0-8b-instruct/stage1: 545/1200 done, 2.5s/item, elapsed 22.6 min, VRAM peak 87.0%, ETA 2026-08-27 17:52:29 UTC (in 27.1 min)
2026-08-27 17:25:34 UTC INFO    __workspace___hf__models__granite-3_0-8b-instruct/stage1: 550/1200 done, 2.5s/item, elapsed 22.8 min, VRAM peak 87.0%, ETA 2026-08-27 17:52:32 UTC (in 27.0 min)
2026-08-27 17:25:45 UTC INFO    __workspace___hf__models__granite-3_0-8b-instruct/stage1: 555/1200 done, 2.5s/item, elapsed 23.0 min, VRAM peak 87.0%, ETA 2026-08-27 17:52:29 UTC (in 26.7 min)
2026-08-27 17:25:57 UTC INFO    __workspace___hf__models__granite-3_0-8b-instruct/stage1: 560/1200 done, 2.5s/item, elapsed 23.2 min, VRAM peak 87.0%, ETA 2026-08-27 17:52:28 UTC (in 26.5 min)
2026-08-27 17:26:08 UTC INFO    __workspace___hf__models__granite-3_0-8b-instruct/stage1: 565/1200 done, 2.5s/item, elapsed 23.4 min, VRAM peak 87.0%, ETA 2026-08-27 17:52:24 UTC (in 26.3 min)
2026-08-27 17:26:20 UTC INFO    __workspace___hf__models__granite-3_0-8b-instruct/stage1: 570/1200 done, 2.5s/item, elapsed 23.6 min, VRAM peak 87.0%, ETA 2026-08-27 17:52:24 UTC (in 26.1 min)
2026-08-27 17:26:31 UTC INFO    __workspace___hf__models__granite-3_0-8b-instruct/stage1: 575/1200 done, 2.5s/item, elapsed 23.8 min, VRAM peak 87.0%, ETA 2026-08-27 17:52:22 UTC (in 25.8 min)
2026-08-27 17:26:43 UTC INFO    __workspace___hf__models__granite-3_0-8b-instruct/stage1: 580/1200 done, 2.5s/item, elapsed 24.0 min, VRAM peak 87.0%, ETA 2026-08-27 17:52:21 UTC (in 25.6 min)
2026-08-27 17:26:56 UTC INFO    __workspace___hf__models__granite-3_0-8b-instruct/stage1: 585/1200 done, 2.5s/item, elapsed 24.2 min, VRAM peak 87.0%, ETA 2026-08-27 17:52:22 UTC (in 25.4 min)
2026-08-27 17:27:10 UTC INFO    __workspace___hf__models__granite-3_0-8b-instruct/stage1: 590/1200 done, 2.5s/item, elapsed 24.4 min, VRAM peak 87.0%, ETA 2026-08-27 17:52:26 UTC (in 25.3 min)
2026-08-27 17:27:22 UTC INFO    __workspace___hf__models__granite-3_0-8b-instruct/stage1: 595/1200 done, 2.5s/item, elapsed 24.6 min, VRAM peak 87.0%, ETA 2026-08-27 17:52:24 UTC (in 25.0 min)
2026-08-27 17:27:34 UTC INFO    __workspace___hf__models__granite-3_0-8b-instruct/stage1: 600/1200 done, 2.5s/item, elapsed 24.8 min, VRAM peak 87.0%, ETA 2026-08-27 17:52:23 UTC (in 24.8 min)
2026-08-27 17:27:46 UTC INFO    __workspace___hf__models__granite-3_0-8b-instruct/stage1: 605/1200 done, 2.5s/item, elapsed 25.0 min, VRAM peak 87.0%, ETA 2026-08-27 17:52:22 UTC (in 24.6 min)
2026-08-27 17:27:59 UTC INFO    __workspace___hf__models__granite-3_0-8b-instruct/stage1: 610/1200 done, 2.5s/item, elapsed 25.2 min, VRAM peak 87.0%, ETA 2026-08-27 17:52:24 UTC (in 24.4 min)
2026-08-27 17:28:08 UTC INFO    __workspace___hf__models__granite-3_0-8b-instruct/stage1: 615/1200 done, 2.5s/item, elapsed 25.4 min, VRAM peak 87.0%, ETA 2026-08-27 17:52:18 UTC (in 24.2 min)
2026-08-27 17:28:21 UTC INFO    __workspace___hf__models__granite-3_0-8b-instruct/stage1: 620/1200 done, 2.5s/item, elapsed 25.6 min, VRAM peak 87.0%, ETA 2026-08-27 17:52:17 UTC (in 23.9 min)
2026-08-27 17:28:32 UTC INFO    __workspace___hf__models__granite-3_0-8b-instruct/stage1: 625/1200 done, 2.5s/item, elapsed 25.8 min, VRAM peak 87.0%, ETA 2026-08-27 17:52:16 UTC (in 23.7 min)
2026-08-27 17:28:44 UTC INFO    __workspace___hf__models__granite-3_0-8b-instruct/stage1: 630/1200 done, 2.5s/item, elapsed 26.0 min, VRAM peak 87.0%, ETA 2026-08-27 17:52:14 UTC (in 23.5 min)
2026-08-27 17:28:56 UTC INFO    __workspace___hf__models__granite-3_0-8b-instruct/stage1: 635/1200 done, 2.5s/item, elapsed 26.2 min, VRAM peak 87.0%, ETA 2026-08-27 17:52:14 UTC (in 23.3 min)
2026-08-27 17:29:10 UTC INFO    __workspace___hf__models__granite-3_0-8b-instruct/stage1: 640/1200 done, 2.5s/item, elapsed 26.4 min, VRAM peak 87.0%, ETA 2026-08-27 17:52:18 UTC (in 23.1 min)
2026-08-27 17:29:24 UTC INFO    __workspace___hf__models__granite-3_0-8b-instruct/stage1: 645/1200 done, 2.5s/item, elapsed 26.6 min, VRAM peak 87.0%, ETA 2026-08-27 17:52:19 UTC (in 22.9 min)
2026-08-27 17:29:36 UTC INFO    __workspace___hf__models__granite-3_0-8b-instruct/stage1: 650/1200 done, 2.5s/item, elapsed 26.8 min, VRAM peak 87.0%, ETA 2026-08-27 17:52:19 UTC (in 22.7 min)
2026-08-27 17:29:50 UTC INFO    __workspace___hf__models__granite-3_0-8b-instruct/stage1: 655/1200 done, 2.5s/item, elapsed 27.1 min, VRAM peak 87.0%, ETA 2026-08-27 17:52:21 UTC (in 22.5 min)
2026-08-27 17:30:02 UTC INFO    __workspace___hf__models__granite-3_0-8b-instruct/stage1: 660/1200 done, 2.5s/item, elapsed 27.3 min, VRAM peak 87.0%, ETA 2026-08-27 17:52:22 UTC (in 22.3 min)
2026-08-27 17:30:14 UTC INFO    __workspace___hf__models__granite-3_0-8b-instruct/stage1: 665/1200 done, 2.5s/item, elapsed 27.5 min, VRAM peak 87.0%, ETA 2026-08-27 17:52:21 UTC (in 22.1 min)
2026-08-27 17:30:26 UTC INFO    __workspace___hf__models__granite-3_0-8b-instruct/stage1: 670/1200 done, 2.5s/item, elapsed 27.7 min, VRAM peak 87.0%, ETA 2026-08-27 17:52:20 UTC (in 21.9 min)
2026-08-27 17:30:38 UTC INFO    __workspace___hf__models__granite-3_0-8b-instruct/stage1: 675/1200 done, 2.5s/item, elapsed 27.9 min, VRAM peak 87.0%, ETA 2026-08-27 17:52:19 UTC (in 21.7 min)
2026-08-27 17:30:49 UTC INFO    __workspace___hf__models__granite-3_0-8b-instruct/stage1: 680/1200 done, 2.5s/item, elapsed 28.1 min, VRAM peak 87.0%, ETA 2026-08-27 17:52:16 UTC (in 21.5 min)
2026-08-27 17:30:58 UTC INFO    __workspace___hf__models__granite-3_0-8b-instruct/stage1: 685/1200 done, 2.5s/item, elapsed 28.2 min, VRAM peak 87.0%, ETA 2026-08-27 17:52:11 UTC (in 21.2 min)
2026-08-27 17:31:09 UTC INFO    __workspace___hf__models__granite-3_0-8b-instruct/stage1: 690/1200 done, 2.5s/item, elapsed 28.4 min, VRAM peak 87.0%, ETA 2026-08-27 17:52:08 UTC (in 21.0 min)
2026-08-27 17:31:23 UTC INFO    __workspace___hf__models__granite-3_0-8b-instruct/stage1: 695/1200 done, 2.5s/item, elapsed 28.6 min, VRAM peak 87.0%, ETA 2026-08-27 17:52:11 UTC (in 20.8 min)
2026-08-27 17:31:34 UTC INFO    __workspace___hf__models__granite-3_0-8b-instruct/stage1: 700/1200 done, 2.5s/item, elapsed 28.8 min, VRAM peak 87.0%, ETA 2026-08-27 17:52:10 UTC (in 20.6 min)
2026-08-27 17:31:47 UTC INFO    __workspace___hf__models__granite-3_0-8b-instruct/stage1: 705/1200 done, 2.5s/item, elapsed 29.0 min, VRAM peak 87.0%, ETA 2026-08-27 17:52:10 UTC (in 20.4 min)
2026-08-27 17:32:00 UTC INFO    __workspace___hf__models__granite-3_0-8b-instruct/stage1: 710/1200 done, 2.5s/item, elapsed 29.3 min, VRAM peak 87.0%, ETA 2026-08-27 17:52:11 UTC (in 20.2 min)
2026-08-27 17:32:15 UTC INFO    __workspace___hf__models__granite-3_0-8b-instruct/stage1: 715/1200 done, 2.5s/item, elapsed 29.5 min, VRAM peak 87.0%, ETA 2026-08-27 17:52:15 UTC (in 20.0 min)
2026-08-27 17:32:27 UTC INFO    __workspace___hf__models__granite-3_0-8b-instruct/stage1: 720/1200 done, 2.5s/item, elapsed 29.7 min, VRAM peak 87.0%, ETA 2026-08-27 17:52:15 UTC (in 19.8 min)
2026-08-27 17:32:40 UTC INFO    __workspace___hf__models__granite-3_0-8b-instruct/stage1: 725/1200 done, 2.5s/item, elapsed 29.9 min, VRAM peak 87.0%, ETA 2026-08-27 17:52:16 UTC (in 19.6 min)
2026-08-27 17:32:51 UTC INFO    __workspace___hf__models__granite-3_0-8b-instruct/stage1: 730/1200 done, 2.5s/item, elapsed 30.1 min, VRAM peak 87.0%, ETA 2026-08-27 17:52:14 UTC (in 19.4 min)
2026-08-27 17:33:02 UTC INFO    __workspace___hf__models__granite-3_0-8b-instruct/stage1: 735/1200 done, 2.5s/item, elapsed 30.3 min, VRAM peak 87.0%, ETA 2026-08-27 17:52:11 UTC (in 19.2 min)
2026-08-27 17:33:14 UTC INFO    __workspace___hf__models__granite-3_0-8b-instruct/stage1: 740/1200 done, 2.5s/item, elapsed 30.5 min, VRAM peak 87.0%, ETA 2026-08-27 17:52:11 UTC (in 19.0 min)
2026-08-27 17:33:26 UTC INFO    __workspace___hf__models__granite-3_0-8b-instruct/stage1: 745/1200 done, 2.5s/item, elapsed 30.7 min, VRAM peak 87.0%, ETA 2026-08-27 17:52:10 UTC (in 18.7 min)
2026-08-27 17:33:42 UTC INFO    __workspace___hf__models__granite-3_0-8b-instruct/stage1: 750/1200 done, 2.5s/item, elapsed 31.0 min, VRAM peak 87.0%, ETA 2026-08-27 17:52:17 UTC (in 18.6 min)
2026-08-27 17:33:53 UTC INFO    __workspace___hf__models__granite-3_0-8b-instruct/stage1: 755/1200 done, 2.5s/item, elapsed 31.1 min, VRAM peak 87.0%, ETA 2026-08-27 17:52:15 UTC (in 18.4 min)
2026-08-27 17:34:04 UTC INFO    __workspace___hf__models__granite-3_0-8b-instruct/stage1: 760/1200 done, 2.5s/item, elapsed 31.3 min, VRAM peak 87.0%, ETA 2026-08-27 17:52:11 UTC (in 18.1 min)
2026-08-27 17:34:20 UTC INFO    __workspace___hf__models__granite-3_0-8b-instruct/stage1: 765/1200 done, 2.5s/item, elapsed 31.6 min, VRAM peak 87.0%, ETA 2026-08-27 17:52:18 UTC (in 18.0 min)
2026-08-27 17:34:30 UTC INFO    __workspace___hf__models__granite-3_0-8b-instruct/stage1: 770/1200 done, 2.5s/item, elapsed 31.7 min, VRAM peak 87.0%, ETA 2026-08-27 17:52:14 UTC (in 17.7 min)
2026-08-27 17:34:41 UTC INFO    __workspace___hf__models__granite-3_0-8b-instruct/stage1: 775/1200 done, 2.5s/item, elapsed 31.9 min, VRAM peak 87.0%, ETA 2026-08-27 17:52:13 UTC (in 17.5 min)
2026-08-27 17:34:52 UTC INFO    __workspace___hf__models__granite-3_0-8b-instruct/stage1: 780/1200 done, 2.5s/item, elapsed 32.1 min, VRAM peak 87.0%, ETA 2026-08-27 17:52:10 UTC (in 17.3 min)
2026-08-27 17:35:07 UTC INFO    __workspace___hf__models__granite-3_0-8b-instruct/stage1: 785/1200 done, 2.5s/item, elapsed 32.4 min, VRAM peak 87.0%, ETA 2026-08-27 17:52:14 UTC (in 17.1 min)
2026-08-27 17:35:17 UTC INFO    __workspace___hf__models__granite-3_0-8b-instruct/stage1: 790/1200 done, 2.5s/item, elapsed 32.5 min, VRAM peak 87.0%, ETA 2026-08-27 17:52:10 UTC (in 16.9 min)
2026-08-27 17:35:28 UTC INFO    __workspace___hf__models__granite-3_0-8b-instruct/stage1: 795/1200 done, 2.5s/item, elapsed 32.7 min, VRAM peak 87.0%, ETA 2026-08-27 17:52:07 UTC (in 16.7 min)
2026-08-27 17:35:41 UTC INFO    __workspace___hf__models__granite-3_0-8b-instruct/stage1: 800/1200 done, 2.5s/item, elapsed 32.9 min, VRAM peak 87.0%, ETA 2026-08-27 17:52:10 UTC (in 16.5 min)
2026-08-27 17:35:52 UTC INFO    __workspace___hf__models__granite-3_0-8b-instruct/stage1: 805/1200 done, 2.5s/item, elapsed 33.1 min, VRAM peak 87.0%, ETA 2026-08-27 17:52:07 UTC (in 16.3 min)
2026-08-27 17:36:03 UTC INFO    __workspace___hf__models__granite-3_0-8b-instruct/stage1: 810/1200 done, 2.5s/item, elapsed 33.3 min, VRAM peak 87.0%, ETA 2026-08-27 17:52:06 UTC (in 16.0 min)
2026-08-27 17:36:24 UTC INFO    __workspace___hf__models__granite-3_0-8b-instruct/stage1: 815/1200 done, 2.5s/item, elapsed 33.7 min, VRAM peak 87.0%, ETA 2026-08-27 17:52:18 UTC (in 15.9 min)
2026-08-27 17:36:39 UTC INFO    __workspace___hf__models__granite-3_0-8b-instruct/stage1: 820/1200 done, 2.5s/item, elapsed 33.9 min, VRAM peak 87.0%, ETA 2026-08-27 17:52:21 UTC (in 15.7 min)
2026-08-27 17:36:54 UTC INFO    __workspace___hf__models__granite-3_0-8b-instruct/stage1: 825/1200 done, 2.5s/item, elapsed 34.1 min, VRAM peak 87.0%, ETA 2026-08-27 17:52:25 UTC (in 15.5 min)
2026-08-27 17:37:05 UTC INFO    __workspace___hf__models__granite-3_0-8b-instruct/stage1: 830/1200 done, 2.5s/item, elapsed 34.3 min, VRAM peak 87.0%, ETA 2026-08-27 17:52:24 UTC (in 15.3 min)
2026-08-27 17:37:14 UTC INFO    __workspace___hf__models__granite-3_0-8b-instruct/stage1: 835/1200 done, 2.5s/item, elapsed 34.5 min, VRAM peak 87.0%, ETA 2026-08-27 17:52:19 UTC (in 15.1 min)
2026-08-27 17:37:26 UTC INFO    __workspace___hf__models__granite-3_0-8b-instruct/stage1: 840/1200 done, 2.5s/item, elapsed 34.7 min, VRAM peak 87.0%, ETA 2026-08-27 17:52:18 UTC (in 14.9 min)
2026-08-27 17:37:41 UTC INFO    __workspace___hf__models__granite-3_0-8b-instruct/stage1: 845/1200 done, 2.5s/item, elapsed 34.9 min, VRAM peak 87.0%, ETA 2026-08-27 17:52:22 UTC (in 14.7 min)
2026-08-27 17:37:53 UTC INFO    __workspace___hf__models__granite-3_0-8b-instruct/stage1: 850/1200 done, 2.5s/item, elapsed 35.1 min, VRAM peak 87.0%, ETA 2026-08-27 17:52:21 UTC (in 14.5 min)
2026-08-27 17:38:04 UTC INFO    __workspace___hf__models__granite-3_0-8b-instruct/stage1: 855/1200 done, 2.5s/item, elapsed 35.3 min, VRAM peak 87.0%, ETA 2026-08-27 17:52:18 UTC (in 14.2 min)
2026-08-27 17:38:17 UTC INFO    __workspace___hf__models__granite-3_0-8b-instruct/stage1: 860/1200 done, 2.5s/item, elapsed 35.5 min, VRAM peak 87.0%, ETA 2026-08-27 17:52:20 UTC (in 14.0 min)
2026-08-27 17:38:28 UTC INFO    __workspace___hf__models__granite-3_0-8b-instruct/stage1: 865/1200 done, 2.5s/item, elapsed 35.7 min, VRAM peak 87.0%, ETA 2026-08-27 17:52:18 UTC (in 13.8 min)
2026-08-27 17:38:44 UTC INFO    __workspace___hf__models__granite-3_0-8b-instruct/stage1: 870/1200 done, 2.5s/item, elapsed 36.0 min, VRAM peak 87.0%, ETA 2026-08-27 17:52:23 UTC (in 13.6 min)
2026-08-27 17:38:55 UTC INFO    __workspace___hf__models__granite-3_0-8b-instruct/stage1: 875/1200 done, 2.5s/item, elapsed 36.2 min, VRAM peak 87.0%, ETA 2026-08-27 17:52:21 UTC (in 13.4 min)
2026-08-27 17:39:04 UTC INFO    __workspace___hf__models__granite-3_0-8b-instruct/stage1: 880/1200 done, 2.5s/item, elapsed 36.3 min, VRAM peak 87.0%, ETA 2026-08-27 17:52:17 UTC (in 13.2 min)
2026-08-27 17:39:19 UTC INFO    __workspace___hf__models__granite-3_0-8b-instruct/stage1: 885/1200 done, 2.5s/item, elapsed 36.6 min, VRAM peak 87.0%, ETA 2026-08-27 17:52:19 UTC (in 13.0 min)
2026-08-27 17:39:30 UTC INFO    __workspace___hf__models__granite-3_0-8b-instruct/stage1: 890/1200 done, 2.5s/item, elapsed 36.8 min, VRAM peak 87.0%, ETA 2026-08-27 17:52:18 UTC (in 12.8 min)
2026-08-27 17:39:45 UTC INFO    __workspace___hf__models__granite-3_0-8b-instruct/stage1: 895/1200 done, 2.5s/item, elapsed 37.0 min, VRAM peak 87.0%, ETA 2026-08-27 17:52:21 UTC (in 12.6 min)
2026-08-27 17:40:00 UTC INFO    __workspace___hf__models__granite-3_0-8b-instruct/stage1: 900/1200 done, 2.5s/item, elapsed 37.2 min, VRAM peak 87.0%, ETA 2026-08-27 17:52:24 UTC (in 12.4 min)
2026-08-27 17:40:11 UTC INFO    __workspace___hf__models__granite-3_0-8b-instruct/stage1: 905/1200 done, 2.5s/item, elapsed 37.4 min, VRAM peak 87.0%, ETA 2026-08-27 17:52:24 UTC (in 12.2 min)
2026-08-27 17:40:22 UTC INFO    __workspace___hf__models__granite-3_0-8b-instruct/stage1: 910/1200 done, 2.5s/item, elapsed 37.6 min, VRAM peak 87.0%, ETA 2026-08-27 17:52:22 UTC (in 12.0 min)
2026-08-27 17:40:33 UTC INFO    __workspace___hf__models__granite-3_0-8b-instruct/stage1: 915/1200 done, 2.5s/item, elapsed 37.8 min, VRAM peak 87.0%, ETA 2026-08-27 17:52:20 UTC (in 11.8 min)
2026-08-27 17:40:47 UTC INFO    __workspace___hf__models__granite-3_0-8b-instruct/stage1: 920/1200 done, 2.5s/item, elapsed 38.0 min, VRAM peak 87.0%, ETA 2026-08-27 17:52:22 UTC (in 11.6 min)
2026-08-27 17:40:59 UTC INFO    __workspace___hf__models__granite-3_0-8b-instruct/stage1: 925/1200 done, 2.5s/item, elapsed 38.2 min, VRAM peak 87.0%, ETA 2026-08-27 17:52:21 UTC (in 11.4 min)
2026-08-27 17:41:17 UTC INFO    __workspace___hf__models__granite-3_0-8b-instruct/stage1: 930/1200 done, 2.5s/item, elapsed 38.5 min, VRAM peak 87.0%, ETA 2026-08-27 17:52:28 UTC (in 11.2 min)
2026-08-27 17:41:27 UTC INFO    __workspace___hf__models__granite-3_0-8b-instruct/stage1: 935/1200 done, 2.5s/item, elapsed 38.7 min, VRAM peak 87.0%, ETA 2026-08-27 17:52:26 UTC (in 11.0 min)
2026-08-27 17:41:41 UTC INFO    __workspace___hf__models__granite-3_0-8b-instruct/stage1: 940/1200 done, 2.5s/item, elapsed 38.9 min, VRAM peak 87.0%, ETA 2026-08-27 17:52:27 UTC (in 10.8 min)
2026-08-27 17:41:51 UTC INFO    __workspace___hf__models__granite-3_0-8b-instruct/stage1: 945/1200 done, 2.5s/item, elapsed 39.1 min, VRAM peak 87.0%, ETA 2026-08-27 17:52:24 UTC (in 10.6 min)
2026-08-27 17:42:02 UTC INFO    __workspace___hf__models__granite-3_0-8b-instruct/stage1: 950/1200 done, 2.5s/item, elapsed 39.3 min, VRAM peak 87.0%, ETA 2026-08-27 17:52:22 UTC (in 10.3 min)
2026-08-27 17:42:12 UTC INFO    __workspace___hf__models__granite-3_0-8b-instruct/stage1: 955/1200 done, 2.5s/item, elapsed 39.4 min, VRAM peak 87.0%, ETA 2026-08-27 17:52:19 UTC (in 10.1 min)
2026-08-27 17:42:23 UTC INFO    __workspace___hf__models__granite-3_0-8b-instruct/stage1: 960/1200 done, 2.5s/item, elapsed 39.6 min, VRAM peak 87.0%, ETA 2026-08-27 17:52:17 UTC (in 9.9 min)
2026-08-27 17:42:33 UTC INFO    __workspace___hf__models__granite-3_0-8b-instruct/stage1: 965/1200 done, 2.5s/item, elapsed 39.8 min, VRAM peak 87.0%, ETA 2026-08-27 17:52:14 UTC (in 9.7 min)
2026-08-27 17:42:43 UTC INFO    __workspace___hf__models__granite-3_0-8b-instruct/stage1: 970/1200 done, 2.5s/item, elapsed 40.0 min, VRAM peak 87.0%, ETA 2026-08-27 17:52:11 UTC (in 9.5 min)
2026-08-27 17:42:59 UTC INFO    __workspace___hf__models__granite-3_0-8b-instruct/stage1: 975/1200 done, 2.5s/item, elapsed 40.2 min, VRAM peak 87.0%, ETA 2026-08-27 17:52:16 UTC (in 9.3 min)
2026-08-27 17:43:10 UTC INFO    __workspace___hf__models__granite-3_0-8b-instruct/stage1: 980/1200 done, 2.5s/item, elapsed 40.4 min, VRAM peak 87.0%, ETA 2026-08-27 17:52:15 UTC (in 9.1 min)
2026-08-27 17:43:26 UTC INFO    __workspace___hf__models__granite-3_0-8b-instruct/stage1: 985/1200 done, 2.5s/item, elapsed 40.7 min, VRAM peak 87.0%, ETA 2026-08-27 17:52:19 UTC (in 8.9 min)
2026-08-27 17:43:38 UTC INFO    __workspace___hf__models__granite-3_0-8b-instruct/stage1: 990/1200 done, 2.5s/item, elapsed 40.9 min, VRAM peak 87.0%, ETA 2026-08-27 17:52:18 UTC (in 8.7 min)
2026-08-27 17:43:49 UTC INFO    __workspace___hf__models__granite-3_0-8b-instruct/stage1: 995/1200 done, 2.5s/item, elapsed 41.1 min, VRAM peak 87.0%, ETA 2026-08-27 17:52:16 UTC (in 8.5 min)
2026-08-27 17:44:00 UTC INFO    __workspace___hf__models__granite-3_0-8b-instruct/stage1: 1000/1200 done, 2.5s/item, elapsed 41.3 min, VRAM peak 87.0%, ETA 2026-08-27 17:52:15 UTC (in 8.3 min)
2026-08-27 17:44:13 UTC INFO    __workspace___hf__models__granite-3_0-8b-instruct/stage1: 1005/1200 done, 2.5s/item, elapsed 41.5 min, VRAM peak 87.0%, ETA 2026-08-27 17:52:16 UTC (in 8.0 min)
2026-08-27 17:44:28 UTC INFO    __workspace___hf__models__granite-3_0-8b-instruct/stage1: 1010/1200 done, 2.5s/item, elapsed 41.7 min, VRAM peak 87.0%, ETA 2026-08-27 17:52:18 UTC (in 7.8 min)
2026-08-27 17:44:39 UTC INFO    __workspace___hf__models__granite-3_0-8b-instruct/stage1: 1015/1200 done, 2.5s/item, elapsed 41.9 min, VRAM peak 87.0%, ETA 2026-08-27 17:52:17 UTC (in 7.6 min)
2026-08-27 17:44:53 UTC INFO    __workspace___hf__models__granite-3_0-8b-instruct/stage1: 1020/1200 done, 2.5s/item, elapsed 42.1 min, VRAM peak 87.0%, ETA 2026-08-27 17:52:19 UTC (in 7.4 min)
2026-08-27 17:45:05 UTC INFO    __workspace___hf__models__granite-3_0-8b-instruct/stage1: 1025/1200 done, 2.5s/item, elapsed 42.3 min, VRAM peak 87.0%, ETA 2026-08-27 17:52:19 UTC (in 7.2 min)
2026-08-27 17:45:19 UTC INFO    __workspace___hf__models__granite-3_0-8b-instruct/stage1: 1030/1200 done, 2.5s/item, elapsed 42.6 min, VRAM peak 87.0%, ETA 2026-08-27 17:52:20 UTC (in 7.0 min)
2026-08-27 17:45:34 UTC INFO    __workspace___hf__models__granite-3_0-8b-instruct/stage1: 1035/1200 done, 2.5s/item, elapsed 42.8 min, VRAM peak 87.0%, ETA 2026-08-27 17:52:23 UTC (in 6.8 min)
2026-08-27 17:45:45 UTC INFO    __workspace___hf__models__granite-3_0-8b-instruct/stage1: 1040/1200 done, 2.5s/item, elapsed 43.0 min, VRAM peak 87.0%, ETA 2026-08-27 17:52:22 UTC (in 6.6 min)
2026-08-27 17:45:59 UTC INFO    __workspace___hf__models__granite-3_0-8b-instruct/stage1: 1045/1200 done, 2.5s/item, elapsed 43.2 min, VRAM peak 87.0%, ETA 2026-08-27 17:52:23 UTC (in 6.4 min)
2026-08-27 17:46:14 UTC INFO    __workspace___hf__models__granite-3_0-8b-instruct/stage1: 1050/1200 done, 2.5s/item, elapsed 43.5 min, VRAM peak 87.0%, ETA 2026-08-27 17:52:27 UTC (in 6.2 min)
2026-08-27 17:46:27 UTC INFO    __workspace___hf__models__granite-3_0-8b-instruct/stage1: 1055/1200 done, 2.5s/item, elapsed 43.7 min, VRAM peak 87.0%, ETA 2026-08-27 17:52:27 UTC (in 6.0 min)
2026-08-27 17:46:41 UTC INFO    __workspace___hf__models__granite-3_0-8b-instruct/stage1: 1060/1200 done, 2.5s/item, elapsed 43.9 min, VRAM peak 87.0%, ETA 2026-08-27 17:52:29 UTC (in 5.8 min)
2026-08-27 17:46:53 UTC INFO    __workspace___hf__models__granite-3_0-8b-instruct/stage1: 1065/1200 done, 2.5s/item, elapsed 44.1 min, VRAM peak 87.0%, ETA 2026-08-27 17:52:29 UTC (in 5.6 min)
2026-08-27 17:47:04 UTC INFO    __workspace___hf__models__granite-3_0-8b-instruct/stage1: 1070/1200 done, 2.5s/item, elapsed 44.3 min, VRAM peak 87.0%, ETA 2026-08-27 17:52:27 UTC (in 5.4 min)
2026-08-27 17:47:14 UTC INFO    __workspace___hf__models__granite-3_0-8b-instruct/stage1: 1075/1200 done, 2.5s/item, elapsed 44.5 min, VRAM peak 87.0%, ETA 2026-08-27 17:52:25 UTC (in 5.2 min)
2026-08-27 17:47:25 UTC INFO    __workspace___hf__models__granite-3_0-8b-instruct/stage1: 1080/1200 done, 2.5s/item, elapsed 44.7 min, VRAM peak 87.0%, ETA 2026-08-27 17:52:22 UTC (in 5.0 min)
2026-08-27 17:47:37 UTC INFO    __workspace___hf__models__granite-3_0-8b-instruct/stage1: 1085/1200 done, 2.5s/item, elapsed 44.9 min, VRAM peak 87.0%, ETA 2026-08-27 17:52:23 UTC (in 4.8 min)
2026-08-27 17:47:47 UTC WARNING __workspace___hf__models__granite-3_0-8b-instruct/stage1: aborting -- over its 45-minute wall-clock budget
2026-08-27 17:47:47 UTC INFO    GPU ledger: +2702.2s for __workspace___hf__models__granite-3_0-8b-instruct/stage1, cumulative 74308.9s (20.64 h, 76.4% of the 27 h allowance)
2026-08-27 17:47:47 UTC INFO    /workspace/.hf/models/granite-3.0-8b-instruct stage1: {"items": 1088, "unreadable_choice": 5, "usable": 159, "abort_reason": "over its 45-minute wall-clock budget", "elapsed_min": 45.04, "vram_peak_pct": 87.0}
2026-08-27 17:47:53 UTC INFO    /workspace/.hf/models/granite-3.0-8b-instruct stage2: {"attempted": 159, "built": 52, "dropped": 107, "search_cap_hit": 103}
2026-08-27 17:48:05 UTC INFO    __workspace___hf__models__granite-3_0-8b-instruct/stage3: 10/520 done, 1.2s/item, elapsed 0.2 min, VRAM peak 87.0%, ETA 2026-08-27 17:58:41 UTC (in 10.6 min)
2026-08-27 17:48:21 UTC INFO    __workspace___hf__models__granite-3_0-8b-instruct/stage3: 20/520 done, 1.4s/item, elapsed 0.5 min, VRAM peak 87.0%, ETA 2026-08-27 17:59:55 UTC (in 11.6 min)
2026-08-27 17:48:39 UTC INFO    __workspace___hf__models__granite-3_0-8b-instruct/stage3: 30/520 done, 1.5s/item, elapsed 0.8 min, VRAM peak 87.0%, ETA 2026-08-27 18:01:05 UTC (in 12.4 min)
2026-08-27 17:48:52 UTC INFO    __workspace___hf__models__granite-3_0-8b-instruct/stage3: 40/520 done, 1.5s/item, elapsed 1.0 min, VRAM peak 87.0%, ETA 2026-08-27 18:00:35 UTC (in 11.7 min)
2026-08-27 17:49:03 UTC INFO    __workspace___hf__models__granite-3_0-8b-instruct/stage3: 50/520 done, 1.4s/item, elapsed 1.2 min, VRAM peak 87.0%, ETA 2026-08-27 18:00:00 UTC (in 11.0 min)
2026-08-27 17:49:16 UTC INFO    __workspace___hf__models__granite-3_0-8b-instruct/stage3: 60/520 done, 1.4s/item, elapsed 1.4 min, VRAM peak 87.0%, ETA 2026-08-27 17:59:50 UTC (in 10.6 min)
2026-08-27 17:49:33 UTC INFO    __workspace___hf__models__granite-3_0-8b-instruct/stage3: 70/520 done, 1.4s/item, elapsed 1.7 min, VRAM peak 87.0%, ETA 2026-08-27 18:00:15 UTC (in 10.7 min)
2026-08-27 17:49:51 UTC INFO    __workspace___hf__models__granite-3_0-8b-instruct/stage3: 80/520 done, 1.5s/item, elapsed 2.0 min, VRAM peak 87.0%, ETA 2026-08-27 18:00:41 UTC (in 10.8 min)
2026-08-27 17:50:04 UTC INFO    __workspace___hf__models__granite-3_0-8b-instruct/stage3: 90/520 done, 1.5s/item, elapsed 2.2 min, VRAM peak 87.0%, ETA 2026-08-27 18:00:30 UTC (in 10.4 min)
2026-08-27 17:50:20 UTC INFO    __workspace___hf__models__granite-3_0-8b-instruct/stage3: 100/520 done, 1.5s/item, elapsed 2.4 min, VRAM peak 87.0%, ETA 2026-08-27 18:00:36 UTC (in 10.3 min)
2026-08-27 17:50:31 UTC INFO    __workspace___hf__models__granite-3_0-8b-instruct/stage3: 110/520 done, 1.4s/item, elapsed 2.6 min, VRAM peak 87.0%, ETA 2026-08-27 18:00:21 UTC (in 9.8 min)
2026-08-27 17:50:46 UTC INFO    __workspace___hf__models__granite-3_0-8b-instruct/stage3: 120/520 done, 1.4s/item, elapsed 2.9 min, VRAM peak 87.0%, ETA 2026-08-27 18:00:22 UTC (in 9.6 min)
2026-08-27 17:50:59 UTC INFO    __workspace___hf__models__granite-3_0-8b-instruct/stage3: 130/520 done, 1.4s/item, elapsed 3.1 min, VRAM peak 87.0%, ETA 2026-08-27 18:00:15 UTC (in 9.3 min)
2026-08-27 17:51:13 UTC INFO    __workspace___hf__models__granite-3_0-8b-instruct/stage3: 140/520 done, 1.4s/item, elapsed 3.3 min, VRAM peak 87.0%, ETA 2026-08-27 18:00:17 UTC (in 9.1 min)
2026-08-27 17:51:24 UTC INFO    __workspace___hf__models__granite-3_0-8b-instruct/stage3: 150/520 done, 1.4s/item, elapsed 3.5 min, VRAM peak 87.0%, ETA 2026-08-27 18:00:06 UTC (in 8.7 min)
2026-08-27 17:51:55 UTC INFO    __workspace___hf__models__granite-3_0-8b-instruct/stage3: 160/520 done, 1.5s/item, elapsed 4.0 min, VRAM peak 87.0%, ETA 2026-08-27 18:00:59 UTC (in 9.1 min)
2026-08-27 17:52:10 UTC INFO    __workspace___hf__models__granite-3_0-8b-instruct/stage3: 170/520 done, 1.5s/item, elapsed 4.3 min, VRAM peak 87.0%, ETA 2026-08-27 18:01:00 UTC (in 8.8 min)
2026-08-27 17:52:27 UTC INFO    __workspace___hf__models__granite-3_0-8b-instruct/stage3: 180/520 done, 1.5s/item, elapsed 4.6 min, VRAM peak 87.0%, ETA 2026-08-27 18:01:06 UTC (in 8.6 min)
2026-08-27 17:52:45 UTC INFO    __workspace___hf__models__granite-3_0-8b-instruct/stage3: 190/520 done, 1.5s/item, elapsed 4.9 min, VRAM peak 87.0%, ETA 2026-08-27 18:01:14 UTC (in 8.5 min)
2026-08-27 17:53:04 UTC INFO    __workspace___hf__models__granite-3_0-8b-instruct/stage3: 200/520 done, 1.6s/item, elapsed 5.2 min, VRAM peak 87.0%, ETA 2026-08-27 18:01:21 UTC (in 8.3 min)
2026-08-27 17:53:14 UTC INFO    __workspace___hf__models__granite-3_0-8b-instruct/stage3: 210/520 done, 1.5s/item, elapsed 5.3 min, VRAM peak 87.0%, ETA 2026-08-27 18:01:08 UTC (in 7.9 min)
2026-08-27 17:53:33 UTC INFO    __workspace___hf__models__granite-3_0-8b-instruct/stage3: 220/520 done, 1.5s/item, elapsed 5.7 min, VRAM peak 87.0%, ETA 2026-08-27 18:01:17 UTC (in 7.7 min)
2026-08-27 17:53:48 UTC INFO    __workspace___hf__models__granite-3_0-8b-instruct/stage3: 230/520 done, 1.5s/item, elapsed 5.9 min, VRAM peak 87.0%, ETA 2026-08-27 18:01:15 UTC (in 7.5 min)
2026-08-27 17:54:04 UTC INFO    __workspace___hf__models__granite-3_0-8b-instruct/stage3: 240/520 done, 1.5s/item, elapsed 6.2 min, VRAM peak 87.0%, ETA 2026-08-27 18:01:18 UTC (in 7.2 min)
2026-08-27 17:54:18 UTC INFO    __workspace___hf__models__granite-3_0-8b-instruct/stage3: 250/520 done, 1.5s/item, elapsed 6.4 min, VRAM peak 87.0%, ETA 2026-08-27 18:01:13 UTC (in 6.9 min)
2026-08-27 17:54:30 UTC INFO    __workspace___hf__models__granite-3_0-8b-instruct/stage3: 260/520 done, 1.5s/item, elapsed 6.6 min, VRAM peak 87.0%, ETA 2026-08-27 18:01:06 UTC (in 6.6 min)
2026-08-27 17:54:44 UTC INFO    __workspace___hf__models__granite-3_0-8b-instruct/stage3: 270/520 done, 1.5s/item, elapsed 6.8 min, VRAM peak 87.0%, ETA 2026-08-27 18:01:04 UTC (in 6.3 min)
2026-08-27 17:55:04 UTC INFO    __workspace___hf__models__granite-3_0-8b-instruct/stage3: 280/520 done, 1.5s/item, elapsed 7.2 min, VRAM peak 87.0%, ETA 2026-08-27 18:01:14 UTC (in 6.2 min)
2026-08-27 17:55:19 UTC INFO    __workspace___hf__models__granite-3_0-8b-instruct/stage3: 290/520 done, 1.5s/item, elapsed 7.4 min, VRAM peak 87.0%, ETA 2026-08-27 18:01:12 UTC (in 5.9 min)
2026-08-27 17:55:34 UTC INFO    __workspace___hf__models__granite-3_0-8b-instruct/stage3: 300/520 done, 1.5s/item, elapsed 7.7 min, VRAM peak 87.0%, ETA 2026-08-27 18:01:12 UTC (in 5.6 min)
2026-08-27 17:55:46 UTC INFO    __workspace___hf__models__granite-3_0-8b-instruct/stage3: 310/520 done, 1.5s/item, elapsed 7.9 min, VRAM peak 87.0%, ETA 2026-08-27 18:01:07 UTC (in 5.3 min)
2026-08-27 17:56:01 UTC INFO    __workspace___hf__models__granite-3_0-8b-instruct/stage3: 320/520 done, 1.5s/item, elapsed 8.1 min, VRAM peak 87.0%, ETA 2026-08-27 18:01:06 UTC (in 5.1 min)
2026-08-27 17:56:10 UTC INFO    __workspace___hf__models__granite-3_0-8b-instruct/stage3: 330/520 done, 1.5s/item, elapsed 8.3 min, VRAM peak 87.0%, ETA 2026-08-27 18:00:56 UTC (in 4.8 min)
2026-08-27 17:56:22 UTC INFO    __workspace___hf__models__granite-3_0-8b-instruct/stage3: 340/520 done, 1.5s/item, elapsed 8.5 min, VRAM peak 87.0%, ETA 2026-08-27 18:00:52 UTC (in 4.5 min)
2026-08-27 17:56:34 UTC INFO    __workspace___hf__models__granite-3_0-8b-instruct/stage3: 350/520 done, 1.5s/item, elapsed 8.7 min, VRAM peak 87.0%, ETA 2026-08-27 18:00:48 UTC (in 4.2 min)
2026-08-27 17:56:44 UTC INFO    __workspace___hf__models__granite-3_0-8b-instruct/stage3: 360/520 done, 1.5s/item, elapsed 8.8 min, VRAM peak 87.0%, ETA 2026-08-27 18:00:39 UTC (in 3.9 min)
2026-08-27 17:56:56 UTC INFO    __workspace___hf__models__granite-3_0-8b-instruct/stage3: 370/520 done, 1.5s/item, elapsed 9.1 min, VRAM peak 87.0%, ETA 2026-08-27 18:00:37 UTC (in 3.7 min)
2026-08-27 17:57:07 UTC INFO    __workspace___hf__models__granite-3_0-8b-instruct/stage3: 380/520 done, 1.5s/item, elapsed 9.2 min, VRAM peak 87.0%, ETA 2026-08-27 18:00:32 UTC (in 3.4 min)
2026-08-27 17:57:19 UTC INFO    __workspace___hf__models__granite-3_0-8b-instruct/stage3: 390/520 done, 1.5s/item, elapsed 9.4 min, VRAM peak 87.0%, ETA 2026-08-27 18:00:28 UTC (in 3.1 min)
2026-08-27 17:57:31 UTC INFO    __workspace___hf__models__granite-3_0-8b-instruct/stage3: 400/520 done, 1.4s/item, elapsed 9.6 min, VRAM peak 87.0%, ETA 2026-08-27 18:00:25 UTC (in 2.9 min)
2026-08-27 17:57:46 UTC INFO    __workspace___hf__models__granite-3_0-8b-instruct/stage3: 410/520 done, 1.4s/item, elapsed 9.9 min, VRAM peak 87.0%, ETA 2026-08-27 18:00:25 UTC (in 2.7 min)
2026-08-27 17:57:58 UTC INFO    __workspace___hf__models__granite-3_0-8b-instruct/stage3: 420/520 done, 1.4s/item, elapsed 10.1 min, VRAM peak 87.0%, ETA 2026-08-27 18:00:22 UTC (in 2.4 min)
2026-08-27 17:58:12 UTC INFO    __workspace___hf__models__granite-3_0-8b-instruct/stage3: 430/520 done, 1.4s/item, elapsed 10.3 min, VRAM peak 87.0%, ETA 2026-08-27 18:00:22 UTC (in 2.2 min)
2026-08-27 17:58:35 UTC INFO    __workspace___hf__models__granite-3_0-8b-instruct/stage3: 440/520 done, 1.5s/item, elapsed 10.7 min, VRAM peak 87.0%, ETA 2026-08-27 18:00:31 UTC (in 1.9 min)
2026-08-27 17:58:48 UTC INFO    __workspace___hf__models__granite-3_0-8b-instruct/stage3: 450/520 done, 1.5s/item, elapsed 10.9 min, VRAM peak 87.0%, ETA 2026-08-27 18:00:30 UTC (in 1.7 min)
2026-08-27 17:59:07 UTC INFO    __workspace___hf__models__granite-3_0-8b-instruct/stage3: 460/520 done, 1.5s/item, elapsed 11.2 min, VRAM peak 87.0%, ETA 2026-08-27 18:00:35 UTC (in 1.5 min)
2026-08-27 17:59:24 UTC INFO    __workspace___hf__models__granite-3_0-8b-instruct/stage3: 470/520 done, 1.5s/item, elapsed 11.5 min, VRAM peak 87.0%, ETA 2026-08-27 18:00:37 UTC (in 1.2 min)
2026-08-27 17:59:41 UTC INFO    __workspace___hf__models__granite-3_0-8b-instruct/stage3: 480/520 done, 1.5s/item, elapsed 11.8 min, VRAM peak 87.0%, ETA 2026-08-27 18:00:40 UTC (in 1.0 min)
2026-08-27 17:59:59 UTC INFO    __workspace___hf__models__granite-3_0-8b-instruct/stage3: 490/520 done, 1.5s/item, elapsed 12.1 min, VRAM peak 87.0%, ETA 2026-08-27 18:00:43 UTC (in 0.7 min)
2026-08-27 18:00:17 UTC INFO    __workspace___hf__models__granite-3_0-8b-instruct/stage3: 500/520 done, 1.5s/item, elapsed 12.4 min, VRAM peak 87.0%, ETA 2026-08-27 18:00:47 UTC (in 0.5 min)
2026-08-27 18:00:34 UTC INFO    __workspace___hf__models__granite-3_0-8b-instruct/stage3: 510/520 done, 1.5s/item, elapsed 12.7 min, VRAM peak 87.0%, ETA 2026-08-27 18:00:49 UTC (in 0.2 min)
2026-08-27 18:00:46 UTC INFO    __workspace___hf__models__granite-3_0-8b-instruct/stage3: 520/520 done, 1.5s/item, elapsed 12.9 min, VRAM peak 87.0%, ETA 2026-08-27 18:00:46 UTC (in 0.0 min)
2026-08-27 18:00:46 UTC INFO    GPU ledger: +772.8s for __workspace___hf__models__granite-3_0-8b-instruct/stage3, cumulative 75081.7s (20.86 h, 77.2% of the 27 h allowance)
2026-08-27 18:00:46 UTC INFO    /workspace/.hf/models/granite-3.0-8b-instruct stage3: {"n_items": 52, "condition_counts": {"R0": {"chosen_rival": 0, "unreadable": 0, "n": 52}, "R1": {"chosen_rival": 5, "unreadable": 0, "n": 52}, "R2": {"chosen_rival": 2, "unreadable": 0, "n": 52}, "R3": {"chosen_rival": 1, "unreadable": 0, "n": 52}, "R4": {"chosen_rival": 4, "unreadable": 0, "n": 52}}, "abort_reason": null, "elapsed_min": 12.88}
2026-08-27 18:00:49 UTC INFO    wrote results/e1/experiment_summary.json
