2026-08-21 19:35:29 UTC INFO    started 2026-08-21 19:35:29 UTC on Linux-6.8.0-57-generic-x86_64-with-glibc2.35
2026-08-21 19:35:29 UTC INFO    loading framolfese/2WikiMultihopQA [validation], scanning 30000 records
2026-08-21 19:35:41 UTC INFO    built 1200 items from 12576 records
2026-08-21 19:35:46 UTC INFO    longest prompt about 2116 tokens; max_model_len=4096 (floor 2048, cap 8192)
2026-08-21 19:35:46 UTC INFO    detected 23.5 GiB of VRAM, capability (8, 6) -> the 3090ti roster
2026-08-21 19:36:31 UTC INFO    /workspace/.hf/models/Qwen2.5-14B-Instruct-AWQ loaded: bfloat16, max_model_len=4096, mem target 0.85, eager=False, VRAM now 79.8%
2026-08-21 19:36:31 UTC INFO    /workspace/.hf/models/Qwen2.5-14B-Instruct-AWQ ready via the vllm backend
2026-08-21 19:36:40 UTC INFO    __workspace___hf__models__Qwen2_5-14B-Instruct-AWQ/stage1: 5/1200 done, 1.7s/item, elapsed 0.1 min, VRAM peak 80.9%, ETA 2026-08-21 20:11:04 UTC (in 34.4 min)
2026-08-21 19:36:48 UTC INFO    __workspace___hf__models__Qwen2_5-14B-Instruct-AWQ/stage1: 10/1200 done, 1.6s/item, elapsed 0.3 min, VRAM peak 81.4%, ETA 2026-08-21 20:09:28 UTC (in 32.7 min)
2026-08-21 19:36:56 UTC INFO    __workspace___hf__models__Qwen2_5-14B-Instruct-AWQ/stage1: 15/1200 done, 1.6s/item, elapsed 0.4 min, VRAM peak 81.4%, ETA 2026-08-21 20:09:21 UTC (in 32.4 min)
2026-08-21 19:37:04 UTC INFO    __workspace___hf__models__Qwen2_5-14B-Instruct-AWQ/stage1: 20/1200 done, 1.6s/item, elapsed 0.5 min, VRAM peak 81.4%, ETA 2026-08-21 20:09:13 UTC (in 32.2 min)
2026-08-21 19:37:13 UTC INFO    __workspace___hf__models__Qwen2_5-14B-Instruct-AWQ/stage1: 25/1200 done, 1.7s/item, elapsed 0.7 min, VRAM peak 81.4%, ETA 2026-08-21 20:10:05 UTC (in 32.9 min)
2026-08-21 19:37:23 UTC INFO    __workspace___hf__models__Qwen2_5-14B-Instruct-AWQ/stage1: 30/1200 done, 1.7s/item, elapsed 0.9 min, VRAM peak 81.4%, ETA 2026-08-21 20:10:50 UTC (in 33.5 min)
2026-08-21 19:37:30 UTC INFO    __workspace___hf__models__Qwen2_5-14B-Instruct-AWQ/stage1: 35/1200 done, 1.7s/item, elapsed 1.0 min, VRAM peak 81.4%, ETA 2026-08-21 20:10:20 UTC (in 32.8 min)
2026-08-21 19:37:38 UTC INFO    __workspace___hf__models__Qwen2_5-14B-Instruct-AWQ/stage1: 40/1200 done, 1.7s/item, elapsed 1.1 min, VRAM peak 81.4%, ETA 2026-08-21 20:10:09 UTC (in 32.5 min)
2026-08-21 19:37:47 UTC INFO    __workspace___hf__models__Qwen2_5-14B-Instruct-AWQ/stage1: 45/1200 done, 1.7s/item, elapsed 1.3 min, VRAM peak 81.4%, ETA 2026-08-21 20:10:15 UTC (in 32.5 min)
2026-08-21 19:37:55 UTC INFO    __workspace___hf__models__Qwen2_5-14B-Instruct-AWQ/stage1: 50/1200 done, 1.7s/item, elapsed 1.4 min, VRAM peak 81.4%, ETA 2026-08-21 20:10:10 UTC (in 32.2 min)
2026-08-21 19:38:03 UTC INFO    __workspace___hf__models__Qwen2_5-14B-Instruct-AWQ/stage1: 55/1200 done, 1.7s/item, elapsed 1.5 min, VRAM peak 81.4%, ETA 2026-08-21 20:10:05 UTC (in 32.0 min)
2026-08-21 19:38:11 UTC INFO    __workspace___hf__models__Qwen2_5-14B-Instruct-AWQ/stage1: 60/1200 done, 1.7s/item, elapsed 1.7 min, VRAM peak 81.4%, ETA 2026-08-21 20:09:45 UTC (in 31.6 min)
2026-08-21 19:38:18 UTC INFO    __workspace___hf__models__Qwen2_5-14B-Instruct-AWQ/stage1: 65/1200 done, 1.6s/item, elapsed 1.8 min, VRAM peak 81.4%, ETA 2026-08-21 20:09:28 UTC (in 31.2 min)
2026-08-21 19:38:26 UTC INFO    __workspace___hf__models__Qwen2_5-14B-Instruct-AWQ/stage1: 70/1200 done, 1.6s/item, elapsed 1.9 min, VRAM peak 81.4%, ETA 2026-08-21 20:09:25 UTC (in 31.0 min)
2026-08-21 19:38:37 UTC INFO    __workspace___hf__models__Qwen2_5-14B-Instruct-AWQ/stage1: 75/1200 done, 1.7s/item, elapsed 2.1 min, VRAM peak 81.4%, ETA 2026-08-21 20:09:58 UTC (in 31.4 min)
2026-08-21 19:38:46 UTC INFO    __workspace___hf__models__Qwen2_5-14B-Instruct-AWQ/stage1: 80/1200 done, 1.7s/item, elapsed 2.2 min, VRAM peak 81.4%, ETA 2026-08-21 20:10:14 UTC (in 31.5 min)
2026-08-21 19:38:54 UTC INFO    __workspace___hf__models__Qwen2_5-14B-Instruct-AWQ/stage1: 85/1200 done, 1.7s/item, elapsed 2.4 min, VRAM peak 81.4%, ETA 2026-08-21 20:10:10 UTC (in 31.3 min)
2026-08-21 19:39:01 UTC INFO    __workspace___hf__models__Qwen2_5-14B-Instruct-AWQ/stage1: 90/1200 done, 1.7s/item, elapsed 2.5 min, VRAM peak 81.4%, ETA 2026-08-21 20:09:54 UTC (in 30.9 min)
2026-08-21 19:39:09 UTC INFO    __workspace___hf__models__Qwen2_5-14B-Instruct-AWQ/stage1: 95/1200 done, 1.7s/item, elapsed 2.6 min, VRAM peak 81.4%, ETA 2026-08-21 20:09:47 UTC (in 30.6 min)
2026-08-21 19:39:17 UTC INFO    __workspace___hf__models__Qwen2_5-14B-Instruct-AWQ/stage1: 100/1200 done, 1.7s/item, elapsed 2.8 min, VRAM peak 81.4%, ETA 2026-08-21 20:09:43 UTC (in 30.4 min)
2026-08-21 19:39:25 UTC INFO    __workspace___hf__models__Qwen2_5-14B-Instruct-AWQ/stage1: 105/1200 done, 1.7s/item, elapsed 2.9 min, VRAM peak 81.4%, ETA 2026-08-21 20:09:37 UTC (in 30.2 min)
2026-08-21 19:39:34 UTC INFO    __workspace___hf__models__Qwen2_5-14B-Instruct-AWQ/stage1: 110/1200 done, 1.7s/item, elapsed 3.0 min, VRAM peak 81.4%, ETA 2026-08-21 20:09:41 UTC (in 30.1 min)
2026-08-21 19:39:41 UTC INFO    __workspace___hf__models__Qwen2_5-14B-Instruct-AWQ/stage1: 115/1200 done, 1.6s/item, elapsed 3.2 min, VRAM peak 81.4%, ETA 2026-08-21 20:09:29 UTC (in 29.8 min)
2026-08-21 19:39:48 UTC INFO    __workspace___hf__models__Qwen2_5-14B-Instruct-AWQ/stage1: 120/1200 done, 1.6s/item, elapsed 3.3 min, VRAM peak 81.4%, ETA 2026-08-21 20:09:24 UTC (in 29.6 min)
2026-08-21 19:39:57 UTC INFO    __workspace___hf__models__Qwen2_5-14B-Instruct-AWQ/stage1: 125/1200 done, 1.6s/item, elapsed 3.4 min, VRAM peak 81.4%, ETA 2026-08-21 20:09:27 UTC (in 29.5 min)
2026-08-21 19:40:04 UTC INFO    __workspace___hf__models__Qwen2_5-14B-Instruct-AWQ/stage1: 130/1200 done, 1.6s/item, elapsed 3.6 min, VRAM peak 81.4%, ETA 2026-08-21 20:09:18 UTC (in 29.2 min)
2026-08-21 19:40:13 UTC INFO    __workspace___hf__models__Qwen2_5-14B-Instruct-AWQ/stage1: 135/1200 done, 1.6s/item, elapsed 3.7 min, VRAM peak 81.4%, ETA 2026-08-21 20:09:21 UTC (in 29.1 min)
2026-08-21 19:40:21 UTC INFO    __workspace___hf__models__Qwen2_5-14B-Instruct-AWQ/stage1: 140/1200 done, 1.6s/item, elapsed 3.8 min, VRAM peak 81.4%, ETA 2026-08-21 20:09:18 UTC (in 29.0 min)
2026-08-21 19:40:28 UTC INFO    __workspace___hf__models__Qwen2_5-14B-Instruct-AWQ/stage1: 145/1200 done, 1.6s/item, elapsed 4.0 min, VRAM peak 81.4%, ETA 2026-08-21 20:09:14 UTC (in 28.8 min)
2026-08-21 19:40:36 UTC INFO    __workspace___hf__models__Qwen2_5-14B-Instruct-AWQ/stage1: 150/1200 done, 1.6s/item, elapsed 4.1 min, VRAM peak 81.4%, ETA 2026-08-21 20:09:11 UTC (in 28.6 min)
2026-08-21 19:40:45 UTC INFO    __workspace___hf__models__Qwen2_5-14B-Instruct-AWQ/stage1: 155/1200 done, 1.6s/item, elapsed 4.2 min, VRAM peak 81.4%, ETA 2026-08-21 20:09:17 UTC (in 28.5 min)
2026-08-21 19:40:54 UTC INFO    __workspace___hf__models__Qwen2_5-14B-Instruct-AWQ/stage1: 160/1200 done, 1.6s/item, elapsed 4.4 min, VRAM peak 81.4%, ETA 2026-08-21 20:09:22 UTC (in 28.5 min)
2026-08-21 19:41:03 UTC INFO    __workspace___hf__models__Qwen2_5-14B-Instruct-AWQ/stage1: 165/1200 done, 1.6s/item, elapsed 4.5 min, VRAM peak 81.4%, ETA 2026-08-21 20:09:28 UTC (in 28.4 min)
2026-08-21 19:41:12 UTC INFO    __workspace___hf__models__Qwen2_5-14B-Instruct-AWQ/stage1: 170/1200 done, 1.7s/item, elapsed 4.7 min, VRAM peak 81.4%, ETA 2026-08-21 20:09:33 UTC (in 28.4 min)
2026-08-21 19:41:20 UTC INFO    __workspace___hf__models__Qwen2_5-14B-Instruct-AWQ/stage1: 175/1200 done, 1.7s/item, elapsed 4.8 min, VRAM peak 81.4%, ETA 2026-08-21 20:09:34 UTC (in 28.2 min)
2026-08-21 19:41:28 UTC INFO    __workspace___hf__models__Qwen2_5-14B-Instruct-AWQ/stage1: 180/1200 done, 1.6s/item, elapsed 4.9 min, VRAM peak 81.4%, ETA 2026-08-21 20:09:30 UTC (in 28.0 min)
2026-08-21 19:41:36 UTC INFO    __workspace___hf__models__Qwen2_5-14B-Instruct-AWQ/stage1: 185/1200 done, 1.6s/item, elapsed 5.1 min, VRAM peak 81.4%, ETA 2026-08-21 20:09:28 UTC (in 27.9 min)
2026-08-21 19:41:44 UTC INFO    __workspace___hf__models__Qwen2_5-14B-Instruct-AWQ/stage1: 190/1200 done, 1.6s/item, elapsed 5.2 min, VRAM peak 81.4%, ETA 2026-08-21 20:09:28 UTC (in 27.7 min)
2026-08-21 19:41:52 UTC INFO    __workspace___hf__models__Qwen2_5-14B-Instruct-AWQ/stage1: 195/1200 done, 1.6s/item, elapsed 5.3 min, VRAM peak 81.4%, ETA 2026-08-21 20:09:24 UTC (in 27.5 min)
2026-08-21 19:42:00 UTC INFO    __workspace___hf__models__Qwen2_5-14B-Instruct-AWQ/stage1: 200/1200 done, 1.6s/item, elapsed 5.5 min, VRAM peak 81.4%, ETA 2026-08-21 20:09:24 UTC (in 27.4 min)
2026-08-21 19:42:09 UTC INFO    __workspace___hf__models__Qwen2_5-14B-Instruct-AWQ/stage1: 205/1200 done, 1.6s/item, elapsed 5.6 min, VRAM peak 81.4%, ETA 2026-08-21 20:09:26 UTC (in 27.3 min)
2026-08-21 19:42:17 UTC INFO    __workspace___hf__models__Qwen2_5-14B-Instruct-AWQ/stage1: 210/1200 done, 1.6s/item, elapsed 5.8 min, VRAM peak 81.4%, ETA 2026-08-21 20:09:26 UTC (in 27.2 min)
2026-08-21 19:42:25 UTC INFO    __workspace___hf__models__Qwen2_5-14B-Instruct-AWQ/stage1: 215/1200 done, 1.6s/item, elapsed 5.9 min, VRAM peak 81.4%, ETA 2026-08-21 20:09:25 UTC (in 27.0 min)
2026-08-21 19:42:33 UTC INFO    __workspace___hf__models__Qwen2_5-14B-Instruct-AWQ/stage1: 220/1200 done, 1.6s/item, elapsed 6.0 min, VRAM peak 81.4%, ETA 2026-08-21 20:09:25 UTC (in 26.9 min)
2026-08-21 19:42:40 UTC INFO    __workspace___hf__models__Qwen2_5-14B-Instruct-AWQ/stage1: 225/1200 done, 1.6s/item, elapsed 6.2 min, VRAM peak 81.4%, ETA 2026-08-21 20:09:20 UTC (in 26.7 min)
2026-08-21 19:42:49 UTC INFO    __workspace___hf__models__Qwen2_5-14B-Instruct-AWQ/stage1: 230/1200 done, 1.6s/item, elapsed 6.3 min, VRAM peak 81.4%, ETA 2026-08-21 20:09:20 UTC (in 26.5 min)
2026-08-21 19:42:57 UTC INFO    __workspace___hf__models__Qwen2_5-14B-Instruct-AWQ/stage1: 235/1200 done, 1.6s/item, elapsed 6.4 min, VRAM peak 81.4%, ETA 2026-08-21 20:09:21 UTC (in 26.4 min)
2026-08-21 19:43:05 UTC INFO    __workspace___hf__models__Qwen2_5-14B-Instruct-AWQ/stage1: 240/1200 done, 1.6s/item, elapsed 6.6 min, VRAM peak 81.4%, ETA 2026-08-21 20:09:22 UTC (in 26.3 min)
2026-08-21 19:43:13 UTC INFO    __workspace___hf__models__Qwen2_5-14B-Instruct-AWQ/stage1: 245/1200 done, 1.6s/item, elapsed 6.7 min, VRAM peak 81.4%, ETA 2026-08-21 20:09:21 UTC (in 26.1 min)
2026-08-21 19:43:22 UTC INFO    __workspace___hf__models__Qwen2_5-14B-Instruct-AWQ/stage1: 250/1200 done, 1.6s/item, elapsed 6.8 min, VRAM peak 81.4%, ETA 2026-08-21 20:09:23 UTC (in 26.0 min)
2026-08-21 19:43:30 UTC INFO    __workspace___hf__models__Qwen2_5-14B-Instruct-AWQ/stage1: 255/1200 done, 1.6s/item, elapsed 7.0 min, VRAM peak 81.4%, ETA 2026-08-21 20:09:20 UTC (in 25.8 min)
2026-08-21 19:43:38 UTC INFO    __workspace___hf__models__Qwen2_5-14B-Instruct-AWQ/stage1: 260/1200 done, 1.6s/item, elapsed 7.1 min, VRAM peak 81.4%, ETA 2026-08-21 20:09:20 UTC (in 25.7 min)
2026-08-21 19:43:46 UTC INFO    __workspace___hf__models__Qwen2_5-14B-Instruct-AWQ/stage1: 265/1200 done, 1.6s/item, elapsed 7.2 min, VRAM peak 81.4%, ETA 2026-08-21 20:09:18 UTC (in 25.5 min)
2026-08-21 19:43:54 UTC INFO    __workspace___hf__models__Qwen2_5-14B-Instruct-AWQ/stage1: 270/1200 done, 1.6s/item, elapsed 7.4 min, VRAM peak 81.4%, ETA 2026-08-21 20:09:19 UTC (in 25.4 min)
2026-08-21 19:44:02 UTC INFO    __workspace___hf__models__Qwen2_5-14B-Instruct-AWQ/stage1: 275/1200 done, 1.6s/item, elapsed 7.5 min, VRAM peak 81.4%, ETA 2026-08-21 20:09:18 UTC (in 25.3 min)
2026-08-21 19:44:10 UTC INFO    __workspace___hf__models__Qwen2_5-14B-Instruct-AWQ/stage1: 280/1200 done, 1.6s/item, elapsed 7.6 min, VRAM peak 81.4%, ETA 2026-08-21 20:09:16 UTC (in 25.1 min)
2026-08-21 19:44:19 UTC INFO    __workspace___hf__models__Qwen2_5-14B-Instruct-AWQ/stage1: 285/1200 done, 1.6s/item, elapsed 7.8 min, VRAM peak 81.4%, ETA 2026-08-21 20:09:21 UTC (in 25.0 min)
2026-08-21 19:44:28 UTC INFO    __workspace___hf__models__Qwen2_5-14B-Instruct-AWQ/stage1: 290/1200 done, 1.6s/item, elapsed 7.9 min, VRAM peak 81.4%, ETA 2026-08-21 20:09:23 UTC (in 24.9 min)
2026-08-21 19:44:37 UTC INFO    __workspace___hf__models__Qwen2_5-14B-Instruct-AWQ/stage1: 295/1200 done, 1.6s/item, elapsed 8.1 min, VRAM peak 81.4%, ETA 2026-08-21 20:09:28 UTC (in 24.8 min)
2026-08-21 19:44:46 UTC INFO    __workspace___hf__models__Qwen2_5-14B-Instruct-AWQ/stage1: 300/1200 done, 1.6s/item, elapsed 8.2 min, VRAM peak 81.4%, ETA 2026-08-21 20:09:30 UTC (in 24.7 min)
2026-08-21 19:44:54 UTC INFO    __workspace___hf__models__Qwen2_5-14B-Instruct-AWQ/stage1: 305/1200 done, 1.6s/item, elapsed 8.4 min, VRAM peak 81.4%, ETA 2026-08-21 20:09:28 UTC (in 24.6 min)
2026-08-21 19:45:02 UTC INFO    __workspace___hf__models__Qwen2_5-14B-Instruct-AWQ/stage1: 310/1200 done, 1.6s/item, elapsed 8.5 min, VRAM peak 81.4%, ETA 2026-08-21 20:09:28 UTC (in 24.4 min)
2026-08-21 19:45:10 UTC INFO    __workspace___hf__models__Qwen2_5-14B-Instruct-AWQ/stage1: 315/1200 done, 1.6s/item, elapsed 8.6 min, VRAM peak 81.4%, ETA 2026-08-21 20:09:26 UTC (in 24.3 min)
2026-08-21 19:45:18 UTC INFO    __workspace___hf__models__Qwen2_5-14B-Instruct-AWQ/stage1: 320/1200 done, 1.6s/item, elapsed 8.8 min, VRAM peak 81.4%, ETA 2026-08-21 20:09:25 UTC (in 24.1 min)
2026-08-21 19:45:26 UTC INFO    __workspace___hf__models__Qwen2_5-14B-Instruct-AWQ/stage1: 325/1200 done, 1.6s/item, elapsed 8.9 min, VRAM peak 81.4%, ETA 2026-08-21 20:09:25 UTC (in 24.0 min)
2026-08-21 19:45:33 UTC INFO    __workspace___hf__models__Qwen2_5-14B-Instruct-AWQ/stage1: 330/1200 done, 1.6s/item, elapsed 9.0 min, VRAM peak 81.4%, ETA 2026-08-21 20:09:22 UTC (in 23.8 min)
2026-08-21 19:45:41 UTC INFO    __workspace___hf__models__Qwen2_5-14B-Instruct-AWQ/stage1: 335/1200 done, 1.6s/item, elapsed 9.2 min, VRAM peak 81.4%, ETA 2026-08-21 20:09:19 UTC (in 23.6 min)
2026-08-21 19:45:49 UTC INFO    __workspace___hf__models__Qwen2_5-14B-Instruct-AWQ/stage1: 340/1200 done, 1.6s/item, elapsed 9.3 min, VRAM peak 81.4%, ETA 2026-08-21 20:09:21 UTC (in 23.5 min)
2026-08-21 19:45:58 UTC INFO    __workspace___hf__models__Qwen2_5-14B-Instruct-AWQ/stage1: 345/1200 done, 1.6s/item, elapsed 9.5 min, VRAM peak 81.4%, ETA 2026-08-21 20:09:24 UTC (in 23.4 min)
2026-08-21 19:46:06 UTC INFO    __workspace___hf__models__Qwen2_5-14B-Instruct-AWQ/stage1: 350/1200 done, 1.6s/item, elapsed 9.6 min, VRAM peak 81.4%, ETA 2026-08-21 20:09:22 UTC (in 23.3 min)
2026-08-21 19:46:13 UTC INFO    __workspace___hf__models__Qwen2_5-14B-Instruct-AWQ/stage1: 355/1200 done, 1.6s/item, elapsed 9.7 min, VRAM peak 81.4%, ETA 2026-08-21 20:09:18 UTC (in 23.1 min)
2026-08-21 19:46:21 UTC INFO    __workspace___hf__models__Qwen2_5-14B-Instruct-AWQ/stage1: 360/1200 done, 1.6s/item, elapsed 9.8 min, VRAM peak 81.4%, ETA 2026-08-21 20:09:18 UTC (in 22.9 min)
2026-08-21 19:46:29 UTC INFO    __workspace___hf__models__Qwen2_5-14B-Instruct-AWQ/stage1: 365/1200 done, 1.6s/item, elapsed 10.0 min, VRAM peak 81.4%, ETA 2026-08-21 20:09:17 UTC (in 22.8 min)
2026-08-21 19:46:39 UTC INFO    __workspace___hf__models__Qwen2_5-14B-Instruct-AWQ/stage1: 370/1200 done, 1.6s/item, elapsed 10.1 min, VRAM peak 81.4%, ETA 2026-08-21 20:09:22 UTC (in 22.7 min)
2026-08-21 19:46:47 UTC INFO    __workspace___hf__models__Qwen2_5-14B-Instruct-AWQ/stage1: 375/1200 done, 1.6s/item, elapsed 10.3 min, VRAM peak 81.4%, ETA 2026-08-21 20:09:20 UTC (in 22.6 min)
2026-08-21 19:46:55 UTC INFO    __workspace___hf__models__Qwen2_5-14B-Instruct-AWQ/stage1: 380/1200 done, 1.6s/item, elapsed 10.4 min, VRAM peak 81.4%, ETA 2026-08-21 20:09:21 UTC (in 22.4 min)
2026-08-21 19:47:04 UTC INFO    __workspace___hf__models__Qwen2_5-14B-Instruct-AWQ/stage1: 385/1200 done, 1.6s/item, elapsed 10.5 min, VRAM peak 81.4%, ETA 2026-08-21 20:09:24 UTC (in 22.3 min)
2026-08-21 19:47:11 UTC INFO    __workspace___hf__models__Qwen2_5-14B-Instruct-AWQ/stage1: 390/1200 done, 1.6s/item, elapsed 10.7 min, VRAM peak 81.4%, ETA 2026-08-21 20:09:20 UTC (in 22.1 min)
2026-08-21 19:47:19 UTC INFO    __workspace___hf__models__Qwen2_5-14B-Instruct-AWQ/stage1: 395/1200 done, 1.6s/item, elapsed 10.8 min, VRAM peak 81.4%, ETA 2026-08-21 20:09:19 UTC (in 22.0 min)
2026-08-21 19:47:27 UTC INFO    __workspace___hf__models__Qwen2_5-14B-Instruct-AWQ/stage1: 400/1200 done, 1.6s/item, elapsed 10.9 min, VRAM peak 81.4%, ETA 2026-08-21 20:09:19 UTC (in 21.9 min)
2026-08-21 19:47:35 UTC INFO    __workspace___hf__models__Qwen2_5-14B-Instruct-AWQ/stage1: 405/1200 done, 1.6s/item, elapsed 11.1 min, VRAM peak 81.4%, ETA 2026-08-21 20:09:19 UTC (in 21.7 min)
2026-08-21 19:47:43 UTC INFO    __workspace___hf__models__Qwen2_5-14B-Instruct-AWQ/stage1: 410/1200 done, 1.6s/item, elapsed 11.2 min, VRAM peak 81.4%, ETA 2026-08-21 20:09:17 UTC (in 21.6 min)
2026-08-21 19:47:52 UTC INFO    __workspace___hf__models__Qwen2_5-14B-Instruct-AWQ/stage1: 415/1200 done, 1.6s/item, elapsed 11.3 min, VRAM peak 81.4%, ETA 2026-08-21 20:09:20 UTC (in 21.5 min)
2026-08-21 19:47:59 UTC INFO    __workspace___hf__models__Qwen2_5-14B-Instruct-AWQ/stage1: 420/1200 done, 1.6s/item, elapsed 11.5 min, VRAM peak 81.4%, ETA 2026-08-21 20:09:16 UTC (in 21.3 min)
2026-08-21 19:48:07 UTC INFO    __workspace___hf__models__Qwen2_5-14B-Instruct-AWQ/stage1: 425/1200 done, 1.6s/item, elapsed 11.6 min, VRAM peak 81.4%, ETA 2026-08-21 20:09:15 UTC (in 21.1 min)
2026-08-21 19:48:14 UTC INFO    __workspace___hf__models__Qwen2_5-14B-Instruct-AWQ/stage1: 430/1200 done, 1.6s/item, elapsed 11.7 min, VRAM peak 81.4%, ETA 2026-08-21 20:09:14 UTC (in 21.0 min)
2026-08-21 19:48:23 UTC INFO    __workspace___hf__models__Qwen2_5-14B-Instruct-AWQ/stage1: 435/1200 done, 1.6s/item, elapsed 11.9 min, VRAM peak 81.4%, ETA 2026-08-21 20:09:14 UTC (in 20.9 min)
2026-08-21 19:48:32 UTC INFO    __workspace___hf__models__Qwen2_5-14B-Instruct-AWQ/stage1: 440/1200 done, 1.6s/item, elapsed 12.0 min, VRAM peak 81.4%, ETA 2026-08-21 20:09:17 UTC (in 20.7 min)
2026-08-21 19:48:40 UTC INFO    __workspace___hf__models__Qwen2_5-14B-Instruct-AWQ/stage1: 445/1200 done, 1.6s/item, elapsed 12.2 min, VRAM peak 81.4%, ETA 2026-08-21 20:09:17 UTC (in 20.6 min)
2026-08-21 19:48:48 UTC INFO    __workspace___hf__models__Qwen2_5-14B-Instruct-AWQ/stage1: 450/1200 done, 1.6s/item, elapsed 12.3 min, VRAM peak 81.4%, ETA 2026-08-21 20:09:16 UTC (in 20.5 min)
2026-08-21 19:48:58 UTC INFO    __workspace___hf__models__Qwen2_5-14B-Instruct-AWQ/stage1: 455/1200 done, 1.6s/item, elapsed 12.4 min, VRAM peak 81.4%, ETA 2026-08-21 20:09:20 UTC (in 20.4 min)
2026-08-21 19:49:05 UTC INFO    __workspace___hf__models__Qwen2_5-14B-Instruct-AWQ/stage1: 460/1200 done, 1.6s/item, elapsed 12.6 min, VRAM peak 81.4%, ETA 2026-08-21 20:09:19 UTC (in 20.2 min)
2026-08-21 19:49:13 UTC INFO    __workspace___hf__models__Qwen2_5-14B-Instruct-AWQ/stage1: 465/1200 done, 1.6s/item, elapsed 12.7 min, VRAM peak 81.4%, ETA 2026-08-21 20:09:17 UTC (in 20.1 min)
2026-08-21 19:49:21 UTC INFO    __workspace___hf__models__Qwen2_5-14B-Instruct-AWQ/stage1: 470/1200 done, 1.6s/item, elapsed 12.8 min, VRAM peak 81.4%, ETA 2026-08-21 20:09:16 UTC (in 19.9 min)
2026-08-21 19:49:29 UTC INFO    __workspace___hf__models__Qwen2_5-14B-Instruct-AWQ/stage1: 475/1200 done, 1.6s/item, elapsed 13.0 min, VRAM peak 81.4%, ETA 2026-08-21 20:09:16 UTC (in 19.8 min)
2026-08-21 19:49:37 UTC INFO    __workspace___hf__models__Qwen2_5-14B-Instruct-AWQ/stage1: 480/1200 done, 1.6s/item, elapsed 13.1 min, VRAM peak 81.4%, ETA 2026-08-21 20:09:15 UTC (in 19.6 min)
2026-08-21 19:49:45 UTC INFO    __workspace___hf__models__Qwen2_5-14B-Instruct-AWQ/stage1: 485/1200 done, 1.6s/item, elapsed 13.2 min, VRAM peak 81.4%, ETA 2026-08-21 20:09:16 UTC (in 19.5 min)
2026-08-21 19:49:55 UTC INFO    __workspace___hf__models__Qwen2_5-14B-Instruct-AWQ/stage1: 490/1200 done, 1.6s/item, elapsed 13.4 min, VRAM peak 81.4%, ETA 2026-08-21 20:09:19 UTC (in 19.4 min)
2026-08-21 19:50:03 UTC INFO    __workspace___hf__models__Qwen2_5-14B-Instruct-AWQ/stage1: 495/1200 done, 1.6s/item, elapsed 13.5 min, VRAM peak 81.4%, ETA 2026-08-21 20:09:18 UTC (in 19.3 min)
2026-08-21 19:50:10 UTC INFO    __workspace___hf__models__Qwen2_5-14B-Instruct-AWQ/stage1: 500/1200 done, 1.6s/item, elapsed 13.6 min, VRAM peak 81.4%, ETA 2026-08-21 20:09:17 UTC (in 19.1 min)
2026-08-21 19:50:19 UTC INFO    __workspace___hf__models__Qwen2_5-14B-Instruct-AWQ/stage1: 505/1200 done, 1.6s/item, elapsed 13.8 min, VRAM peak 81.4%, ETA 2026-08-21 20:09:18 UTC (in 19.0 min)
2026-08-21 19:50:28 UTC INFO    __workspace___hf__models__Qwen2_5-14B-Instruct-AWQ/stage1: 510/1200 done, 1.6s/item, elapsed 13.9 min, VRAM peak 81.4%, ETA 2026-08-21 20:09:20 UTC (in 18.9 min)
2026-08-21 19:50:37 UTC INFO    __workspace___hf__models__Qwen2_5-14B-Instruct-AWQ/stage1: 515/1200 done, 1.6s/item, elapsed 14.1 min, VRAM peak 81.4%, ETA 2026-08-21 20:09:22 UTC (in 18.7 min)
2026-08-21 19:50:46 UTC INFO    __workspace___hf__models__Qwen2_5-14B-Instruct-AWQ/stage1: 520/1200 done, 1.6s/item, elapsed 14.2 min, VRAM peak 81.4%, ETA 2026-08-21 20:09:24 UTC (in 18.6 min)
2026-08-21 19:50:55 UTC INFO    __workspace___hf__models__Qwen2_5-14B-Instruct-AWQ/stage1: 525/1200 done, 1.6s/item, elapsed 14.4 min, VRAM peak 81.4%, ETA 2026-08-21 20:09:25 UTC (in 18.5 min)
2026-08-21 19:51:03 UTC INFO    __workspace___hf__models__Qwen2_5-14B-Instruct-AWQ/stage1: 530/1200 done, 1.6s/item, elapsed 14.5 min, VRAM peak 81.4%, ETA 2026-08-21 20:09:24 UTC (in 18.4 min)
2026-08-21 19:51:10 UTC INFO    __workspace___hf__models__Qwen2_5-14B-Instruct-AWQ/stage1: 535/1200 done, 1.6s/item, elapsed 14.6 min, VRAM peak 81.4%, ETA 2026-08-21 20:09:22 UTC (in 18.2 min)
2026-08-21 19:51:19 UTC INFO    __workspace___hf__models__Qwen2_5-14B-Instruct-AWQ/stage1: 540/1200 done, 1.6s/item, elapsed 14.8 min, VRAM peak 81.4%, ETA 2026-08-21 20:09:24 UTC (in 18.1 min)
2026-08-21 19:51:26 UTC INFO    __workspace___hf__models__Qwen2_5-14B-Instruct-AWQ/stage1: 545/1200 done, 1.6s/item, elapsed 14.9 min, VRAM peak 81.4%, ETA 2026-08-21 20:09:22 UTC (in 17.9 min)
2026-08-21 19:51:34 UTC INFO    __workspace___hf__models__Qwen2_5-14B-Instruct-AWQ/stage1: 550/1200 done, 1.6s/item, elapsed 15.0 min, VRAM peak 81.4%, ETA 2026-08-21 20:09:21 UTC (in 17.8 min)
2026-08-21 19:51:42 UTC INFO    __workspace___hf__models__Qwen2_5-14B-Instruct-AWQ/stage1: 555/1200 done, 1.6s/item, elapsed 15.2 min, VRAM peak 81.4%, ETA 2026-08-21 20:09:19 UTC (in 17.6 min)
2026-08-21 19:51:51 UTC INFO    __workspace___hf__models__Qwen2_5-14B-Instruct-AWQ/stage1: 560/1200 done, 1.6s/item, elapsed 15.3 min, VRAM peak 81.4%, ETA 2026-08-21 20:09:21 UTC (in 17.5 min)
2026-08-21 19:52:01 UTC INFO    __workspace___hf__models__Qwen2_5-14B-Instruct-AWQ/stage1: 565/1200 done, 1.6s/item, elapsed 15.5 min, VRAM peak 81.4%, ETA 2026-08-21 20:09:25 UTC (in 17.4 min)
2026-08-21 19:52:10 UTC INFO    __workspace___hf__models__Qwen2_5-14B-Instruct-AWQ/stage1: 570/1200 done, 1.6s/item, elapsed 15.6 min, VRAM peak 81.4%, ETA 2026-08-21 20:09:27 UTC (in 17.3 min)
2026-08-21 19:52:19 UTC INFO    __workspace___hf__models__Qwen2_5-14B-Instruct-AWQ/stage1: 575/1200 done, 1.6s/item, elapsed 15.8 min, VRAM peak 81.4%, ETA 2026-08-21 20:09:29 UTC (in 17.2 min)
2026-08-21 19:52:27 UTC INFO    __workspace___hf__models__Qwen2_5-14B-Instruct-AWQ/stage1: 580/1200 done, 1.6s/item, elapsed 15.9 min, VRAM peak 81.4%, ETA 2026-08-21 20:09:30 UTC (in 17.0 min)
2026-08-21 19:52:37 UTC INFO    __workspace___hf__models__Qwen2_5-14B-Instruct-AWQ/stage1: 585/1200 done, 1.7s/item, elapsed 16.1 min, VRAM peak 81.4%, ETA 2026-08-21 20:09:32 UTC (in 16.9 min)
2026-08-21 19:52:45 UTC INFO    __workspace___hf__models__Qwen2_5-14B-Instruct-AWQ/stage1: 590/1200 done, 1.6s/item, elapsed 16.2 min, VRAM peak 81.4%, ETA 2026-08-21 20:09:31 UTC (in 16.8 min)
2026-08-21 19:52:53 UTC INFO    __workspace___hf__models__Qwen2_5-14B-Instruct-AWQ/stage1: 595/1200 done, 1.6s/item, elapsed 16.4 min, VRAM peak 81.4%, ETA 2026-08-21 20:09:31 UTC (in 16.6 min)
2026-08-21 19:53:01 UTC INFO    __workspace___hf__models__Qwen2_5-14B-Instruct-AWQ/stage1: 600/1200 done, 1.6s/item, elapsed 16.5 min, VRAM peak 81.4%, ETA 2026-08-21 20:09:30 UTC (in 16.5 min)
2026-08-21 19:53:08 UTC INFO    __workspace___hf__models__Qwen2_5-14B-Instruct-AWQ/stage1: 605/1200 done, 1.6s/item, elapsed 16.6 min, VRAM peak 81.4%, ETA 2026-08-21 20:09:29 UTC (in 16.3 min)
2026-08-21 19:53:16 UTC INFO    __workspace___hf__models__Qwen2_5-14B-Instruct-AWQ/stage1: 610/1200 done, 1.6s/item, elapsed 16.7 min, VRAM peak 81.4%, ETA 2026-08-21 20:09:28 UTC (in 16.2 min)
2026-08-21 19:53:23 UTC INFO    __workspace___hf__models__Qwen2_5-14B-Instruct-AWQ/stage1: 615/1200 done, 1.6s/item, elapsed 16.9 min, VRAM peak 81.4%, ETA 2026-08-21 20:09:26 UTC (in 16.0 min)
2026-08-21 19:53:32 UTC INFO    __workspace___hf__models__Qwen2_5-14B-Instruct-AWQ/stage1: 620/1200 done, 1.6s/item, elapsed 17.0 min, VRAM peak 81.4%, ETA 2026-08-21 20:09:26 UTC (in 15.9 min)
2026-08-21 19:53:39 UTC INFO    __workspace___hf__models__Qwen2_5-14B-Instruct-AWQ/stage1: 625/1200 done, 1.6s/item, elapsed 17.1 min, VRAM peak 81.4%, ETA 2026-08-21 20:09:25 UTC (in 15.8 min)
2026-08-21 19:53:46 UTC INFO    __workspace___hf__models__Qwen2_5-14B-Instruct-AWQ/stage1: 630/1200 done, 1.6s/item, elapsed 17.3 min, VRAM peak 81.4%, ETA 2026-08-21 20:09:23 UTC (in 15.6 min)
2026-08-21 19:53:54 UTC INFO    __workspace___hf__models__Qwen2_5-14B-Instruct-AWQ/stage1: 635/1200 done, 1.6s/item, elapsed 17.4 min, VRAM peak 81.4%, ETA 2026-08-21 20:09:21 UTC (in 15.5 min)
2026-08-21 19:54:03 UTC INFO    __workspace___hf__models__Qwen2_5-14B-Instruct-AWQ/stage1: 640/1200 done, 1.6s/item, elapsed 17.5 min, VRAM peak 81.4%, ETA 2026-08-21 20:09:24 UTC (in 15.3 min)
2026-08-21 19:54:12 UTC INFO    __workspace___hf__models__Qwen2_5-14B-Instruct-AWQ/stage1: 645/1200 done, 1.6s/item, elapsed 17.7 min, VRAM peak 81.4%, ETA 2026-08-21 20:09:24 UTC (in 15.2 min)
2026-08-21 19:54:19 UTC INFO    __workspace___hf__models__Qwen2_5-14B-Instruct-AWQ/stage1: 650/1200 done, 1.6s/item, elapsed 17.8 min, VRAM peak 81.4%, ETA 2026-08-21 20:09:22 UTC (in 15.1 min)
2026-08-21 19:54:26 UTC INFO    __workspace___hf__models__Qwen2_5-14B-Instruct-AWQ/stage1: 655/1200 done, 1.6s/item, elapsed 17.9 min, VRAM peak 81.4%, ETA 2026-08-21 20:09:21 UTC (in 14.9 min)
2026-08-21 19:54:35 UTC INFO    __workspace___hf__models__Qwen2_5-14B-Instruct-AWQ/stage1: 660/1200 done, 1.6s/item, elapsed 18.1 min, VRAM peak 81.4%, ETA 2026-08-21 20:09:22 UTC (in 14.8 min)
2026-08-21 19:54:43 UTC INFO    __workspace___hf__models__Qwen2_5-14B-Instruct-AWQ/stage1: 665/1200 done, 1.6s/item, elapsed 18.2 min, VRAM peak 81.4%, ETA 2026-08-21 20:09:22 UTC (in 14.6 min)
2026-08-21 19:54:52 UTC INFO    __workspace___hf__models__Qwen2_5-14B-Instruct-AWQ/stage1: 670/1200 done, 1.6s/item, elapsed 18.3 min, VRAM peak 81.4%, ETA 2026-08-21 20:09:22 UTC (in 14.5 min)
2026-08-21 19:55:02 UTC INFO    __workspace___hf__models__Qwen2_5-14B-Instruct-AWQ/stage1: 675/1200 done, 1.6s/item, elapsed 18.5 min, VRAM peak 81.4%, ETA 2026-08-21 20:09:26 UTC (in 14.4 min)
2026-08-21 19:55:10 UTC INFO    __workspace___hf__models__Qwen2_5-14B-Instruct-AWQ/stage1: 680/1200 done, 1.6s/item, elapsed 18.6 min, VRAM peak 81.4%, ETA 2026-08-21 20:09:25 UTC (in 14.3 min)
2026-08-21 19:55:18 UTC INFO    __workspace___hf__models__Qwen2_5-14B-Instruct-AWQ/stage1: 685/1200 done, 1.6s/item, elapsed 18.8 min, VRAM peak 81.4%, ETA 2026-08-21 20:09:25 UTC (in 14.1 min)
2026-08-21 19:55:26 UTC INFO    __workspace___hf__models__Qwen2_5-14B-Instruct-AWQ/stage1: 690/1200 done, 1.6s/item, elapsed 18.9 min, VRAM peak 81.4%, ETA 2026-08-21 20:09:24 UTC (in 14.0 min)
2026-08-21 19:55:34 UTC INFO    __workspace___hf__models__Qwen2_5-14B-Instruct-AWQ/stage1: 695/1200 done, 1.6s/item, elapsed 19.0 min, VRAM peak 81.4%, ETA 2026-08-21 20:09:24 UTC (in 13.8 min)
2026-08-21 19:55:41 UTC INFO    __workspace___hf__models__Qwen2_5-14B-Instruct-AWQ/stage1: 700/1200 done, 1.6s/item, elapsed 19.2 min, VRAM peak 81.4%, ETA 2026-08-21 20:09:23 UTC (in 13.7 min)
2026-08-21 19:55:49 UTC INFO    __workspace___hf__models__Qwen2_5-14B-Instruct-AWQ/stage1: 705/1200 done, 1.6s/item, elapsed 19.3 min, VRAM peak 81.4%, ETA 2026-08-21 20:09:22 UTC (in 13.6 min)
2026-08-21 19:55:57 UTC INFO    __workspace___hf__models__Qwen2_5-14B-Instruct-AWQ/stage1: 710/1200 done, 1.6s/item, elapsed 19.4 min, VRAM peak 81.4%, ETA 2026-08-21 20:09:22 UTC (in 13.4 min)
2026-08-21 19:56:05 UTC INFO    __workspace___hf__models__Qwen2_5-14B-Instruct-AWQ/stage1: 715/1200 done, 1.6s/item, elapsed 19.6 min, VRAM peak 81.4%, ETA 2026-08-21 20:09:21 UTC (in 13.3 min)
2026-08-21 19:56:12 UTC INFO    __workspace___hf__models__Qwen2_5-14B-Instruct-AWQ/stage1: 720/1200 done, 1.6s/item, elapsed 19.7 min, VRAM peak 81.4%, ETA 2026-08-21 20:09:19 UTC (in 13.1 min)
2026-08-21 19:56:20 UTC INFO    __workspace___hf__models__Qwen2_5-14B-Instruct-AWQ/stage1: 725/1200 done, 1.6s/item, elapsed 19.8 min, VRAM peak 81.4%, ETA 2026-08-21 20:09:19 UTC (in 13.0 min)
2026-08-21 19:56:28 UTC INFO    __workspace___hf__models__Qwen2_5-14B-Instruct-AWQ/stage1: 730/1200 done, 1.6s/item, elapsed 19.9 min, VRAM peak 81.4%, ETA 2026-08-21 20:09:18 UTC (in 12.8 min)
2026-08-21 19:56:36 UTC INFO    __workspace___hf__models__Qwen2_5-14B-Instruct-AWQ/stage1: 735/1200 done, 1.6s/item, elapsed 20.1 min, VRAM peak 81.4%, ETA 2026-08-21 20:09:18 UTC (in 12.7 min)
2026-08-21 19:56:45 UTC INFO    __workspace___hf__models__Qwen2_5-14B-Instruct-AWQ/stage1: 740/1200 done, 1.6s/item, elapsed 20.2 min, VRAM peak 81.4%, ETA 2026-08-21 20:09:19 UTC (in 12.6 min)
2026-08-21 19:56:52 UTC INFO    __workspace___hf__models__Qwen2_5-14B-Instruct-AWQ/stage1: 745/1200 done, 1.6s/item, elapsed 20.4 min, VRAM peak 81.4%, ETA 2026-08-21 20:09:18 UTC (in 12.4 min)
2026-08-21 19:57:00 UTC INFO    __workspace___hf__models__Qwen2_5-14B-Instruct-AWQ/stage1: 750/1200 done, 1.6s/item, elapsed 20.5 min, VRAM peak 81.4%, ETA 2026-08-21 20:09:17 UTC (in 12.3 min)
2026-08-21 19:57:09 UTC INFO    __workspace___hf__models__Qwen2_5-14B-Instruct-AWQ/stage1: 755/1200 done, 1.6s/item, elapsed 20.6 min, VRAM peak 81.4%, ETA 2026-08-21 20:09:18 UTC (in 12.2 min)
2026-08-21 19:57:17 UTC INFO    __workspace___hf__models__Qwen2_5-14B-Instruct-AWQ/stage1: 760/1200 done, 1.6s/item, elapsed 20.8 min, VRAM peak 81.4%, ETA 2026-08-21 20:09:18 UTC (in 12.0 min)
2026-08-21 19:57:25 UTC INFO    __workspace___hf__models__Qwen2_5-14B-Instruct-AWQ/stage1: 765/1200 done, 1.6s/item, elapsed 20.9 min, VRAM peak 81.4%, ETA 2026-08-21 20:09:17 UTC (in 11.9 min)
2026-08-21 19:57:32 UTC INFO    __workspace___hf__models__Qwen2_5-14B-Instruct-AWQ/stage1: 770/1200 done, 1.6s/item, elapsed 21.0 min, VRAM peak 81.4%, ETA 2026-08-21 20:09:16 UTC (in 11.7 min)
2026-08-21 19:57:40 UTC INFO    __workspace___hf__models__Qwen2_5-14B-Instruct-AWQ/stage1: 775/1200 done, 1.6s/item, elapsed 21.2 min, VRAM peak 81.4%, ETA 2026-08-21 20:09:16 UTC (in 11.6 min)
2026-08-21 19:57:48 UTC INFO    __workspace___hf__models__Qwen2_5-14B-Instruct-AWQ/stage1: 780/1200 done, 1.6s/item, elapsed 21.3 min, VRAM peak 81.4%, ETA 2026-08-21 20:09:15 UTC (in 11.5 min)
2026-08-21 19:57:56 UTC INFO    __workspace___hf__models__Qwen2_5-14B-Instruct-AWQ/stage1: 785/1200 done, 1.6s/item, elapsed 21.4 min, VRAM peak 81.4%, ETA 2026-08-21 20:09:15 UTC (in 11.3 min)
2026-08-21 19:58:04 UTC INFO    __workspace___hf__models__Qwen2_5-14B-Instruct-AWQ/stage1: 790/1200 done, 1.6s/item, elapsed 21.5 min, VRAM peak 81.4%, ETA 2026-08-21 20:09:15 UTC (in 11.2 min)
2026-08-21 19:58:11 UTC INFO    __workspace___hf__models__Qwen2_5-14B-Instruct-AWQ/stage1: 795/1200 done, 1.6s/item, elapsed 21.7 min, VRAM peak 81.4%, ETA 2026-08-21 20:09:14 UTC (in 11.0 min)
2026-08-21 19:58:18 UTC INFO    __workspace___hf__models__Qwen2_5-14B-Instruct-AWQ/stage1: 800/1200 done, 1.6s/item, elapsed 21.8 min, VRAM peak 81.4%, ETA 2026-08-21 20:09:12 UTC (in 10.9 min)
2026-08-21 19:58:27 UTC INFO    __workspace___hf__models__Qwen2_5-14B-Instruct-AWQ/stage1: 805/1200 done, 1.6s/item, elapsed 21.9 min, VRAM peak 81.4%, ETA 2026-08-21 20:09:12 UTC (in 10.8 min)
2026-08-21 19:58:35 UTC INFO    __workspace___hf__models__Qwen2_5-14B-Instruct-AWQ/stage1: 810/1200 done, 1.6s/item, elapsed 22.1 min, VRAM peak 81.4%, ETA 2026-08-21 20:09:13 UTC (in 10.6 min)
2026-08-21 19:58:46 UTC INFO    __workspace___hf__models__Qwen2_5-14B-Instruct-AWQ/stage1: 815/1200 done, 1.6s/item, elapsed 22.3 min, VRAM peak 81.4%, ETA 2026-08-21 20:09:17 UTC (in 10.5 min)
2026-08-21 19:58:55 UTC INFO    __workspace___hf__models__Qwen2_5-14B-Instruct-AWQ/stage1: 820/1200 done, 1.6s/item, elapsed 22.4 min, VRAM peak 81.4%, ETA 2026-08-21 20:09:17 UTC (in 10.4 min)
2026-08-21 19:59:02 UTC INFO    __workspace___hf__models__Qwen2_5-14B-Instruct-AWQ/stage1: 825/1200 done, 1.6s/item, elapsed 22.5 min, VRAM peak 81.4%, ETA 2026-08-21 20:09:17 UTC (in 10.2 min)
2026-08-21 19:59:10 UTC INFO    __workspace___hf__models__Qwen2_5-14B-Instruct-AWQ/stage1: 830/1200 done, 1.6s/item, elapsed 22.7 min, VRAM peak 81.4%, ETA 2026-08-21 20:09:16 UTC (in 10.1 min)
2026-08-21 19:59:18 UTC INFO    __workspace___hf__models__Qwen2_5-14B-Instruct-AWQ/stage1: 835/1200 done, 1.6s/item, elapsed 22.8 min, VRAM peak 81.4%, ETA 2026-08-21 20:09:16 UTC (in 10.0 min)
2026-08-21 19:59:27 UTC INFO    __workspace___hf__models__Qwen2_5-14B-Instruct-AWQ/stage1: 840/1200 done, 1.6s/item, elapsed 22.9 min, VRAM peak 81.4%, ETA 2026-08-21 20:09:16 UTC (in 9.8 min)
2026-08-21 19:59:35 UTC INFO    __workspace___hf__models__Qwen2_5-14B-Instruct-AWQ/stage1: 845/1200 done, 1.6s/item, elapsed 23.1 min, VRAM peak 81.4%, ETA 2026-08-21 20:09:16 UTC (in 9.7 min)
2026-08-21 19:59:42 UTC INFO    __workspace___hf__models__Qwen2_5-14B-Instruct-AWQ/stage1: 850/1200 done, 1.6s/item, elapsed 23.2 min, VRAM peak 81.4%, ETA 2026-08-21 20:09:15 UTC (in 9.5 min)
2026-08-21 19:59:51 UTC INFO    __workspace___hf__models__Qwen2_5-14B-Instruct-AWQ/stage1: 855/1200 done, 1.6s/item, elapsed 23.3 min, VRAM peak 81.4%, ETA 2026-08-21 20:09:16 UTC (in 9.4 min)
2026-08-21 19:59:59 UTC INFO    __workspace___hf__models__Qwen2_5-14B-Instruct-AWQ/stage1: 860/1200 done, 1.6s/item, elapsed 23.5 min, VRAM peak 81.4%, ETA 2026-08-21 20:09:16 UTC (in 9.3 min)
2026-08-21 20:00:05 UTC INFO    __workspace___hf__models__Qwen2_5-14B-Instruct-AWQ/stage1: 865/1200 done, 1.6s/item, elapsed 23.6 min, VRAM peak 81.4%, ETA 2026-08-21 20:09:13 UTC (in 9.1 min)
2026-08-21 20:00:13 UTC INFO    __workspace___hf__models__Qwen2_5-14B-Instruct-AWQ/stage1: 870/1200 done, 1.6s/item, elapsed 23.7 min, VRAM peak 81.4%, ETA 2026-08-21 20:09:12 UTC (in 9.0 min)
2026-08-21 20:00:21 UTC INFO    __workspace___hf__models__Qwen2_5-14B-Instruct-AWQ/stage1: 875/1200 done, 1.6s/item, elapsed 23.8 min, VRAM peak 81.4%, ETA 2026-08-21 20:09:13 UTC (in 8.9 min)
2026-08-21 20:00:29 UTC INFO    __workspace___hf__models__Qwen2_5-14B-Instruct-AWQ/stage1: 880/1200 done, 1.6s/item, elapsed 24.0 min, VRAM peak 81.4%, ETA 2026-08-21 20:09:12 UTC (in 8.7 min)
2026-08-21 20:00:38 UTC INFO    __workspace___hf__models__Qwen2_5-14B-Instruct-AWQ/stage1: 885/1200 done, 1.6s/item, elapsed 24.1 min, VRAM peak 81.4%, ETA 2026-08-21 20:09:12 UTC (in 8.6 min)
2026-08-21 20:00:45 UTC INFO    __workspace___hf__models__Qwen2_5-14B-Instruct-AWQ/stage1: 890/1200 done, 1.6s/item, elapsed 24.2 min, VRAM peak 81.4%, ETA 2026-08-21 20:09:12 UTC (in 8.4 min)
2026-08-21 20:00:53 UTC INFO    __workspace___hf__models__Qwen2_5-14B-Instruct-AWQ/stage1: 895/1200 done, 1.6s/item, elapsed 24.4 min, VRAM peak 81.4%, ETA 2026-08-21 20:09:12 UTC (in 8.3 min)
2026-08-21 20:01:01 UTC INFO    __workspace___hf__models__Qwen2_5-14B-Instruct-AWQ/stage1: 900/1200 done, 1.6s/item, elapsed 24.5 min, VRAM peak 81.4%, ETA 2026-08-21 20:09:12 UTC (in 8.2 min)
2026-08-21 20:01:10 UTC INFO    __workspace___hf__models__Qwen2_5-14B-Instruct-AWQ/stage1: 905/1200 done, 1.6s/item, elapsed 24.6 min, VRAM peak 81.4%, ETA 2026-08-21 20:09:12 UTC (in 8.0 min)
2026-08-21 20:01:19 UTC INFO    __workspace___hf__models__Qwen2_5-14B-Instruct-AWQ/stage1: 910/1200 done, 1.6s/item, elapsed 24.8 min, VRAM peak 81.4%, ETA 2026-08-21 20:09:13 UTC (in 7.9 min)
2026-08-21 20:01:27 UTC INFO    __workspace___hf__models__Qwen2_5-14B-Instruct-AWQ/stage1: 915/1200 done, 1.6s/item, elapsed 24.9 min, VRAM peak 81.4%, ETA 2026-08-21 20:09:12 UTC (in 7.8 min)
2026-08-21 20:01:33 UTC INFO    __workspace___hf__models__Qwen2_5-14B-Instruct-AWQ/stage1: 920/1200 done, 1.6s/item, elapsed 25.0 min, VRAM peak 81.4%, ETA 2026-08-21 20:09:10 UTC (in 7.6 min)
2026-08-21 20:01:42 UTC INFO    __workspace___hf__models__Qwen2_5-14B-Instruct-AWQ/stage1: 925/1200 done, 1.6s/item, elapsed 25.2 min, VRAM peak 81.4%, ETA 2026-08-21 20:09:11 UTC (in 7.5 min)
2026-08-21 20:01:52 UTC INFO    __workspace___hf__models__Qwen2_5-14B-Instruct-AWQ/stage1: 930/1200 done, 1.6s/item, elapsed 25.3 min, VRAM peak 81.4%, ETA 2026-08-21 20:09:13 UTC (in 7.4 min)
2026-08-21 20:01:58 UTC INFO    __workspace___hf__models__Qwen2_5-14B-Instruct-AWQ/stage1: 935/1200 done, 1.6s/item, elapsed 25.4 min, VRAM peak 81.4%, ETA 2026-08-21 20:09:11 UTC (in 7.2 min)
2026-08-21 20:02:06 UTC INFO    __workspace___hf__models__Qwen2_5-14B-Instruct-AWQ/stage1: 940/1200 done, 1.6s/item, elapsed 25.6 min, VRAM peak 81.4%, ETA 2026-08-21 20:09:10 UTC (in 7.1 min)
2026-08-21 20:02:14 UTC INFO    __workspace___hf__models__Qwen2_5-14B-Instruct-AWQ/stage1: 945/1200 done, 1.6s/item, elapsed 25.7 min, VRAM peak 81.4%, ETA 2026-08-21 20:09:10 UTC (in 6.9 min)
2026-08-21 20:02:22 UTC INFO    __workspace___hf__models__Qwen2_5-14B-Instruct-AWQ/stage1: 950/1200 done, 1.6s/item, elapsed 25.8 min, VRAM peak 81.4%, ETA 2026-08-21 20:09:10 UTC (in 6.8 min)
2026-08-21 20:02:30 UTC INFO    __workspace___hf__models__Qwen2_5-14B-Instruct-AWQ/stage1: 955/1200 done, 1.6s/item, elapsed 26.0 min, VRAM peak 81.4%, ETA 2026-08-21 20:09:09 UTC (in 6.7 min)
2026-08-21 20:02:38 UTC INFO    __workspace___hf__models__Qwen2_5-14B-Instruct-AWQ/stage1: 960/1200 done, 1.6s/item, elapsed 26.1 min, VRAM peak 81.4%, ETA 2026-08-21 20:09:09 UTC (in 6.5 min)
2026-08-21 20:02:44 UTC INFO    __workspace___hf__models__Qwen2_5-14B-Instruct-AWQ/stage1: 965/1200 done, 1.6s/item, elapsed 26.2 min, VRAM peak 81.4%, ETA 2026-08-21 20:09:07 UTC (in 6.4 min)
2026-08-21 20:02:52 UTC INFO    __workspace___hf__models__Qwen2_5-14B-Instruct-AWQ/stage1: 970/1200 done, 1.6s/item, elapsed 26.3 min, VRAM peak 81.4%, ETA 2026-08-21 20:09:07 UTC (in 6.2 min)
2026-08-21 20:03:01 UTC INFO    __workspace___hf__models__Qwen2_5-14B-Instruct-AWQ/stage1: 975/1200 done, 1.6s/item, elapsed 26.5 min, VRAM peak 81.4%, ETA 2026-08-21 20:09:08 UTC (in 6.1 min)
2026-08-21 20:03:08 UTC INFO    __workspace___hf__models__Qwen2_5-14B-Instruct-AWQ/stage1: 980/1200 done, 1.6s/item, elapsed 26.6 min, VRAM peak 81.4%, ETA 2026-08-21 20:09:06 UTC (in 6.0 min)
2026-08-21 20:03:15 UTC INFO    __workspace___hf__models__Qwen2_5-14B-Instruct-AWQ/stage1: 985/1200 done, 1.6s/item, elapsed 26.7 min, VRAM peak 81.4%, ETA 2026-08-21 20:09:06 UTC (in 5.8 min)
2026-08-21 20:03:24 UTC INFO    __workspace___hf__models__Qwen2_5-14B-Instruct-AWQ/stage1: 990/1200 done, 1.6s/item, elapsed 26.9 min, VRAM peak 81.4%, ETA 2026-08-21 20:09:06 UTC (in 5.7 min)
2026-08-21 20:03:32 UTC INFO    __workspace___hf__models__Qwen2_5-14B-Instruct-AWQ/stage1: 995/1200 done, 1.6s/item, elapsed 27.0 min, VRAM peak 81.4%, ETA 2026-08-21 20:09:06 UTC (in 5.6 min)
2026-08-21 20:03:40 UTC INFO    __workspace___hf__models__Qwen2_5-14B-Instruct-AWQ/stage1: 1000/1200 done, 1.6s/item, elapsed 27.2 min, VRAM peak 81.4%, ETA 2026-08-21 20:09:06 UTC (in 5.4 min)
2026-08-21 20:03:50 UTC INFO    __workspace___hf__models__Qwen2_5-14B-Instruct-AWQ/stage1: 1005/1200 done, 1.6s/item, elapsed 27.3 min, VRAM peak 81.4%, ETA 2026-08-21 20:09:08 UTC (in 5.3 min)
2026-08-21 20:03:58 UTC INFO    __workspace___hf__models__Qwen2_5-14B-Instruct-AWQ/stage1: 1010/1200 done, 1.6s/item, elapsed 27.4 min, VRAM peak 81.4%, ETA 2026-08-21 20:09:08 UTC (in 5.2 min)
2026-08-21 20:04:05 UTC INFO    __workspace___hf__models__Qwen2_5-14B-Instruct-AWQ/stage1: 1015/1200 done, 1.6s/item, elapsed 27.6 min, VRAM peak 81.4%, ETA 2026-08-21 20:09:06 UTC (in 5.0 min)
2026-08-21 20:04:14 UTC INFO    __workspace___hf__models__Qwen2_5-14B-Instruct-AWQ/stage1: 1020/1200 done, 1.6s/item, elapsed 27.7 min, VRAM peak 81.4%, ETA 2026-08-21 20:09:08 UTC (in 4.9 min)
2026-08-21 20:04:22 UTC INFO    __workspace___hf__models__Qwen2_5-14B-Instruct-AWQ/stage1: 1025/1200 done, 1.6s/item, elapsed 27.8 min, VRAM peak 81.4%, ETA 2026-08-21 20:09:07 UTC (in 4.8 min)
2026-08-21 20:04:31 UTC INFO    __workspace___hf__models__Qwen2_5-14B-Instruct-AWQ/stage1: 1030/1200 done, 1.6s/item, elapsed 28.0 min, VRAM peak 81.4%, ETA 2026-08-21 20:09:08 UTC (in 4.6 min)
2026-08-21 20:04:39 UTC INFO    __workspace___hf__models__Qwen2_5-14B-Instruct-AWQ/stage1: 1035/1200 done, 1.6s/item, elapsed 28.1 min, VRAM peak 81.4%, ETA 2026-08-21 20:09:08 UTC (in 4.5 min)
2026-08-21 20:04:46 UTC INFO    __workspace___hf__models__Qwen2_5-14B-Instruct-AWQ/stage1: 1040/1200 done, 1.6s/item, elapsed 28.2 min, VRAM peak 81.4%, ETA 2026-08-21 20:09:07 UTC (in 4.3 min)
2026-08-21 20:04:54 UTC INFO    __workspace___hf__models__Qwen2_5-14B-Instruct-AWQ/stage1: 1045/1200 done, 1.6s/item, elapsed 28.4 min, VRAM peak 81.4%, ETA 2026-08-21 20:09:07 UTC (in 4.2 min)
2026-08-21 20:05:02 UTC INFO    __workspace___hf__models__Qwen2_5-14B-Instruct-AWQ/stage1: 1050/1200 done, 1.6s/item, elapsed 28.5 min, VRAM peak 81.4%, ETA 2026-08-21 20:09:06 UTC (in 4.1 min)
2026-08-21 20:05:10 UTC INFO    __workspace___hf__models__Qwen2_5-14B-Instruct-AWQ/stage1: 1055/1200 done, 1.6s/item, elapsed 28.6 min, VRAM peak 81.4%, ETA 2026-08-21 20:09:06 UTC (in 3.9 min)
2026-08-21 20:05:19 UTC INFO    __workspace___hf__models__Qwen2_5-14B-Instruct-AWQ/stage1: 1060/1200 done, 1.6s/item, elapsed 28.8 min, VRAM peak 81.4%, ETA 2026-08-21 20:09:07 UTC (in 3.8 min)
2026-08-21 20:05:27 UTC INFO    __workspace___hf__models__Qwen2_5-14B-Instruct-AWQ/stage1: 1065/1200 done, 1.6s/item, elapsed 28.9 min, VRAM peak 81.4%, ETA 2026-08-21 20:09:08 UTC (in 3.7 min)
2026-08-21 20:05:35 UTC INFO    __workspace___hf__models__Qwen2_5-14B-Instruct-AWQ/stage1: 1070/1200 done, 1.6s/item, elapsed 29.1 min, VRAM peak 81.4%, ETA 2026-08-21 20:09:07 UTC (in 3.5 min)
2026-08-21 20:05:42 UTC INFO    __workspace___hf__models__Qwen2_5-14B-Instruct-AWQ/stage1: 1075/1200 done, 1.6s/item, elapsed 29.2 min, VRAM peak 81.4%, ETA 2026-08-21 20:09:06 UTC (in 3.4 min)
2026-08-21 20:05:50 UTC INFO    __workspace___hf__models__Qwen2_5-14B-Instruct-AWQ/stage1: 1080/1200 done, 1.6s/item, elapsed 29.3 min, VRAM peak 81.4%, ETA 2026-08-21 20:09:05 UTC (in 3.3 min)
2026-08-21 20:05:59 UTC INFO    __workspace___hf__models__Qwen2_5-14B-Instruct-AWQ/stage1: 1085/1200 done, 1.6s/item, elapsed 29.5 min, VRAM peak 81.4%, ETA 2026-08-21 20:09:06 UTC (in 3.1 min)
2026-08-21 20:06:06 UTC INFO    __workspace___hf__models__Qwen2_5-14B-Instruct-AWQ/stage1: 1090/1200 done, 1.6s/item, elapsed 29.6 min, VRAM peak 81.4%, ETA 2026-08-21 20:09:05 UTC (in 3.0 min)
2026-08-21 20:06:15 UTC INFO    __workspace___hf__models__Qwen2_5-14B-Instruct-AWQ/stage1: 1095/1200 done, 1.6s/item, elapsed 29.7 min, VRAM peak 81.4%, ETA 2026-08-21 20:09:06 UTC (in 2.9 min)
2026-08-21 20:06:24 UTC INFO    __workspace___hf__models__Qwen2_5-14B-Instruct-AWQ/stage1: 1100/1200 done, 1.6s/item, elapsed 29.9 min, VRAM peak 81.4%, ETA 2026-08-21 20:09:07 UTC (in 2.7 min)
2026-08-21 20:06:31 UTC INFO    __workspace___hf__models__Qwen2_5-14B-Instruct-AWQ/stage1: 1105/1200 done, 1.6s/item, elapsed 30.0 min, VRAM peak 81.4%, ETA 2026-08-21 20:09:06 UTC (in 2.6 min)
2026-08-21 20:06:39 UTC INFO    __workspace___hf__models__Qwen2_5-14B-Instruct-AWQ/stage1: 1110/1200 done, 1.6s/item, elapsed 30.1 min, VRAM peak 81.4%, ETA 2026-08-21 20:09:06 UTC (in 2.4 min)
2026-08-21 20:06:47 UTC INFO    __workspace___hf__models__Qwen2_5-14B-Instruct-AWQ/stage1: 1115/1200 done, 1.6s/item, elapsed 30.3 min, VRAM peak 81.4%, ETA 2026-08-21 20:09:05 UTC (in 2.3 min)
2026-08-21 20:06:54 UTC INFO    __workspace___hf__models__Qwen2_5-14B-Instruct-AWQ/stage1: 1120/1200 done, 1.6s/item, elapsed 30.4 min, VRAM peak 81.4%, ETA 2026-08-21 20:09:05 UTC (in 2.2 min)
2026-08-21 20:07:03 UTC INFO    __workspace___hf__models__Qwen2_5-14B-Instruct-AWQ/stage1: 1125/1200 done, 1.6s/item, elapsed 30.5 min, VRAM peak 81.4%, ETA 2026-08-21 20:09:05 UTC (in 2.0 min)
2026-08-21 20:07:10 UTC INFO    __workspace___hf__models__Qwen2_5-14B-Instruct-AWQ/stage1: 1130/1200 done, 1.6s/item, elapsed 30.6 min, VRAM peak 81.4%, ETA 2026-08-21 20:09:03 UTC (in 1.9 min)
2026-08-21 20:07:18 UTC INFO    __workspace___hf__models__Qwen2_5-14B-Instruct-AWQ/stage1: 1135/1200 done, 1.6s/item, elapsed 30.8 min, VRAM peak 81.4%, ETA 2026-08-21 20:09:03 UTC (in 1.8 min)
2026-08-21 20:07:26 UTC INFO    __workspace___hf__models__Qwen2_5-14B-Instruct-AWQ/stage1: 1140/1200 done, 1.6s/item, elapsed 30.9 min, VRAM peak 81.4%, ETA 2026-08-21 20:09:04 UTC (in 1.6 min)
2026-08-21 20:07:34 UTC INFO    __workspace___hf__models__Qwen2_5-14B-Instruct-AWQ/stage1: 1145/1200 done, 1.6s/item, elapsed 31.0 min, VRAM peak 81.4%, ETA 2026-08-21 20:09:03 UTC (in 1.5 min)
2026-08-21 20:07:42 UTC INFO    __workspace___hf__models__Qwen2_5-14B-Instruct-AWQ/stage1: 1150/1200 done, 1.6s/item, elapsed 31.2 min, VRAM peak 81.4%, ETA 2026-08-21 20:09:04 UTC (in 1.4 min)
2026-08-21 20:07:51 UTC INFO    __workspace___hf__models__Qwen2_5-14B-Instruct-AWQ/stage1: 1155/1200 done, 1.6s/item, elapsed 31.3 min, VRAM peak 81.4%, ETA 2026-08-21 20:09:04 UTC (in 1.2 min)
2026-08-21 20:07:59 UTC INFO    __workspace___hf__models__Qwen2_5-14B-Instruct-AWQ/stage1: 1160/1200 done, 1.6s/item, elapsed 31.5 min, VRAM peak 81.4%, ETA 2026-08-21 20:09:04 UTC (in 1.1 min)
2026-08-21 20:08:07 UTC INFO    __workspace___hf__models__Qwen2_5-14B-Instruct-AWQ/stage1: 1165/1200 done, 1.6s/item, elapsed 31.6 min, VRAM peak 81.4%, ETA 2026-08-21 20:09:04 UTC (in 0.9 min)
2026-08-21 20:08:14 UTC INFO    __workspace___hf__models__Qwen2_5-14B-Instruct-AWQ/stage1: 1170/1200 done, 1.6s/item, elapsed 31.7 min, VRAM peak 81.4%, ETA 2026-08-21 20:09:03 UTC (in 0.8 min)
2026-08-21 20:08:22 UTC INFO    __workspace___hf__models__Qwen2_5-14B-Instruct-AWQ/stage1: 1175/1200 done, 1.6s/item, elapsed 31.9 min, VRAM peak 81.4%, ETA 2026-08-21 20:09:03 UTC (in 0.7 min)
2026-08-21 20:08:30 UTC INFO    __workspace___hf__models__Qwen2_5-14B-Instruct-AWQ/stage1: 1180/1200 done, 1.6s/item, elapsed 32.0 min, VRAM peak 81.4%, ETA 2026-08-21 20:09:02 UTC (in 0.5 min)
2026-08-21 20:08:38 UTC INFO    __workspace___hf__models__Qwen2_5-14B-Instruct-AWQ/stage1: 1185/1200 done, 1.6s/item, elapsed 32.1 min, VRAM peak 81.4%, ETA 2026-08-21 20:09:02 UTC (in 0.4 min)
2026-08-21 20:08:46 UTC INFO    __workspace___hf__models__Qwen2_5-14B-Instruct-AWQ/stage1: 1190/1200 done, 1.6s/item, elapsed 32.3 min, VRAM peak 81.4%, ETA 2026-08-21 20:09:03 UTC (in 0.3 min)
2026-08-21 20:08:55 UTC INFO    __workspace___hf__models__Qwen2_5-14B-Instruct-AWQ/stage1: 1195/1200 done, 1.6s/item, elapsed 32.4 min, VRAM peak 81.4%, ETA 2026-08-21 20:09:03 UTC (in 0.1 min)
2026-08-21 20:09:03 UTC INFO    __workspace___hf__models__Qwen2_5-14B-Instruct-AWQ/stage1: 1200/1200 done, 1.6s/item, elapsed 32.5 min, VRAM peak 81.4%, ETA 2026-08-21 20:09:03 UTC (in 0.0 min)
2026-08-21 20:09:03 UTC INFO    GPU ledger: +1951.7s for __workspace___hf__models__Qwen2_5-14B-Instruct-AWQ/stage1, cumulative 28124.3s (7.81 h, 39.1% of the 20 h allowance)
2026-08-21 20:09:03 UTC INFO    /workspace/.hf/models/Qwen2.5-14B-Instruct-AWQ stage1: {"items": 1200, "unreadable_choice": 0, "usable": 286, "abort_reason": null, "elapsed_min": 32.53, "vram_peak_pct": 81.4}
2026-08-21 20:09:13 UTC INFO    /workspace/.hf/models/Qwen2.5-14B-Instruct-AWQ stage2: {"attempted": 286, "built": 106, "dropped": 180, "search_cap_hit": 179}
2026-08-21 20:09:24 UTC INFO    __workspace___hf__models__Qwen2_5-14B-Instruct-AWQ/stage3: 10/1060 done, 1.1s/item, elapsed 0.2 min, VRAM peak 81.4%, ETA 2026-08-21 20:28:33 UTC (in 19.2 min)
2026-08-21 20:09:37 UTC INFO    __workspace___hf__models__Qwen2_5-14B-Instruct-AWQ/stage3: 20/1060 done, 1.2s/item, elapsed 0.4 min, VRAM peak 81.4%, ETA 2026-08-21 20:31:00 UTC (in 21.4 min)
2026-08-21 20:09:46 UTC INFO    __workspace___hf__models__Qwen2_5-14B-Instruct-AWQ/stage3: 30/1060 done, 1.1s/item, elapsed 0.6 min, VRAM peak 81.4%, ETA 2026-08-21 20:28:59 UTC (in 19.2 min)
2026-08-21 20:10:04 UTC INFO    __workspace___hf__models__Qwen2_5-14B-Instruct-AWQ/stage3: 40/1060 done, 1.3s/item, elapsed 0.9 min, VRAM peak 81.4%, ETA 2026-08-21 20:31:49 UTC (in 21.8 min)
2026-08-21 20:10:12 UTC INFO    __workspace___hf__models__Qwen2_5-14B-Instruct-AWQ/stage3: 50/1060 done, 1.2s/item, elapsed 1.0 min, VRAM peak 81.4%, ETA 2026-08-21 20:30:14 UTC (in 20.0 min)
2026-08-21 20:10:22 UTC INFO    __workspace___hf__models__Qwen2_5-14B-Instruct-AWQ/stage3: 60/1060 done, 1.2s/item, elapsed 1.2 min, VRAM peak 81.4%, ETA 2026-08-21 20:29:45 UTC (in 19.4 min)
2026-08-21 20:10:34 UTC INFO    __workspace___hf__models__Qwen2_5-14B-Instruct-AWQ/stage3: 70/1060 done, 1.2s/item, elapsed 1.4 min, VRAM peak 81.4%, ETA 2026-08-21 20:29:50 UTC (in 19.3 min)
2026-08-21 20:10:45 UTC INFO    __workspace___hf__models__Qwen2_5-14B-Instruct-AWQ/stage3: 80/1060 done, 1.2s/item, elapsed 1.5 min, VRAM peak 81.4%, ETA 2026-08-21 20:29:41 UTC (in 18.9 min)
2026-08-21 20:10:55 UTC INFO    __workspace___hf__models__Qwen2_5-14B-Instruct-AWQ/stage3: 90/1060 done, 1.1s/item, elapsed 1.7 min, VRAM peak 81.4%, ETA 2026-08-21 20:29:15 UTC (in 18.3 min)
2026-08-21 20:11:05 UTC INFO    __workspace___hf__models__Qwen2_5-14B-Instruct-AWQ/stage3: 100/1060 done, 1.1s/item, elapsed 1.9 min, VRAM peak 81.4%, ETA 2026-08-21 20:29:03 UTC (in 18.0 min)
2026-08-21 20:11:15 UTC INFO    __workspace___hf__models__Qwen2_5-14B-Instruct-AWQ/stage3: 110/1060 done, 1.1s/item, elapsed 2.0 min, VRAM peak 81.4%, ETA 2026-08-21 20:28:49 UTC (in 17.6 min)
2026-08-21 20:11:23 UTC INFO    __workspace___hf__models__Qwen2_5-14B-Instruct-AWQ/stage3: 120/1060 done, 1.1s/item, elapsed 2.2 min, VRAM peak 81.4%, ETA 2026-08-21 20:28:25 UTC (in 17.0 min)
2026-08-21 20:11:31 UTC INFO    __workspace___hf__models__Qwen2_5-14B-Instruct-AWQ/stage3: 130/1060 done, 1.1s/item, elapsed 2.3 min, VRAM peak 81.4%, ETA 2026-08-21 20:27:58 UTC (in 16.5 min)
2026-08-21 20:11:40 UTC INFO    __workspace___hf__models__Qwen2_5-14B-Instruct-AWQ/stage3: 140/1060 done, 1.1s/item, elapsed 2.5 min, VRAM peak 81.4%, ETA 2026-08-21 20:27:47 UTC (in 16.1 min)
2026-08-21 20:11:51 UTC INFO    __workspace___hf__models__Qwen2_5-14B-Instruct-AWQ/stage3: 150/1060 done, 1.1s/item, elapsed 2.6 min, VRAM peak 81.4%, ETA 2026-08-21 20:27:53 UTC (in 16.0 min)
2026-08-21 20:12:04 UTC INFO    __workspace___hf__models__Qwen2_5-14B-Instruct-AWQ/stage3: 160/1060 done, 1.1s/item, elapsed 2.9 min, VRAM peak 81.4%, ETA 2026-08-21 20:28:06 UTC (in 16.0 min)
2026-08-21 20:12:12 UTC INFO    __workspace___hf__models__Qwen2_5-14B-Instruct-AWQ/stage3: 170/1060 done, 1.1s/item, elapsed 3.0 min, VRAM peak 81.4%, ETA 2026-08-21 20:27:52 UTC (in 15.7 min)
2026-08-21 20:12:26 UTC INFO    __workspace___hf__models__Qwen2_5-14B-Instruct-AWQ/stage3: 180/1060 done, 1.1s/item, elapsed 3.2 min, VRAM peak 81.4%, ETA 2026-08-21 20:28:13 UTC (in 15.8 min)
2026-08-21 20:12:35 UTC INFO    __workspace___hf__models__Qwen2_5-14B-Instruct-AWQ/stage3: 190/1060 done, 1.1s/item, elapsed 3.4 min, VRAM peak 81.4%, ETA 2026-08-21 20:28:03 UTC (in 15.5 min)
2026-08-21 20:12:46 UTC INFO    __workspace___hf__models__Qwen2_5-14B-Instruct-AWQ/stage3: 200/1060 done, 1.1s/item, elapsed 3.6 min, VRAM peak 81.4%, ETA 2026-08-21 20:28:03 UTC (in 15.3 min)
2026-08-21 20:12:56 UTC INFO    __workspace___hf__models__Qwen2_5-14B-Instruct-AWQ/stage3: 210/1060 done, 1.1s/item, elapsed 3.7 min, VRAM peak 81.4%, ETA 2026-08-21 20:28:01 UTC (in 15.1 min)
2026-08-21 20:13:04 UTC INFO    __workspace___hf__models__Qwen2_5-14B-Instruct-AWQ/stage3: 220/1060 done, 1.1s/item, elapsed 3.9 min, VRAM peak 81.4%, ETA 2026-08-21 20:27:48 UTC (in 14.7 min)
2026-08-21 20:13:12 UTC INFO    __workspace___hf__models__Qwen2_5-14B-Instruct-AWQ/stage3: 230/1060 done, 1.0s/item, elapsed 4.0 min, VRAM peak 81.4%, ETA 2026-08-21 20:27:35 UTC (in 14.4 min)
2026-08-21 20:13:20 UTC INFO    __workspace___hf__models__Qwen2_5-14B-Instruct-AWQ/stage3: 240/1060 done, 1.0s/item, elapsed 4.1 min, VRAM peak 81.4%, ETA 2026-08-21 20:27:23 UTC (in 14.1 min)
2026-08-21 20:13:29 UTC INFO    __workspace___hf__models__Qwen2_5-14B-Instruct-AWQ/stage3: 250/1060 done, 1.0s/item, elapsed 4.3 min, VRAM peak 81.4%, ETA 2026-08-21 20:27:20 UTC (in 13.8 min)
2026-08-21 20:13:38 UTC INFO    __workspace___hf__models__Qwen2_5-14B-Instruct-AWQ/stage3: 260/1060 done, 1.0s/item, elapsed 4.4 min, VRAM peak 81.4%, ETA 2026-08-21 20:27:13 UTC (in 13.6 min)
2026-08-21 20:13:47 UTC INFO    __workspace___hf__models__Qwen2_5-14B-Instruct-AWQ/stage3: 270/1060 done, 1.0s/item, elapsed 4.6 min, VRAM peak 81.4%, ETA 2026-08-21 20:27:11 UTC (in 13.4 min)
2026-08-21 20:13:55 UTC INFO    __workspace___hf__models__Qwen2_5-14B-Instruct-AWQ/stage3: 280/1060 done, 1.0s/item, elapsed 4.7 min, VRAM peak 81.4%, ETA 2026-08-21 20:27:00 UTC (in 13.1 min)
2026-08-21 20:14:03 UTC INFO    __workspace___hf__models__Qwen2_5-14B-Instruct-AWQ/stage3: 290/1060 done, 1.0s/item, elapsed 4.8 min, VRAM peak 81.4%, ETA 2026-08-21 20:26:55 UTC (in 12.9 min)
2026-08-21 20:14:12 UTC INFO    __workspace___hf__models__Qwen2_5-14B-Instruct-AWQ/stage3: 300/1060 done, 1.0s/item, elapsed 5.0 min, VRAM peak 81.4%, ETA 2026-08-21 20:26:51 UTC (in 12.6 min)
2026-08-21 20:14:22 UTC INFO    __workspace___hf__models__Qwen2_5-14B-Instruct-AWQ/stage3: 310/1060 done, 1.0s/item, elapsed 5.1 min, VRAM peak 81.4%, ETA 2026-08-21 20:26:49 UTC (in 12.5 min)
2026-08-21 20:14:31 UTC INFO    __workspace___hf__models__Qwen2_5-14B-Instruct-AWQ/stage3: 320/1060 done, 1.0s/item, elapsed 5.3 min, VRAM peak 81.4%, ETA 2026-08-21 20:26:47 UTC (in 12.3 min)
2026-08-21 20:14:39 UTC INFO    __workspace___hf__models__Qwen2_5-14B-Instruct-AWQ/stage3: 330/1060 done, 1.0s/item, elapsed 5.4 min, VRAM peak 81.4%, ETA 2026-08-21 20:26:41 UTC (in 12.0 min)
2026-08-21 20:14:51 UTC INFO    __workspace___hf__models__Qwen2_5-14B-Instruct-AWQ/stage3: 340/1060 done, 1.0s/item, elapsed 5.6 min, VRAM peak 81.4%, ETA 2026-08-21 20:26:48 UTC (in 12.0 min)
2026-08-21 20:15:00 UTC INFO    __workspace___hf__models__Qwen2_5-14B-Instruct-AWQ/stage3: 350/1060 done, 1.0s/item, elapsed 5.8 min, VRAM peak 81.4%, ETA 2026-08-21 20:26:46 UTC (in 11.8 min)
2026-08-21 20:15:15 UTC INFO    __workspace___hf__models__Qwen2_5-14B-Instruct-AWQ/stage3: 360/1060 done, 1.0s/item, elapsed 6.0 min, VRAM peak 81.4%, ETA 2026-08-21 20:26:59 UTC (in 11.7 min)
2026-08-21 20:15:22 UTC INFO    __workspace___hf__models__Qwen2_5-14B-Instruct-AWQ/stage3: 370/1060 done, 1.0s/item, elapsed 6.1 min, VRAM peak 81.4%, ETA 2026-08-21 20:26:50 UTC (in 11.5 min)
2026-08-21 20:15:31 UTC INFO    __workspace___hf__models__Qwen2_5-14B-Instruct-AWQ/stage3: 380/1060 done, 1.0s/item, elapsed 6.3 min, VRAM peak 81.4%, ETA 2026-08-21 20:26:49 UTC (in 11.3 min)
2026-08-21 20:15:41 UTC INFO    __workspace___hf__models__Qwen2_5-14B-Instruct-AWQ/stage3: 390/1060 done, 1.0s/item, elapsed 6.5 min, VRAM peak 81.4%, ETA 2026-08-21 20:26:48 UTC (in 11.1 min)
2026-08-21 20:15:49 UTC INFO    __workspace___hf__models__Qwen2_5-14B-Instruct-AWQ/stage3: 400/1060 done, 1.0s/item, elapsed 6.6 min, VRAM peak 81.4%, ETA 2026-08-21 20:26:43 UTC (in 10.9 min)
2026-08-21 20:15:57 UTC INFO    __workspace___hf__models__Qwen2_5-14B-Instruct-AWQ/stage3: 410/1060 done, 1.0s/item, elapsed 6.7 min, VRAM peak 81.4%, ETA 2026-08-21 20:26:38 UTC (in 10.7 min)
2026-08-21 20:16:06 UTC INFO    __workspace___hf__models__Qwen2_5-14B-Instruct-AWQ/stage3: 420/1060 done, 1.0s/item, elapsed 6.9 min, VRAM peak 81.4%, ETA 2026-08-21 20:26:35 UTC (in 10.5 min)
2026-08-21 20:16:16 UTC INFO    __workspace___hf__models__Qwen2_5-14B-Instruct-AWQ/stage3: 430/1060 done, 1.0s/item, elapsed 7.1 min, VRAM peak 81.4%, ETA 2026-08-21 20:26:36 UTC (in 10.3 min)
2026-08-21 20:16:23 UTC INFO    __workspace___hf__models__Qwen2_5-14B-Instruct-AWQ/stage3: 440/1060 done, 1.0s/item, elapsed 7.2 min, VRAM peak 81.4%, ETA 2026-08-21 20:26:30 UTC (in 10.1 min)
2026-08-21 20:16:33 UTC INFO    __workspace___hf__models__Qwen2_5-14B-Instruct-AWQ/stage3: 450/1060 done, 1.0s/item, elapsed 7.3 min, VRAM peak 81.4%, ETA 2026-08-21 20:26:29 UTC (in 9.9 min)
2026-08-21 20:16:41 UTC INFO    __workspace___hf__models__Qwen2_5-14B-Instruct-AWQ/stage3: 460/1060 done, 1.0s/item, elapsed 7.5 min, VRAM peak 81.4%, ETA 2026-08-21 20:26:25 UTC (in 9.7 min)
2026-08-21 20:16:51 UTC INFO    __workspace___hf__models__Qwen2_5-14B-Instruct-AWQ/stage3: 470/1060 done, 1.0s/item, elapsed 7.6 min, VRAM peak 81.4%, ETA 2026-08-21 20:26:27 UTC (in 9.6 min)
2026-08-21 20:17:00 UTC INFO    __workspace___hf__models__Qwen2_5-14B-Instruct-AWQ/stage3: 480/1060 done, 1.0s/item, elapsed 7.8 min, VRAM peak 81.4%, ETA 2026-08-21 20:26:24 UTC (in 9.4 min)
2026-08-21 20:17:11 UTC INFO    __workspace___hf__models__Qwen2_5-14B-Instruct-AWQ/stage3: 490/1060 done, 1.0s/item, elapsed 8.0 min, VRAM peak 81.4%, ETA 2026-08-21 20:26:27 UTC (in 9.3 min)
2026-08-21 20:17:20 UTC INFO    __workspace___hf__models__Qwen2_5-14B-Instruct-AWQ/stage3: 500/1060 done, 1.0s/item, elapsed 8.1 min, VRAM peak 81.4%, ETA 2026-08-21 20:26:25 UTC (in 9.1 min)
2026-08-21 20:17:29 UTC INFO    __workspace___hf__models__Qwen2_5-14B-Instruct-AWQ/stage3: 510/1060 done, 1.0s/item, elapsed 8.3 min, VRAM peak 81.4%, ETA 2026-08-21 20:26:24 UTC (in 8.9 min)
2026-08-21 20:17:38 UTC INFO    __workspace___hf__models__Qwen2_5-14B-Instruct-AWQ/stage3: 520/1060 done, 1.0s/item, elapsed 8.4 min, VRAM peak 81.4%, ETA 2026-08-21 20:26:24 UTC (in 8.8 min)
2026-08-21 20:17:49 UTC INFO    __workspace___hf__models__Qwen2_5-14B-Instruct-AWQ/stage3: 530/1060 done, 1.0s/item, elapsed 8.6 min, VRAM peak 81.4%, ETA 2026-08-21 20:26:24 UTC (in 8.6 min)
2026-08-21 20:17:57 UTC INFO    __workspace___hf__models__Qwen2_5-14B-Instruct-AWQ/stage3: 540/1060 done, 1.0s/item, elapsed 8.7 min, VRAM peak 81.4%, ETA 2026-08-21 20:26:22 UTC (in 8.4 min)
2026-08-21 20:18:08 UTC INFO    __workspace___hf__models__Qwen2_5-14B-Instruct-AWQ/stage3: 550/1060 done, 1.0s/item, elapsed 8.9 min, VRAM peak 81.4%, ETA 2026-08-21 20:26:24 UTC (in 8.3 min)
2026-08-21 20:18:17 UTC INFO    __workspace___hf__models__Qwen2_5-14B-Instruct-AWQ/stage3: 560/1060 done, 1.0s/item, elapsed 9.1 min, VRAM peak 81.4%, ETA 2026-08-21 20:26:23 UTC (in 8.1 min)
2026-08-21 20:18:27 UTC INFO    __workspace___hf__models__Qwen2_5-14B-Instruct-AWQ/stage3: 570/1060 done, 1.0s/item, elapsed 9.2 min, VRAM peak 81.4%, ETA 2026-08-21 20:26:23 UTC (in 7.9 min)
2026-08-21 20:18:39 UTC INFO    __workspace___hf__models__Qwen2_5-14B-Instruct-AWQ/stage3: 580/1060 done, 1.0s/item, elapsed 9.4 min, VRAM peak 81.4%, ETA 2026-08-21 20:26:28 UTC (in 7.8 min)
2026-08-21 20:18:48 UTC INFO    __workspace___hf__models__Qwen2_5-14B-Instruct-AWQ/stage3: 590/1060 done, 1.0s/item, elapsed 9.6 min, VRAM peak 81.4%, ETA 2026-08-21 20:26:27 UTC (in 7.6 min)
2026-08-21 20:18:58 UTC INFO    __workspace___hf__models__Qwen2_5-14B-Instruct-AWQ/stage3: 600/1060 done, 1.0s/item, elapsed 9.8 min, VRAM peak 81.4%, ETA 2026-08-21 20:26:27 UTC (in 7.5 min)
2026-08-21 20:19:09 UTC INFO    __workspace___hf__models__Qwen2_5-14B-Instruct-AWQ/stage3: 610/1060 done, 1.0s/item, elapsed 9.9 min, VRAM peak 81.4%, ETA 2026-08-21 20:26:30 UTC (in 7.3 min)
2026-08-21 20:19:18 UTC INFO    __workspace___hf__models__Qwen2_5-14B-Instruct-AWQ/stage3: 620/1060 done, 1.0s/item, elapsed 10.1 min, VRAM peak 81.4%, ETA 2026-08-21 20:26:27 UTC (in 7.2 min)
2026-08-21 20:19:29 UTC INFO    __workspace___hf__models__Qwen2_5-14B-Instruct-AWQ/stage3: 630/1060 done, 1.0s/item, elapsed 10.3 min, VRAM peak 81.4%, ETA 2026-08-21 20:26:30 UTC (in 7.0 min)
2026-08-21 20:19:41 UTC INFO    __workspace___hf__models__Qwen2_5-14B-Instruct-AWQ/stage3: 640/1060 done, 1.0s/item, elapsed 10.5 min, VRAM peak 81.4%, ETA 2026-08-21 20:26:33 UTC (in 6.9 min)
2026-08-21 20:19:52 UTC INFO    __workspace___hf__models__Qwen2_5-14B-Instruct-AWQ/stage3: 650/1060 done, 1.0s/item, elapsed 10.7 min, VRAM peak 81.4%, ETA 2026-08-21 20:26:35 UTC (in 6.7 min)
2026-08-21 20:20:02 UTC INFO    __workspace___hf__models__Qwen2_5-14B-Instruct-AWQ/stage3: 660/1060 done, 1.0s/item, elapsed 10.8 min, VRAM peak 81.4%, ETA 2026-08-21 20:26:35 UTC (in 6.6 min)
2026-08-21 20:20:12 UTC INFO    __workspace___hf__models__Qwen2_5-14B-Instruct-AWQ/stage3: 670/1060 done, 1.0s/item, elapsed 11.0 min, VRAM peak 81.4%, ETA 2026-08-21 20:26:35 UTC (in 6.4 min)
2026-08-21 20:20:22 UTC INFO    __workspace___hf__models__Qwen2_5-14B-Instruct-AWQ/stage3: 680/1060 done, 1.0s/item, elapsed 11.2 min, VRAM peak 81.4%, ETA 2026-08-21 20:26:36 UTC (in 6.2 min)
2026-08-21 20:20:33 UTC INFO    __workspace___hf__models__Qwen2_5-14B-Instruct-AWQ/stage3: 690/1060 done, 1.0s/item, elapsed 11.3 min, VRAM peak 81.4%, ETA 2026-08-21 20:26:38 UTC (in 6.1 min)
2026-08-21 20:20:45 UTC INFO    __workspace___hf__models__Qwen2_5-14B-Instruct-AWQ/stage3: 700/1060 done, 1.0s/item, elapsed 11.5 min, VRAM peak 81.4%, ETA 2026-08-21 20:26:41 UTC (in 5.9 min)
2026-08-21 20:20:53 UTC INFO    __workspace___hf__models__Qwen2_5-14B-Instruct-AWQ/stage3: 710/1060 done, 1.0s/item, elapsed 11.7 min, VRAM peak 81.4%, ETA 2026-08-21 20:26:38 UTC (in 5.8 min)
2026-08-21 20:21:05 UTC INFO    __workspace___hf__models__Qwen2_5-14B-Instruct-AWQ/stage3: 720/1060 done, 1.0s/item, elapsed 11.9 min, VRAM peak 81.4%, ETA 2026-08-21 20:26:41 UTC (in 5.6 min)
2026-08-21 20:21:20 UTC INFO    __workspace___hf__models__Qwen2_5-14B-Instruct-AWQ/stage3: 730/1060 done, 1.0s/item, elapsed 12.1 min, VRAM peak 81.4%, ETA 2026-08-21 20:26:49 UTC (in 5.5 min)
2026-08-21 20:21:29 UTC INFO    __workspace___hf__models__Qwen2_5-14B-Instruct-AWQ/stage3: 740/1060 done, 1.0s/item, elapsed 12.3 min, VRAM peak 81.4%, ETA 2026-08-21 20:26:48 UTC (in 5.3 min)
2026-08-21 20:21:39 UTC INFO    __workspace___hf__models__Qwen2_5-14B-Instruct-AWQ/stage3: 750/1060 done, 1.0s/item, elapsed 12.4 min, VRAM peak 81.4%, ETA 2026-08-21 20:26:48 UTC (in 5.1 min)
2026-08-21 20:21:48 UTC INFO    __workspace___hf__models__Qwen2_5-14B-Instruct-AWQ/stage3: 760/1060 done, 1.0s/item, elapsed 12.6 min, VRAM peak 81.4%, ETA 2026-08-21 20:26:46 UTC (in 5.0 min)
2026-08-21 20:21:59 UTC INFO    __workspace___hf__models__Qwen2_5-14B-Instruct-AWQ/stage3: 770/1060 done, 1.0s/item, elapsed 12.8 min, VRAM peak 81.4%, ETA 2026-08-21 20:26:48 UTC (in 4.8 min)
2026-08-21 20:22:05 UTC INFO    __workspace___hf__models__Qwen2_5-14B-Instruct-AWQ/stage3: 780/1060 done, 1.0s/item, elapsed 12.9 min, VRAM peak 81.4%, ETA 2026-08-21 20:26:43 UTC (in 4.6 min)
2026-08-21 20:22:12 UTC INFO    __workspace___hf__models__Qwen2_5-14B-Instruct-AWQ/stage3: 790/1060 done, 1.0s/item, elapsed 13.0 min, VRAM peak 81.4%, ETA 2026-08-21 20:26:38 UTC (in 4.4 min)
2026-08-21 20:22:22 UTC INFO    __workspace___hf__models__Qwen2_5-14B-Instruct-AWQ/stage3: 800/1060 done, 1.0s/item, elapsed 13.2 min, VRAM peak 81.4%, ETA 2026-08-21 20:26:38 UTC (in 4.3 min)
2026-08-21 20:22:31 UTC INFO    __workspace___hf__models__Qwen2_5-14B-Instruct-AWQ/stage3: 810/1060 done, 1.0s/item, elapsed 13.3 min, VRAM peak 81.4%, ETA 2026-08-21 20:26:38 UTC (in 4.1 min)
2026-08-21 20:22:43 UTC INFO    __workspace___hf__models__Qwen2_5-14B-Instruct-AWQ/stage3: 820/1060 done, 1.0s/item, elapsed 13.5 min, VRAM peak 81.4%, ETA 2026-08-21 20:26:40 UTC (in 4.0 min)
2026-08-21 20:22:52 UTC INFO    __workspace___hf__models__Qwen2_5-14B-Instruct-AWQ/stage3: 830/1060 done, 1.0s/item, elapsed 13.7 min, VRAM peak 81.4%, ETA 2026-08-21 20:26:39 UTC (in 3.8 min)
2026-08-21 20:23:01 UTC INFO    __workspace___hf__models__Qwen2_5-14B-Instruct-AWQ/stage3: 840/1060 done, 1.0s/item, elapsed 13.8 min, VRAM peak 81.4%, ETA 2026-08-21 20:26:38 UTC (in 3.6 min)
2026-08-21 20:23:15 UTC INFO    __workspace___hf__models__Qwen2_5-14B-Instruct-AWQ/stage3: 850/1060 done, 1.0s/item, elapsed 14.0 min, VRAM peak 81.4%, ETA 2026-08-21 20:26:43 UTC (in 3.5 min)
2026-08-21 20:23:24 UTC INFO    __workspace___hf__models__Qwen2_5-14B-Instruct-AWQ/stage3: 860/1060 done, 1.0s/item, elapsed 14.2 min, VRAM peak 81.4%, ETA 2026-08-21 20:26:42 UTC (in 3.3 min)
2026-08-21 20:23:35 UTC INFO    __workspace___hf__models__Qwen2_5-14B-Instruct-AWQ/stage3: 870/1060 done, 1.0s/item, elapsed 14.4 min, VRAM peak 81.4%, ETA 2026-08-21 20:26:43 UTC (in 3.1 min)
2026-08-21 20:23:46 UTC INFO    __workspace___hf__models__Qwen2_5-14B-Instruct-AWQ/stage3: 880/1060 done, 1.0s/item, elapsed 14.6 min, VRAM peak 81.4%, ETA 2026-08-21 20:26:45 UTC (in 3.0 min)
2026-08-21 20:23:57 UTC INFO    __workspace___hf__models__Qwen2_5-14B-Instruct-AWQ/stage3: 890/1060 done, 1.0s/item, elapsed 14.7 min, VRAM peak 81.4%, ETA 2026-08-21 20:26:46 UTC (in 2.8 min)
2026-08-21 20:24:07 UTC INFO    __workspace___hf__models__Qwen2_5-14B-Instruct-AWQ/stage3: 900/1060 done, 1.0s/item, elapsed 14.9 min, VRAM peak 81.4%, ETA 2026-08-21 20:26:46 UTC (in 2.7 min)
2026-08-21 20:24:15 UTC INFO    __workspace___hf__models__Qwen2_5-14B-Instruct-AWQ/stage3: 910/1060 done, 1.0s/item, elapsed 15.0 min, VRAM peak 81.4%, ETA 2026-08-21 20:26:43 UTC (in 2.5 min)
2026-08-21 20:24:23 UTC INFO    __workspace___hf__models__Qwen2_5-14B-Instruct-AWQ/stage3: 920/1060 done, 1.0s/item, elapsed 15.2 min, VRAM peak 81.4%, ETA 2026-08-21 20:26:42 UTC (in 2.3 min)
2026-08-21 20:24:35 UTC INFO    __workspace___hf__models__Qwen2_5-14B-Instruct-AWQ/stage3: 930/1060 done, 1.0s/item, elapsed 15.4 min, VRAM peak 81.4%, ETA 2026-08-21 20:26:44 UTC (in 2.1 min)
2026-08-21 20:24:46 UTC INFO    __workspace___hf__models__Qwen2_5-14B-Instruct-AWQ/stage3: 940/1060 done, 1.0s/item, elapsed 15.6 min, VRAM peak 81.4%, ETA 2026-08-21 20:26:45 UTC (in 2.0 min)
2026-08-21 20:24:55 UTC INFO    __workspace___hf__models__Qwen2_5-14B-Instruct-AWQ/stage3: 950/1060 done, 1.0s/item, elapsed 15.7 min, VRAM peak 81.4%, ETA 2026-08-21 20:26:44 UTC (in 1.8 min)
2026-08-21 20:25:04 UTC INFO    __workspace___hf__models__Qwen2_5-14B-Instruct-AWQ/stage3: 960/1060 done, 1.0s/item, elapsed 15.9 min, VRAM peak 81.4%, ETA 2026-08-21 20:26:43 UTC (in 1.7 min)
2026-08-21 20:25:15 UTC INFO    __workspace___hf__models__Qwen2_5-14B-Instruct-AWQ/stage3: 970/1060 done, 1.0s/item, elapsed 16.0 min, VRAM peak 81.4%, ETA 2026-08-21 20:26:44 UTC (in 1.5 min)
2026-08-21 20:25:25 UTC INFO    __workspace___hf__models__Qwen2_5-14B-Instruct-AWQ/stage3: 980/1060 done, 1.0s/item, elapsed 16.2 min, VRAM peak 81.4%, ETA 2026-08-21 20:26:44 UTC (in 1.3 min)
2026-08-21 20:25:33 UTC INFO    __workspace___hf__models__Qwen2_5-14B-Instruct-AWQ/stage3: 990/1060 done, 1.0s/item, elapsed 16.3 min, VRAM peak 81.4%, ETA 2026-08-21 20:26:42 UTC (in 1.2 min)
2026-08-21 20:25:44 UTC INFO    __workspace___hf__models__Qwen2_5-14B-Instruct-AWQ/stage3: 1000/1060 done, 1.0s/item, elapsed 16.5 min, VRAM peak 81.4%, ETA 2026-08-21 20:26:44 UTC (in 1.0 min)
2026-08-21 20:25:57 UTC INFO    __workspace___hf__models__Qwen2_5-14B-Instruct-AWQ/stage3: 1010/1060 done, 1.0s/item, elapsed 16.7 min, VRAM peak 81.4%, ETA 2026-08-21 20:26:47 UTC (in 0.8 min)
2026-08-21 20:26:09 UTC INFO    __workspace___hf__models__Qwen2_5-14B-Instruct-AWQ/stage3: 1020/1060 done, 1.0s/item, elapsed 16.9 min, VRAM peak 81.4%, ETA 2026-08-21 20:26:48 UTC (in 0.7 min)
2026-08-21 20:26:21 UTC INFO    __workspace___hf__models__Qwen2_5-14B-Instruct-AWQ/stage3: 1030/1060 done, 1.0s/item, elapsed 17.1 min, VRAM peak 81.4%, ETA 2026-08-21 20:26:51 UTC (in 0.5 min)
2026-08-21 20:26:30 UTC INFO    __workspace___hf__models__Qwen2_5-14B-Instruct-AWQ/stage3: 1040/1060 done, 1.0s/item, elapsed 17.3 min, VRAM peak 81.4%, ETA 2026-08-21 20:26:50 UTC (in 0.3 min)
2026-08-21 20:26:40 UTC INFO    __workspace___hf__models__Qwen2_5-14B-Instruct-AWQ/stage3: 1050/1060 done, 1.0s/item, elapsed 17.5 min, VRAM peak 81.4%, ETA 2026-08-21 20:26:50 UTC (in 0.2 min)
2026-08-21 20:26:48 UTC INFO    __workspace___hf__models__Qwen2_5-14B-Instruct-AWQ/stage3: 1060/1060 done, 1.0s/item, elapsed 17.6 min, VRAM peak 81.4%, ETA 2026-08-21 20:26:48 UTC (in 0.0 min)
2026-08-21 20:26:48 UTC INFO    GPU ledger: +1055.5s for __workspace___hf__models__Qwen2_5-14B-Instruct-AWQ/stage3, cumulative 29179.8s (8.11 h, 40.5% of the 20 h allowance)
2026-08-21 20:26:48 UTC INFO    /workspace/.hf/models/Qwen2.5-14B-Instruct-AWQ stage3: {"n_items": 106, "condition_counts": {"R0": {"chosen_rival": 0, "unreadable": 0, "n": 106}, "R1": {"chosen_rival": 16, "unreadable": 0, "n": 106}, "R2": {"chosen_rival": 10, "unreadable": 0, "n": 106}, "R3": {"chosen_rival": 12, "unreadable": 0, "n": 106}, "R4": {"chosen_rival": 11, "unreadable": 0, "n": 106}}, "abort_reason": null, "elapsed_min": 17.59}
2026-08-21 20:26:53 UTC INFO    wrote results/exp3b/experiment_summary.json
2026-08-21 20:26:58 UTC INFO    started 2026-08-21 20:26:58 UTC on Linux-6.8.0-57-generic-x86_64-with-glibc2.35
2026-08-21 20:26:58 UTC INFO    loading framolfese/2WikiMultihopQA [validation], scanning 30000 records
2026-08-21 20:27:05 UTC INFO    built 1200 items from 12576 records
2026-08-21 20:27:09 UTC INFO    longest prompt about 2116 tokens; max_model_len=4096 (floor 2048, cap 8192)
2026-08-21 20:27:09 UTC INFO    detected 23.5 GiB of VRAM, capability (8, 6) -> the 3090ti roster
2026-08-21 20:27:48 UTC INFO    /workspace/.hf/models/Qwen2.5-3B-Instruct loaded: bfloat16, max_model_len=4096, mem target 0.85, eager=False, VRAM now 80.8%
2026-08-21 20:27:48 UTC INFO    /workspace/.hf/models/Qwen2.5-3B-Instruct ready via the vllm backend
2026-08-21 20:27:56 UTC INFO    __workspace___hf__models__Qwen2_5-3B-Instruct/stage1: 5/1200 done, 1.7s/item, elapsed 0.1 min, VRAM peak 81.2%, ETA 2026-08-21 21:01:04 UTC (in 33.1 min)
2026-08-21 20:28:05 UTC INFO    __workspace___hf__models__Qwen2_5-3B-Instruct/stage1: 10/1200 done, 1.7s/item, elapsed 0.3 min, VRAM peak 81.4%, ETA 2026-08-21 21:01:52 UTC (in 33.8 min)
2026-08-21 20:28:14 UTC INFO    __workspace___hf__models__Qwen2_5-3B-Instruct/stage1: 15/1200 done, 1.8s/item, elapsed 0.4 min, VRAM peak 81.4%, ETA 2026-08-21 21:02:55 UTC (in 34.7 min)
2026-08-21 20:28:23 UTC INFO    __workspace___hf__models__Qwen2_5-3B-Instruct/stage1: 20/1200 done, 1.8s/item, elapsed 0.6 min, VRAM peak 81.4%, ETA 2026-08-21 21:02:55 UTC (in 34.5 min)
2026-08-21 20:28:31 UTC INFO    __workspace___hf__models__Qwen2_5-3B-Instruct/stage1: 25/1200 done, 1.7s/item, elapsed 0.7 min, VRAM peak 81.4%, ETA 2026-08-21 21:02:15 UTC (in 33.7 min)
2026-08-21 20:28:38 UTC INFO    __workspace___hf__models__Qwen2_5-3B-Instruct/stage1: 30/1200 done, 1.7s/item, elapsed 0.8 min, VRAM peak 81.4%, ETA 2026-08-21 21:01:38 UTC (in 33.0 min)
2026-08-21 20:28:47 UTC INFO    __workspace___hf__models__Qwen2_5-3B-Instruct/stage1: 35/1200 done, 1.7s/item, elapsed 1.0 min, VRAM peak 81.4%, ETA 2026-08-21 21:01:33 UTC (in 32.8 min)
2026-08-21 20:28:54 UTC INFO    __workspace___hf__models__Qwen2_5-3B-Instruct/stage1: 40/1200 done, 1.7s/item, elapsed 1.1 min, VRAM peak 81.4%, ETA 2026-08-21 21:01:00 UTC (in 32.1 min)
2026-08-21 20:29:03 UTC INFO    __workspace___hf__models__Qwen2_5-3B-Instruct/stage1: 45/1200 done, 1.7s/item, elapsed 1.3 min, VRAM peak 81.4%, ETA 2026-08-21 21:01:20 UTC (in 32.3 min)
2026-08-21 20:29:10 UTC INFO    __workspace___hf__models__Qwen2_5-3B-Instruct/stage1: 50/1200 done, 1.6s/item, elapsed 1.4 min, VRAM peak 81.4%, ETA 2026-08-21 21:00:42 UTC (in 31.5 min)
2026-08-21 20:29:17 UTC INFO    __workspace___hf__models__Qwen2_5-3B-Instruct/stage1: 55/1200 done, 1.6s/item, elapsed 1.5 min, VRAM peak 81.4%, ETA 2026-08-21 21:00:13 UTC (in 30.9 min)
2026-08-21 20:29:26 UTC INFO    __workspace___hf__models__Qwen2_5-3B-Instruct/stage1: 60/1200 done, 1.6s/item, elapsed 1.6 min, VRAM peak 81.4%, ETA 2026-08-21 21:00:30 UTC (in 31.1 min)
2026-08-21 20:29:32 UTC INFO    __workspace___hf__models__Qwen2_5-3B-Instruct/stage1: 65/1200 done, 1.6s/item, elapsed 1.7 min, VRAM peak 81.4%, ETA 2026-08-21 20:59:46 UTC (in 30.2 min)
2026-08-21 20:29:40 UTC INFO    __workspace___hf__models__Qwen2_5-3B-Instruct/stage1: 70/1200 done, 1.6s/item, elapsed 1.9 min, VRAM peak 81.4%, ETA 2026-08-21 20:59:48 UTC (in 30.1 min)
2026-08-21 20:29:48 UTC INFO    __workspace___hf__models__Qwen2_5-3B-Instruct/stage1: 75/1200 done, 1.6s/item, elapsed 2.0 min, VRAM peak 81.4%, ETA 2026-08-21 20:59:58 UTC (in 30.2 min)
2026-08-21 20:29:54 UTC INFO    __workspace___hf__models__Qwen2_5-3B-Instruct/stage1: 80/1200 done, 1.6s/item, elapsed 2.1 min, VRAM peak 81.4%, ETA 2026-08-21 20:59:28 UTC (in 29.6 min)
2026-08-21 20:30:03 UTC INFO    __workspace___hf__models__Qwen2_5-3B-Instruct/stage1: 85/1200 done, 1.6s/item, elapsed 2.3 min, VRAM peak 81.4%, ETA 2026-08-21 20:59:37 UTC (in 29.6 min)
2026-08-21 20:30:09 UTC INFO    __workspace___hf__models__Qwen2_5-3B-Instruct/stage1: 90/1200 done, 1.6s/item, elapsed 2.4 min, VRAM peak 81.4%, ETA 2026-08-21 20:59:16 UTC (in 29.1 min)
2026-08-21 20:30:16 UTC INFO    __workspace___hf__models__Qwen2_5-3B-Instruct/stage1: 95/1200 done, 1.6s/item, elapsed 2.5 min, VRAM peak 81.4%, ETA 2026-08-21 20:59:07 UTC (in 28.8 min)
2026-08-21 20:30:25 UTC INFO    __workspace___hf__models__Qwen2_5-3B-Instruct/stage1: 100/1200 done, 1.6s/item, elapsed 2.6 min, VRAM peak 81.4%, ETA 2026-08-21 20:59:12 UTC (in 28.8 min)
2026-08-21 20:30:33 UTC INFO    __workspace___hf__models__Qwen2_5-3B-Instruct/stage1: 105/1200 done, 1.6s/item, elapsed 2.7 min, VRAM peak 81.4%, ETA 2026-08-21 20:59:13 UTC (in 28.7 min)
2026-08-21 20:30:42 UTC INFO    __workspace___hf__models__Qwen2_5-3B-Instruct/stage1: 110/1200 done, 1.6s/item, elapsed 2.9 min, VRAM peak 81.4%, ETA 2026-08-21 20:59:31 UTC (in 28.8 min)
2026-08-21 20:30:48 UTC INFO    __workspace___hf__models__Qwen2_5-3B-Instruct/stage1: 115/1200 done, 1.6s/item, elapsed 3.0 min, VRAM peak 81.4%, ETA 2026-08-21 20:59:13 UTC (in 28.4 min)
2026-08-21 20:30:58 UTC INFO    __workspace___hf__models__Qwen2_5-3B-Instruct/stage1: 120/1200 done, 1.6s/item, elapsed 3.2 min, VRAM peak 81.4%, ETA 2026-08-21 20:59:34 UTC (in 28.6 min)
2026-08-21 20:31:07 UTC INFO    __workspace___hf__models__Qwen2_5-3B-Instruct/stage1: 125/1200 done, 1.6s/item, elapsed 3.3 min, VRAM peak 81.4%, ETA 2026-08-21 20:59:38 UTC (in 28.5 min)
2026-08-21 20:31:14 UTC INFO    __workspace___hf__models__Qwen2_5-3B-Instruct/stage1: 130/1200 done, 1.6s/item, elapsed 3.4 min, VRAM peak 81.4%, ETA 2026-08-21 20:59:32 UTC (in 28.3 min)
2026-08-21 20:31:22 UTC INFO    __workspace___hf__models__Qwen2_5-3B-Instruct/stage1: 135/1200 done, 1.6s/item, elapsed 3.6 min, VRAM peak 81.4%, ETA 2026-08-21 20:59:29 UTC (in 28.1 min)
2026-08-21 20:31:31 UTC INFO    __workspace___hf__models__Qwen2_5-3B-Instruct/stage1: 140/1200 done, 1.6s/item, elapsed 3.7 min, VRAM peak 81.4%, ETA 2026-08-21 20:59:45 UTC (in 28.2 min)
2026-08-21 20:31:38 UTC INFO    __workspace___hf__models__Qwen2_5-3B-Instruct/stage1: 145/1200 done, 1.6s/item, elapsed 3.8 min, VRAM peak 81.4%, ETA 2026-08-21 20:59:37 UTC (in 28.0 min)
2026-08-21 20:31:48 UTC INFO    __workspace___hf__models__Qwen2_5-3B-Instruct/stage1: 150/1200 done, 1.6s/item, elapsed 4.0 min, VRAM peak 81.4%, ETA 2026-08-21 20:59:50 UTC (in 28.0 min)
2026-08-21 20:31:55 UTC INFO    __workspace___hf__models__Qwen2_5-3B-Instruct/stage1: 155/1200 done, 1.6s/item, elapsed 4.1 min, VRAM peak 81.4%, ETA 2026-08-21 20:59:42 UTC (in 27.8 min)
2026-08-21 20:32:00 UTC INFO    __workspace___hf__models__Qwen2_5-3B-Instruct/stage1: 160/1200 done, 1.6s/item, elapsed 4.2 min, VRAM peak 81.4%, ETA 2026-08-21 20:59:23 UTC (in 27.4 min)
2026-08-21 20:32:10 UTC INFO    __workspace___hf__models__Qwen2_5-3B-Instruct/stage1: 165/1200 done, 1.6s/item, elapsed 4.4 min, VRAM peak 81.4%, ETA 2026-08-21 20:59:33 UTC (in 27.4 min)
2026-08-21 20:32:18 UTC INFO    __workspace___hf__models__Qwen2_5-3B-Instruct/stage1: 170/1200 done, 1.6s/item, elapsed 4.5 min, VRAM peak 81.4%, ETA 2026-08-21 20:59:38 UTC (in 27.3 min)
2026-08-21 20:32:25 UTC INFO    __workspace___hf__models__Qwen2_5-3B-Instruct/stage1: 175/1200 done, 1.6s/item, elapsed 4.6 min, VRAM peak 81.4%, ETA 2026-08-21 20:59:29 UTC (in 27.1 min)
2026-08-21 20:32:32 UTC INFO    __workspace___hf__models__Qwen2_5-3B-Instruct/stage1: 180/1200 done, 1.6s/item, elapsed 4.7 min, VRAM peak 81.4%, ETA 2026-08-21 20:59:22 UTC (in 26.8 min)
2026-08-21 20:32:39 UTC INFO    __workspace___hf__models__Qwen2_5-3B-Instruct/stage1: 185/1200 done, 1.6s/item, elapsed 4.9 min, VRAM peak 81.4%, ETA 2026-08-21 20:59:18 UTC (in 26.6 min)
2026-08-21 20:32:48 UTC INFO    __workspace___hf__models__Qwen2_5-3B-Instruct/stage1: 190/1200 done, 1.6s/item, elapsed 5.0 min, VRAM peak 81.4%, ETA 2026-08-21 20:59:22 UTC (in 26.6 min)
2026-08-21 20:32:55 UTC INFO    __workspace___hf__models__Qwen2_5-3B-Instruct/stage1: 195/1200 done, 1.6s/item, elapsed 5.1 min, VRAM peak 81.4%, ETA 2026-08-21 20:59:20 UTC (in 26.4 min)
2026-08-21 20:33:05 UTC INFO    __workspace___hf__models__Qwen2_5-3B-Instruct/stage1: 200/1200 done, 1.6s/item, elapsed 5.3 min, VRAM peak 81.4%, ETA 2026-08-21 20:59:33 UTC (in 26.5 min)
2026-08-21 20:33:12 UTC INFO    __workspace___hf__models__Qwen2_5-3B-Instruct/stage1: 205/1200 done, 1.6s/item, elapsed 5.4 min, VRAM peak 81.7%, ETA 2026-08-21 20:59:29 UTC (in 26.3 min)
2026-08-21 20:33:21 UTC INFO    __workspace___hf__models__Qwen2_5-3B-Instruct/stage1: 210/1200 done, 1.6s/item, elapsed 5.5 min, VRAM peak 81.7%, ETA 2026-08-21 20:59:30 UTC (in 26.2 min)
2026-08-21 20:33:29 UTC INFO    __workspace___hf__models__Qwen2_5-3B-Instruct/stage1: 215/1200 done, 1.6s/item, elapsed 5.7 min, VRAM peak 81.7%, ETA 2026-08-21 20:59:32 UTC (in 26.0 min)
2026-08-21 20:33:37 UTC INFO    __workspace___hf__models__Qwen2_5-3B-Instruct/stage1: 220/1200 done, 1.6s/item, elapsed 5.8 min, VRAM peak 81.7%, ETA 2026-08-21 20:59:31 UTC (in 25.9 min)
2026-08-21 20:33:44 UTC INFO    __workspace___hf__models__Qwen2_5-3B-Instruct/stage1: 225/1200 done, 1.6s/item, elapsed 5.9 min, VRAM peak 81.7%, ETA 2026-08-21 20:59:28 UTC (in 25.7 min)
2026-08-21 20:33:52 UTC INFO    __workspace___hf__models__Qwen2_5-3B-Instruct/stage1: 230/1200 done, 1.6s/item, elapsed 6.1 min, VRAM peak 81.7%, ETA 2026-08-21 20:59:27 UTC (in 25.6 min)
2026-08-21 20:33:58 UTC INFO    __workspace___hf__models__Qwen2_5-3B-Instruct/stage1: 235/1200 done, 1.6s/item, elapsed 6.2 min, VRAM peak 81.7%, ETA 2026-08-21 20:59:18 UTC (in 25.3 min)
2026-08-21 20:34:05 UTC INFO    __workspace___hf__models__Qwen2_5-3B-Instruct/stage1: 240/1200 done, 1.6s/item, elapsed 6.3 min, VRAM peak 81.7%, ETA 2026-08-21 20:59:14 UTC (in 25.2 min)
2026-08-21 20:34:13 UTC INFO    __workspace___hf__models__Qwen2_5-3B-Instruct/stage1: 245/1200 done, 1.6s/item, elapsed 6.4 min, VRAM peak 81.7%, ETA 2026-08-21 20:59:16 UTC (in 25.0 min)
2026-08-21 20:34:19 UTC INFO    __workspace___hf__models__Qwen2_5-3B-Instruct/stage1: 250/1200 done, 1.6s/item, elapsed 6.5 min, VRAM peak 81.7%, ETA 2026-08-21 20:59:08 UTC (in 24.8 min)
2026-08-21 20:34:26 UTC INFO    __workspace___hf__models__Qwen2_5-3B-Instruct/stage1: 255/1200 done, 1.6s/item, elapsed 6.6 min, VRAM peak 81.7%, ETA 2026-08-21 20:59:03 UTC (in 24.6 min)
2026-08-21 20:34:35 UTC INFO    __workspace___hf__models__Qwen2_5-3B-Instruct/stage1: 260/1200 done, 1.6s/item, elapsed 6.8 min, VRAM peak 81.7%, ETA 2026-08-21 20:59:09 UTC (in 24.6 min)
2026-08-21 20:34:41 UTC INFO    __workspace___hf__models__Qwen2_5-3B-Instruct/stage1: 265/1200 done, 1.6s/item, elapsed 6.9 min, VRAM peak 81.7%, ETA 2026-08-21 20:59:01 UTC (in 24.3 min)
2026-08-21 20:34:48 UTC INFO    __workspace___hf__models__Qwen2_5-3B-Instruct/stage1: 270/1200 done, 1.6s/item, elapsed 7.0 min, VRAM peak 81.7%, ETA 2026-08-21 20:58:55 UTC (in 24.1 min)
2026-08-21 20:34:56 UTC INFO    __workspace___hf__models__Qwen2_5-3B-Instruct/stage1: 275/1200 done, 1.6s/item, elapsed 7.1 min, VRAM peak 81.7%, ETA 2026-08-21 20:58:55 UTC (in 24.0 min)
2026-08-21 20:35:03 UTC INFO    __workspace___hf__models__Qwen2_5-3B-Instruct/stage1: 280/1200 done, 1.6s/item, elapsed 7.3 min, VRAM peak 81.7%, ETA 2026-08-21 20:58:53 UTC (in 23.8 min)
2026-08-21 20:35:10 UTC INFO    __workspace___hf__models__Qwen2_5-3B-Instruct/stage1: 285/1200 done, 1.6s/item, elapsed 7.4 min, VRAM peak 81.7%, ETA 2026-08-21 20:58:51 UTC (in 23.7 min)
2026-08-21 20:35:19 UTC INFO    __workspace___hf__models__Qwen2_5-3B-Instruct/stage1: 290/1200 done, 1.6s/item, elapsed 7.5 min, VRAM peak 81.7%, ETA 2026-08-21 20:58:54 UTC (in 23.6 min)
2026-08-21 20:35:29 UTC INFO    __workspace___hf__models__Qwen2_5-3B-Instruct/stage1: 295/1200 done, 1.6s/item, elapsed 7.7 min, VRAM peak 81.7%, ETA 2026-08-21 20:59:04 UTC (in 23.6 min)
2026-08-21 20:35:36 UTC INFO    __workspace___hf__models__Qwen2_5-3B-Instruct/stage1: 300/1200 done, 1.6s/item, elapsed 7.8 min, VRAM peak 81.7%, ETA 2026-08-21 20:59:00 UTC (in 23.4 min)
2026-08-21 20:35:43 UTC INFO    __workspace___hf__models__Qwen2_5-3B-Instruct/stage1: 305/1200 done, 1.6s/item, elapsed 7.9 min, VRAM peak 81.7%, ETA 2026-08-21 20:58:57 UTC (in 23.2 min)
2026-08-21 20:35:53 UTC INFO    __workspace___hf__models__Qwen2_5-3B-Instruct/stage1: 310/1200 done, 1.6s/item, elapsed 8.1 min, VRAM peak 81.7%, ETA 2026-08-21 20:59:07 UTC (in 23.2 min)
2026-08-21 20:36:01 UTC INFO    __workspace___hf__models__Qwen2_5-3B-Instruct/stage1: 315/1200 done, 1.6s/item, elapsed 8.2 min, VRAM peak 81.7%, ETA 2026-08-21 20:59:05 UTC (in 23.1 min)
2026-08-21 20:36:09 UTC INFO    __workspace___hf__models__Qwen2_5-3B-Instruct/stage1: 320/1200 done, 1.6s/item, elapsed 8.4 min, VRAM peak 81.7%, ETA 2026-08-21 20:59:09 UTC (in 23.0 min)
2026-08-21 20:36:17 UTC INFO    __workspace___hf__models__Qwen2_5-3B-Instruct/stage1: 325/1200 done, 1.6s/item, elapsed 8.5 min, VRAM peak 82.0%, ETA 2026-08-21 20:59:09 UTC (in 22.9 min)
2026-08-21 20:36:25 UTC INFO    __workspace___hf__models__Qwen2_5-3B-Instruct/stage1: 330/1200 done, 1.6s/item, elapsed 8.6 min, VRAM peak 82.0%, ETA 2026-08-21 20:59:09 UTC (in 22.7 min)
2026-08-21 20:36:32 UTC INFO    __workspace___hf__models__Qwen2_5-3B-Instruct/stage1: 335/1200 done, 1.6s/item, elapsed 8.7 min, VRAM peak 82.0%, ETA 2026-08-21 20:59:07 UTC (in 22.6 min)
2026-08-21 20:36:40 UTC INFO    __workspace___hf__models__Qwen2_5-3B-Instruct/stage1: 340/1200 done, 1.6s/item, elapsed 8.9 min, VRAM peak 82.0%, ETA 2026-08-21 20:59:06 UTC (in 22.4 min)
2026-08-21 20:36:48 UTC INFO    __workspace___hf__models__Qwen2_5-3B-Instruct/stage1: 345/1200 done, 1.6s/item, elapsed 9.0 min, VRAM peak 82.0%, ETA 2026-08-21 20:59:06 UTC (in 22.3 min)
2026-08-21 20:36:54 UTC INFO    __workspace___hf__models__Qwen2_5-3B-Instruct/stage1: 350/1200 done, 1.6s/item, elapsed 9.1 min, VRAM peak 82.0%, ETA 2026-08-21 20:59:02 UTC (in 22.1 min)
2026-08-21 20:37:02 UTC INFO    __workspace___hf__models__Qwen2_5-3B-Instruct/stage1: 355/1200 done, 1.6s/item, elapsed 9.2 min, VRAM peak 82.0%, ETA 2026-08-21 20:59:02 UTC (in 22.0 min)
2026-08-21 20:37:10 UTC INFO    __workspace___hf__models__Qwen2_5-3B-Instruct/stage1: 360/1200 done, 1.6s/item, elapsed 9.4 min, VRAM peak 82.0%, ETA 2026-08-21 20:59:01 UTC (in 21.9 min)
2026-08-21 20:37:17 UTC INFO    __workspace___hf__models__Qwen2_5-3B-Instruct/stage1: 365/1200 done, 1.6s/item, elapsed 9.5 min, VRAM peak 82.0%, ETA 2026-08-21 20:58:59 UTC (in 21.7 min)
2026-08-21 20:37:24 UTC INFO    __workspace___hf__models__Qwen2_5-3B-Instruct/stage1: 370/1200 done, 1.6s/item, elapsed 9.6 min, VRAM peak 82.0%, ETA 2026-08-21 20:58:55 UTC (in 21.5 min)
2026-08-21 20:37:31 UTC INFO    __workspace___hf__models__Qwen2_5-3B-Instruct/stage1: 375/1200 done, 1.6s/item, elapsed 9.7 min, VRAM peak 82.0%, ETA 2026-08-21 20:58:53 UTC (in 21.4 min)
2026-08-21 20:37:38 UTC INFO    __workspace___hf__models__Qwen2_5-3B-Instruct/stage1: 380/1200 done, 1.6s/item, elapsed 9.8 min, VRAM peak 82.0%, ETA 2026-08-21 20:58:52 UTC (in 21.2 min)
2026-08-21 20:37:47 UTC INFO    __workspace___hf__models__Qwen2_5-3B-Instruct/stage1: 385/1200 done, 1.6s/item, elapsed 10.0 min, VRAM peak 82.0%, ETA 2026-08-21 20:58:55 UTC (in 21.1 min)
2026-08-21 20:37:56 UTC INFO    __workspace___hf__models__Qwen2_5-3B-Instruct/stage1: 390/1200 done, 1.6s/item, elapsed 10.1 min, VRAM peak 82.0%, ETA 2026-08-21 20:58:59 UTC (in 21.1 min)
2026-08-21 20:38:03 UTC INFO    __workspace___hf__models__Qwen2_5-3B-Instruct/stage1: 395/1200 done, 1.6s/item, elapsed 10.3 min, VRAM peak 82.0%, ETA 2026-08-21 20:58:58 UTC (in 20.9 min)
2026-08-21 20:38:09 UTC INFO    __workspace___hf__models__Qwen2_5-3B-Instruct/stage1: 400/1200 done, 1.6s/item, elapsed 10.4 min, VRAM peak 82.0%, ETA 2026-08-21 20:58:52 UTC (in 20.7 min)
2026-08-21 20:38:16 UTC INFO    __workspace___hf__models__Qwen2_5-3B-Instruct/stage1: 405/1200 done, 1.6s/item, elapsed 10.5 min, VRAM peak 82.0%, ETA 2026-08-21 20:58:51 UTC (in 20.6 min)
2026-08-21 20:38:23 UTC INFO    __workspace___hf__models__Qwen2_5-3B-Instruct/stage1: 410/1200 done, 1.5s/item, elapsed 10.6 min, VRAM peak 82.0%, ETA 2026-08-21 20:58:46 UTC (in 20.4 min)
2026-08-21 20:38:30 UTC INFO    __workspace___hf__models__Qwen2_5-3B-Instruct/stage1: 415/1200 done, 1.5s/item, elapsed 10.7 min, VRAM peak 82.0%, ETA 2026-08-21 20:58:44 UTC (in 20.2 min)
2026-08-21 20:38:36 UTC INFO    __workspace___hf__models__Qwen2_5-3B-Instruct/stage1: 420/1200 done, 1.5s/item, elapsed 10.8 min, VRAM peak 82.0%, ETA 2026-08-21 20:58:40 UTC (in 20.1 min)
2026-08-21 20:38:44 UTC INFO    __workspace___hf__models__Qwen2_5-3B-Instruct/stage1: 425/1200 done, 1.5s/item, elapsed 10.9 min, VRAM peak 82.0%, ETA 2026-08-21 20:58:40 UTC (in 19.9 min)
2026-08-21 20:38:49 UTC INFO    __workspace___hf__models__Qwen2_5-3B-Instruct/stage1: 430/1200 done, 1.5s/item, elapsed 11.0 min, VRAM peak 82.0%, ETA 2026-08-21 20:58:34 UTC (in 19.7 min)
2026-08-21 20:38:57 UTC INFO    __workspace___hf__models__Qwen2_5-3B-Instruct/stage1: 435/1200 done, 1.5s/item, elapsed 11.2 min, VRAM peak 82.0%, ETA 2026-08-21 20:58:35 UTC (in 19.6 min)
2026-08-21 20:39:05 UTC INFO    __workspace___hf__models__Qwen2_5-3B-Instruct/stage1: 440/1200 done, 1.5s/item, elapsed 11.3 min, VRAM peak 82.0%, ETA 2026-08-21 20:58:35 UTC (in 19.5 min)
2026-08-21 20:39:13 UTC INFO    __workspace___hf__models__Qwen2_5-3B-Instruct/stage1: 445/1200 done, 1.5s/item, elapsed 11.4 min, VRAM peak 82.0%, ETA 2026-08-21 20:58:36 UTC (in 19.4 min)
2026-08-21 20:39:21 UTC INFO    __workspace___hf__models__Qwen2_5-3B-Instruct/stage1: 450/1200 done, 1.5s/item, elapsed 11.6 min, VRAM peak 82.3%, ETA 2026-08-21 20:58:37 UTC (in 19.3 min)
2026-08-21 20:39:29 UTC INFO    __workspace___hf__models__Qwen2_5-3B-Instruct/stage1: 455/1200 done, 1.5s/item, elapsed 11.7 min, VRAM peak 82.3%, ETA 2026-08-21 20:58:37 UTC (in 19.1 min)
2026-08-21 20:39:38 UTC INFO    __workspace___hf__models__Qwen2_5-3B-Instruct/stage1: 460/1200 done, 1.5s/item, elapsed 11.8 min, VRAM peak 82.3%, ETA 2026-08-21 20:58:41 UTC (in 19.0 min)
2026-08-21 20:39:45 UTC INFO    __workspace___hf__models__Qwen2_5-3B-Instruct/stage1: 465/1200 done, 1.5s/item, elapsed 12.0 min, VRAM peak 82.3%, ETA 2026-08-21 20:58:39 UTC (in 18.9 min)
2026-08-21 20:39:53 UTC INFO    __workspace___hf__models__Qwen2_5-3B-Instruct/stage1: 470/1200 done, 1.5s/item, elapsed 12.1 min, VRAM peak 82.3%, ETA 2026-08-21 20:58:39 UTC (in 18.8 min)
2026-08-21 20:39:59 UTC INFO    __workspace___hf__models__Qwen2_5-3B-Instruct/stage1: 475/1200 done, 1.5s/item, elapsed 12.2 min, VRAM peak 82.3%, ETA 2026-08-21 20:58:36 UTC (in 18.6 min)
2026-08-21 20:40:06 UTC INFO    __workspace___hf__models__Qwen2_5-3B-Instruct/stage1: 480/1200 done, 1.5s/item, elapsed 12.3 min, VRAM peak 82.3%, ETA 2026-08-21 20:58:34 UTC (in 18.5 min)
2026-08-21 20:40:11 UTC INFO    __workspace___hf__models__Qwen2_5-3B-Instruct/stage1: 485/1200 done, 1.5s/item, elapsed 12.4 min, VRAM peak 82.3%, ETA 2026-08-21 20:58:27 UTC (in 18.3 min)
2026-08-21 20:40:18 UTC INFO    __workspace___hf__models__Qwen2_5-3B-Instruct/stage1: 490/1200 done, 1.5s/item, elapsed 12.5 min, VRAM peak 82.3%, ETA 2026-08-21 20:58:24 UTC (in 18.1 min)
2026-08-21 20:40:26 UTC INFO    __workspace___hf__models__Qwen2_5-3B-Instruct/stage1: 495/1200 done, 1.5s/item, elapsed 12.6 min, VRAM peak 82.3%, ETA 2026-08-21 20:58:26 UTC (in 18.0 min)
2026-08-21 20:40:35 UTC INFO    __workspace___hf__models__Qwen2_5-3B-Instruct/stage1: 500/1200 done, 1.5s/item, elapsed 12.8 min, VRAM peak 82.3%, ETA 2026-08-21 20:58:29 UTC (in 17.9 min)
2026-08-21 20:40:43 UTC INFO    __workspace___hf__models__Qwen2_5-3B-Instruct/stage1: 505/1200 done, 1.5s/item, elapsed 12.9 min, VRAM peak 82.3%, ETA 2026-08-21 20:58:31 UTC (in 17.8 min)
2026-08-21 20:40:51 UTC INFO    __workspace___hf__models__Qwen2_5-3B-Instruct/stage1: 510/1200 done, 1.5s/item, elapsed 13.1 min, VRAM peak 82.3%, ETA 2026-08-21 20:58:30 UTC (in 17.7 min)
2026-08-21 20:40:58 UTC INFO    __workspace___hf__models__Qwen2_5-3B-Instruct/stage1: 515/1200 done, 1.5s/item, elapsed 13.2 min, VRAM peak 82.3%, ETA 2026-08-21 20:58:30 UTC (in 17.5 min)
2026-08-21 20:41:05 UTC INFO    __workspace___hf__models__Qwen2_5-3B-Instruct/stage1: 520/1200 done, 1.5s/item, elapsed 13.3 min, VRAM peak 82.3%, ETA 2026-08-21 20:58:27 UTC (in 17.4 min)
2026-08-21 20:41:12 UTC INFO    __workspace___hf__models__Qwen2_5-3B-Instruct/stage1: 525/1200 done, 1.5s/item, elapsed 13.4 min, VRAM peak 82.3%, ETA 2026-08-21 20:58:26 UTC (in 17.2 min)
2026-08-21 20:41:22 UTC INFO    __workspace___hf__models__Qwen2_5-3B-Instruct/stage1: 530/1200 done, 1.5s/item, elapsed 13.6 min, VRAM peak 82.3%, ETA 2026-08-21 20:58:31 UTC (in 17.2 min)
2026-08-21 20:41:28 UTC INFO    __workspace___hf__models__Qwen2_5-3B-Instruct/stage1: 535/1200 done, 1.5s/item, elapsed 13.7 min, VRAM peak 82.3%, ETA 2026-08-21 20:58:27 UTC (in 17.0 min)
2026-08-21 20:41:37 UTC INFO    __workspace___hf__models__Qwen2_5-3B-Instruct/stage1: 540/1200 done, 1.5s/item, elapsed 13.8 min, VRAM peak 82.3%, ETA 2026-08-21 20:58:30 UTC (in 16.9 min)
2026-08-21 20:41:44 UTC INFO    __workspace___hf__models__Qwen2_5-3B-Instruct/stage1: 545/1200 done, 1.5s/item, elapsed 13.9 min, VRAM peak 82.3%, ETA 2026-08-21 20:58:30 UTC (in 16.8 min)
2026-08-21 20:41:52 UTC INFO    __workspace___hf__models__Qwen2_5-3B-Instruct/stage1: 550/1200 done, 1.5s/item, elapsed 14.1 min, VRAM peak 82.3%, ETA 2026-08-21 20:58:30 UTC (in 16.6 min)
2026-08-21 20:42:00 UTC INFO    __workspace___hf__models__Qwen2_5-3B-Instruct/stage1: 555/1200 done, 1.5s/item, elapsed 14.2 min, VRAM peak 82.3%, ETA 2026-08-21 20:58:30 UTC (in 16.5 min)
2026-08-21 20:42:09 UTC INFO    __workspace___hf__models__Qwen2_5-3B-Instruct/stage1: 560/1200 done, 1.5s/item, elapsed 14.4 min, VRAM peak 82.3%, ETA 2026-08-21 20:58:33 UTC (in 16.4 min)
2026-08-21 20:42:18 UTC INFO    __workspace___hf__models__Qwen2_5-3B-Instruct/stage1: 565/1200 done, 1.5s/item, elapsed 14.5 min, VRAM peak 82.3%, ETA 2026-08-21 20:58:36 UTC (in 16.3 min)
2026-08-21 20:42:24 UTC INFO    __workspace___hf__models__Qwen2_5-3B-Instruct/stage1: 570/1200 done, 1.5s/item, elapsed 14.6 min, VRAM peak 82.3%, ETA 2026-08-21 20:58:33 UTC (in 16.2 min)
2026-08-21 20:42:31 UTC INFO    __workspace___hf__models__Qwen2_5-3B-Instruct/stage1: 575/1200 done, 1.5s/item, elapsed 14.7 min, VRAM peak 82.3%, ETA 2026-08-21 20:58:31 UTC (in 16.0 min)
2026-08-21 20:42:37 UTC INFO    __workspace___hf__models__Qwen2_5-3B-Instruct/stage1: 580/1200 done, 1.5s/item, elapsed 14.8 min, VRAM peak 82.3%, ETA 2026-08-21 20:58:27 UTC (in 15.8 min)
2026-08-21 20:42:44 UTC INFO    __workspace___hf__models__Qwen2_5-3B-Instruct/stage1: 585/1200 done, 1.5s/item, elapsed 14.9 min, VRAM peak 82.3%, ETA 2026-08-21 20:58:26 UTC (in 15.7 min)
2026-08-21 20:42:52 UTC INFO    __workspace___hf__models__Qwen2_5-3B-Instruct/stage1: 590/1200 done, 1.5s/item, elapsed 15.1 min, VRAM peak 82.3%, ETA 2026-08-21 20:58:27 UTC (in 15.6 min)
2026-08-21 20:42:59 UTC INFO    __workspace___hf__models__Qwen2_5-3B-Instruct/stage1: 595/1200 done, 1.5s/item, elapsed 15.2 min, VRAM peak 82.3%, ETA 2026-08-21 20:58:26 UTC (in 15.4 min)
2026-08-21 20:43:07 UTC INFO    __workspace___hf__models__Qwen2_5-3B-Instruct/stage1: 600/1200 done, 1.5s/item, elapsed 15.3 min, VRAM peak 82.3%, ETA 2026-08-21 20:58:26 UTC (in 15.3 min)
2026-08-21 20:43:14 UTC INFO    __workspace___hf__models__Qwen2_5-3B-Instruct/stage1: 605/1200 done, 1.5s/item, elapsed 15.4 min, VRAM peak 82.3%, ETA 2026-08-21 20:58:24 UTC (in 15.2 min)
2026-08-21 20:43:21 UTC INFO    __workspace___hf__models__Qwen2_5-3B-Instruct/stage1: 610/1200 done, 1.5s/item, elapsed 15.6 min, VRAM peak 82.3%, ETA 2026-08-21 20:58:25 UTC (in 15.1 min)
2026-08-21 20:43:29 UTC INFO    __workspace___hf__models__Qwen2_5-3B-Instruct/stage1: 615/1200 done, 1.5s/item, elapsed 15.7 min, VRAM peak 82.3%, ETA 2026-08-21 20:58:24 UTC (in 14.9 min)
2026-08-21 20:43:36 UTC INFO    __workspace___hf__models__Qwen2_5-3B-Instruct/stage1: 620/1200 done, 1.5s/item, elapsed 15.8 min, VRAM peak 82.3%, ETA 2026-08-21 20:58:23 UTC (in 14.8 min)
2026-08-21 20:43:42 UTC INFO    __workspace___hf__models__Qwen2_5-3B-Instruct/stage1: 625/1200 done, 1.5s/item, elapsed 15.9 min, VRAM peak 82.3%, ETA 2026-08-21 20:58:20 UTC (in 14.6 min)
2026-08-21 20:43:49 UTC INFO    __workspace___hf__models__Qwen2_5-3B-Instruct/stage1: 630/1200 done, 1.5s/item, elapsed 16.0 min, VRAM peak 82.3%, ETA 2026-08-21 20:58:19 UTC (in 14.5 min)
2026-08-21 20:43:57 UTC INFO    __workspace___hf__models__Qwen2_5-3B-Instruct/stage1: 635/1200 done, 1.5s/item, elapsed 16.1 min, VRAM peak 82.3%, ETA 2026-08-21 20:58:19 UTC (in 14.4 min)
2026-08-21 20:44:06 UTC INFO    __workspace___hf__models__Qwen2_5-3B-Instruct/stage1: 640/1200 done, 1.5s/item, elapsed 16.3 min, VRAM peak 82.3%, ETA 2026-08-21 20:58:21 UTC (in 14.3 min)
2026-08-21 20:44:14 UTC INFO    __workspace___hf__models__Qwen2_5-3B-Instruct/stage1: 645/1200 done, 1.5s/item, elapsed 16.4 min, VRAM peak 82.3%, ETA 2026-08-21 20:58:23 UTC (in 14.2 min)
2026-08-21 20:44:23 UTC INFO    __workspace___hf__models__Qwen2_5-3B-Instruct/stage1: 650/1200 done, 1.5s/item, elapsed 16.6 min, VRAM peak 82.3%, ETA 2026-08-21 20:58:26 UTC (in 14.0 min)
2026-08-21 20:44:30 UTC INFO    __workspace___hf__models__Qwen2_5-3B-Instruct/stage1: 655/1200 done, 1.5s/item, elapsed 16.7 min, VRAM peak 82.3%, ETA 2026-08-21 20:58:24 UTC (in 13.9 min)
2026-08-21 20:44:40 UTC INFO    __workspace___hf__models__Qwen2_5-3B-Instruct/stage1: 660/1200 done, 1.5s/item, elapsed 16.9 min, VRAM peak 82.3%, ETA 2026-08-21 20:58:28 UTC (in 13.8 min)
2026-08-21 20:44:48 UTC INFO    __workspace___hf__models__Qwen2_5-3B-Instruct/stage1: 665/1200 done, 1.5s/item, elapsed 17.0 min, VRAM peak 82.3%, ETA 2026-08-21 20:58:28 UTC (in 13.7 min)
2026-08-21 20:44:56 UTC INFO    __workspace___hf__models__Qwen2_5-3B-Instruct/stage1: 670/1200 done, 1.5s/item, elapsed 17.1 min, VRAM peak 82.3%, ETA 2026-08-21 20:58:29 UTC (in 13.6 min)
2026-08-21 20:45:02 UTC INFO    __workspace___hf__models__Qwen2_5-3B-Instruct/stage1: 675/1200 done, 1.5s/item, elapsed 17.2 min, VRAM peak 82.3%, ETA 2026-08-21 20:58:26 UTC (in 13.4 min)
2026-08-21 20:45:11 UTC INFO    __workspace___hf__models__Qwen2_5-3B-Instruct/stage1: 680/1200 done, 1.5s/item, elapsed 17.4 min, VRAM peak 82.3%, ETA 2026-08-21 20:58:29 UTC (in 13.3 min)
2026-08-21 20:45:18 UTC INFO    __workspace___hf__models__Qwen2_5-3B-Instruct/stage1: 685/1200 done, 1.5s/item, elapsed 17.5 min, VRAM peak 82.3%, ETA 2026-08-21 20:58:28 UTC (in 13.2 min)
2026-08-21 20:45:26 UTC INFO    __workspace___hf__models__Qwen2_5-3B-Instruct/stage1: 690/1200 done, 1.5s/item, elapsed 17.6 min, VRAM peak 82.3%, ETA 2026-08-21 20:58:28 UTC (in 13.0 min)
2026-08-21 20:45:34 UTC INFO    __workspace___hf__models__Qwen2_5-3B-Instruct/stage1: 695/1200 done, 1.5s/item, elapsed 17.8 min, VRAM peak 82.3%, ETA 2026-08-21 20:58:28 UTC (in 12.9 min)
2026-08-21 20:45:41 UTC INFO    __workspace___hf__models__Qwen2_5-3B-Instruct/stage1: 700/1200 done, 1.5s/item, elapsed 17.9 min, VRAM peak 82.3%, ETA 2026-08-21 20:58:28 UTC (in 12.8 min)
2026-08-21 20:45:48 UTC INFO    __workspace___hf__models__Qwen2_5-3B-Instruct/stage1: 705/1200 done, 1.5s/item, elapsed 18.0 min, VRAM peak 82.3%, ETA 2026-08-21 20:58:26 UTC (in 12.6 min)
2026-08-21 20:45:57 UTC INFO    __workspace___hf__models__Qwen2_5-3B-Instruct/stage1: 710/1200 done, 1.5s/item, elapsed 18.1 min, VRAM peak 82.3%, ETA 2026-08-21 20:58:28 UTC (in 12.5 min)
2026-08-21 20:46:03 UTC INFO    __workspace___hf__models__Qwen2_5-3B-Instruct/stage1: 715/1200 done, 1.5s/item, elapsed 18.3 min, VRAM peak 82.3%, ETA 2026-08-21 20:58:26 UTC (in 12.4 min)
2026-08-21 20:46:12 UTC INFO    __workspace___hf__models__Qwen2_5-3B-Instruct/stage1: 720/1200 done, 1.5s/item, elapsed 18.4 min, VRAM peak 82.3%, ETA 2026-08-21 20:58:28 UTC (in 12.3 min)
2026-08-21 20:46:18 UTC INFO    __workspace___hf__models__Qwen2_5-3B-Instruct/stage1: 725/1200 done, 1.5s/item, elapsed 18.5 min, VRAM peak 82.3%, ETA 2026-08-21 20:58:26 UTC (in 12.1 min)
2026-08-21 20:46:27 UTC INFO    __workspace___hf__models__Qwen2_5-3B-Instruct/stage1: 730/1200 done, 1.5s/item, elapsed 18.7 min, VRAM peak 82.3%, ETA 2026-08-21 20:58:28 UTC (in 12.0 min)
2026-08-21 20:46:37 UTC INFO    __workspace___hf__models__Qwen2_5-3B-Instruct/stage1: 735/1200 done, 1.5s/item, elapsed 18.8 min, VRAM peak 82.3%, ETA 2026-08-21 20:58:31 UTC (in 11.9 min)
2026-08-21 20:46:44 UTC INFO    __workspace___hf__models__Qwen2_5-3B-Instruct/stage1: 740/1200 done, 1.5s/item, elapsed 18.9 min, VRAM peak 82.3%, ETA 2026-08-21 20:58:31 UTC (in 11.8 min)
2026-08-21 20:46:51 UTC INFO    __workspace___hf__models__Qwen2_5-3B-Instruct/stage1: 745/1200 done, 1.5s/item, elapsed 19.1 min, VRAM peak 82.3%, ETA 2026-08-21 20:58:30 UTC (in 11.6 min)
2026-08-21 20:47:00 UTC INFO    __workspace___hf__models__Qwen2_5-3B-Instruct/stage1: 750/1200 done, 1.5s/item, elapsed 19.2 min, VRAM peak 82.3%, ETA 2026-08-21 20:58:32 UTC (in 11.5 min)
2026-08-21 20:47:09 UTC INFO    __workspace___hf__models__Qwen2_5-3B-Instruct/stage1: 755/1200 done, 1.5s/item, elapsed 19.4 min, VRAM peak 82.3%, ETA 2026-08-21 20:58:34 UTC (in 11.4 min)
2026-08-21 20:47:17 UTC INFO    __workspace___hf__models__Qwen2_5-3B-Instruct/stage1: 760/1200 done, 1.5s/item, elapsed 19.5 min, VRAM peak 82.3%, ETA 2026-08-21 20:58:34 UTC (in 11.3 min)
2026-08-21 20:47:24 UTC INFO    __workspace___hf__models__Qwen2_5-3B-Instruct/stage1: 765/1200 done, 1.5s/item, elapsed 19.6 min, VRAM peak 82.3%, ETA 2026-08-21 20:58:33 UTC (in 11.1 min)
2026-08-21 20:47:32 UTC INFO    __workspace___hf__models__Qwen2_5-3B-Instruct/stage1: 770/1200 done, 1.5s/item, elapsed 19.7 min, VRAM peak 82.3%, ETA 2026-08-21 20:58:34 UTC (in 11.0 min)
2026-08-21 20:47:40 UTC INFO    __workspace___hf__models__Qwen2_5-3B-Instruct/stage1: 775/1200 done, 1.5s/item, elapsed 19.9 min, VRAM peak 82.3%, ETA 2026-08-21 20:58:33 UTC (in 10.9 min)
2026-08-21 20:47:48 UTC INFO    __workspace___hf__models__Qwen2_5-3B-Instruct/stage1: 780/1200 done, 1.5s/item, elapsed 20.0 min, VRAM peak 82.3%, ETA 2026-08-21 20:58:34 UTC (in 10.8 min)
2026-08-21 20:47:56 UTC INFO    __workspace___hf__models__Qwen2_5-3B-Instruct/stage1: 785/1200 done, 1.5s/item, elapsed 20.1 min, VRAM peak 82.3%, ETA 2026-08-21 20:58:34 UTC (in 10.6 min)
2026-08-21 20:48:02 UTC INFO    __workspace___hf__models__Qwen2_5-3B-Instruct/stage1: 790/1200 done, 1.5s/item, elapsed 20.2 min, VRAM peak 82.3%, ETA 2026-08-21 20:58:33 UTC (in 10.5 min)
2026-08-21 20:48:10 UTC INFO    __workspace___hf__models__Qwen2_5-3B-Instruct/stage1: 795/1200 done, 1.5s/item, elapsed 20.4 min, VRAM peak 82.3%, ETA 2026-08-21 20:58:33 UTC (in 10.4 min)
2026-08-21 20:48:17 UTC INFO    __workspace___hf__models__Qwen2_5-3B-Instruct/stage1: 800/1200 done, 1.5s/item, elapsed 20.5 min, VRAM peak 82.3%, ETA 2026-08-21 20:58:32 UTC (in 10.2 min)
2026-08-21 20:48:26 UTC INFO    __workspace___hf__models__Qwen2_5-3B-Instruct/stage1: 805/1200 done, 1.5s/item, elapsed 20.6 min, VRAM peak 82.3%, ETA 2026-08-21 20:58:34 UTC (in 10.1 min)
2026-08-21 20:48:34 UTC INFO    __workspace___hf__models__Qwen2_5-3B-Instruct/stage1: 810/1200 done, 1.5s/item, elapsed 20.8 min, VRAM peak 82.3%, ETA 2026-08-21 20:58:34 UTC (in 10.0 min)
2026-08-21 20:48:41 UTC INFO    __workspace___hf__models__Qwen2_5-3B-Instruct/stage1: 815/1200 done, 1.5s/item, elapsed 20.9 min, VRAM peak 82.3%, ETA 2026-08-21 20:58:34 UTC (in 9.9 min)
2026-08-21 20:48:48 UTC INFO    __workspace___hf__models__Qwen2_5-3B-Instruct/stage1: 820/1200 done, 1.5s/item, elapsed 21.0 min, VRAM peak 82.3%, ETA 2026-08-21 20:58:32 UTC (in 9.7 min)
2026-08-21 20:48:55 UTC INFO    __workspace___hf__models__Qwen2_5-3B-Instruct/stage1: 825/1200 done, 1.5s/item, elapsed 21.1 min, VRAM peak 82.3%, ETA 2026-08-21 20:58:31 UTC (in 9.6 min)
2026-08-21 20:49:01 UTC INFO    __workspace___hf__models__Qwen2_5-3B-Instruct/stage1: 830/1200 done, 1.5s/item, elapsed 21.2 min, VRAM peak 82.3%, ETA 2026-08-21 20:58:29 UTC (in 9.5 min)
2026-08-21 20:49:09 UTC INFO    __workspace___hf__models__Qwen2_5-3B-Instruct/stage1: 835/1200 done, 1.5s/item, elapsed 21.3 min, VRAM peak 82.3%, ETA 2026-08-21 20:58:28 UTC (in 9.3 min)
2026-08-21 20:49:19 UTC INFO    __workspace___hf__models__Qwen2_5-3B-Instruct/stage1: 840/1200 done, 1.5s/item, elapsed 21.5 min, VRAM peak 82.3%, ETA 2026-08-21 20:58:33 UTC (in 9.2 min)
2026-08-21 20:49:25 UTC INFO    __workspace___hf__models__Qwen2_5-3B-Instruct/stage1: 845/1200 done, 1.5s/item, elapsed 21.6 min, VRAM peak 82.3%, ETA 2026-08-21 20:58:31 UTC (in 9.1 min)
2026-08-21 20:49:33 UTC INFO    __workspace___hf__models__Qwen2_5-3B-Instruct/stage1: 850/1200 done, 1.5s/item, elapsed 21.7 min, VRAM peak 82.3%, ETA 2026-08-21 20:58:30 UTC (in 9.0 min)
2026-08-21 20:49:40 UTC INFO    __workspace___hf__models__Qwen2_5-3B-Instruct/stage1: 855/1200 done, 1.5s/item, elapsed 21.9 min, VRAM peak 82.3%, ETA 2026-08-21 20:58:30 UTC (in 8.8 min)
2026-08-21 20:49:46 UTC INFO    __workspace___hf__models__Qwen2_5-3B-Instruct/stage1: 860/1200 done, 1.5s/item, elapsed 22.0 min, VRAM peak 82.3%, ETA 2026-08-21 20:58:27 UTC (in 8.7 min)
2026-08-21 20:49:53 UTC INFO    __workspace___hf__models__Qwen2_5-3B-Instruct/stage1: 865/1200 done, 1.5s/item, elapsed 22.1 min, VRAM peak 82.3%, ETA 2026-08-21 20:58:27 UTC (in 8.6 min)
2026-08-21 20:50:02 UTC INFO    __workspace___hf__models__Qwen2_5-3B-Instruct/stage1: 870/1200 done, 1.5s/item, elapsed 22.2 min, VRAM peak 82.3%, ETA 2026-08-21 20:58:28 UTC (in 8.4 min)
2026-08-21 20:50:09 UTC INFO    __workspace___hf__models__Qwen2_5-3B-Instruct/stage1: 875/1200 done, 1.5s/item, elapsed 22.3 min, VRAM peak 82.3%, ETA 2026-08-21 20:58:27 UTC (in 8.3 min)
2026-08-21 20:50:15 UTC INFO    __workspace___hf__models__Qwen2_5-3B-Instruct/stage1: 880/1200 done, 1.5s/item, elapsed 22.5 min, VRAM peak 82.3%, ETA 2026-08-21 20:58:25 UTC (in 8.2 min)
2026-08-21 20:50:23 UTC INFO    __workspace___hf__models__Qwen2_5-3B-Instruct/stage1: 885/1200 done, 1.5s/item, elapsed 22.6 min, VRAM peak 82.3%, ETA 2026-08-21 20:58:26 UTC (in 8.0 min)
2026-08-21 20:50:31 UTC INFO    __workspace___hf__models__Qwen2_5-3B-Instruct/stage1: 890/1200 done, 1.5s/item, elapsed 22.7 min, VRAM peak 82.3%, ETA 2026-08-21 20:58:26 UTC (in 7.9 min)
2026-08-21 20:50:39 UTC INFO    __workspace___hf__models__Qwen2_5-3B-Instruct/stage1: 895/1200 done, 1.5s/item, elapsed 22.9 min, VRAM peak 82.3%, ETA 2026-08-21 20:58:26 UTC (in 7.8 min)
2026-08-21 20:50:49 UTC INFO    __workspace___hf__models__Qwen2_5-3B-Instruct/stage1: 900/1200 done, 1.5s/item, elapsed 23.0 min, VRAM peak 82.3%, ETA 2026-08-21 20:58:29 UTC (in 7.7 min)
2026-08-21 20:50:57 UTC INFO    __workspace___hf__models__Qwen2_5-3B-Instruct/stage1: 905/1200 done, 1.5s/item, elapsed 23.2 min, VRAM peak 82.3%, ETA 2026-08-21 20:58:30 UTC (in 7.5 min)
2026-08-21 20:51:04 UTC INFO    __workspace___hf__models__Qwen2_5-3B-Instruct/stage1: 910/1200 done, 1.5s/item, elapsed 23.3 min, VRAM peak 82.3%, ETA 2026-08-21 20:58:29 UTC (in 7.4 min)
2026-08-21 20:51:12 UTC INFO    __workspace___hf__models__Qwen2_5-3B-Instruct/stage1: 915/1200 done, 1.5s/item, elapsed 23.4 min, VRAM peak 82.3%, ETA 2026-08-21 20:58:29 UTC (in 7.3 min)
2026-08-21 20:51:20 UTC INFO    __workspace___hf__models__Qwen2_5-3B-Instruct/stage1: 920/1200 done, 1.5s/item, elapsed 23.5 min, VRAM peak 82.3%, ETA 2026-08-21 20:58:29 UTC (in 7.2 min)
2026-08-21 20:51:30 UTC INFO    __workspace___hf__models__Qwen2_5-3B-Instruct/stage1: 925/1200 done, 1.5s/item, elapsed 23.7 min, VRAM peak 82.3%, ETA 2026-08-21 20:58:33 UTC (in 7.0 min)
2026-08-21 20:51:38 UTC INFO    __workspace___hf__models__Qwen2_5-3B-Instruct/stage1: 930/1200 done, 1.5s/item, elapsed 23.8 min, VRAM peak 82.3%, ETA 2026-08-21 20:58:34 UTC (in 6.9 min)
2026-08-21 20:51:46 UTC INFO    __workspace___hf__models__Qwen2_5-3B-Instruct/stage1: 935/1200 done, 1.5s/item, elapsed 24.0 min, VRAM peak 82.3%, ETA 2026-08-21 20:58:34 UTC (in 6.8 min)
2026-08-21 20:51:54 UTC INFO    __workspace___hf__models__Qwen2_5-3B-Instruct/stage1: 940/1200 done, 1.5s/item, elapsed 24.1 min, VRAM peak 82.3%, ETA 2026-08-21 20:58:33 UTC (in 6.7 min)
2026-08-21 20:52:01 UTC INFO    __workspace___hf__models__Qwen2_5-3B-Instruct/stage1: 945/1200 done, 1.5s/item, elapsed 24.2 min, VRAM peak 82.3%, ETA 2026-08-21 20:58:33 UTC (in 6.5 min)
2026-08-21 20:52:10 UTC INFO    __workspace___hf__models__Qwen2_5-3B-Instruct/stage1: 950/1200 done, 1.5s/item, elapsed 24.4 min, VRAM peak 82.3%, ETA 2026-08-21 20:58:35 UTC (in 6.4 min)
2026-08-21 20:52:19 UTC INFO    __workspace___hf__models__Qwen2_5-3B-Instruct/stage1: 955/1200 done, 1.5s/item, elapsed 24.5 min, VRAM peak 82.3%, ETA 2026-08-21 20:58:36 UTC (in 6.3 min)
2026-08-21 20:52:27 UTC INFO    __workspace___hf__models__Qwen2_5-3B-Instruct/stage1: 960/1200 done, 1.5s/item, elapsed 24.7 min, VRAM peak 82.3%, ETA 2026-08-21 20:58:37 UTC (in 6.2 min)
2026-08-21 20:52:36 UTC INFO    __workspace___hf__models__Qwen2_5-3B-Instruct/stage1: 965/1200 done, 1.5s/item, elapsed 24.8 min, VRAM peak 82.3%, ETA 2026-08-21 20:58:38 UTC (in 6.0 min)
2026-08-21 20:52:41 UTC INFO    __workspace___hf__models__Qwen2_5-3B-Instruct/stage1: 970/1200 done, 1.5s/item, elapsed 24.9 min, VRAM peak 82.3%, ETA 2026-08-21 20:58:35 UTC (in 5.9 min)
2026-08-21 20:52:49 UTC INFO    __workspace___hf__models__Qwen2_5-3B-Instruct/stage1: 975/1200 done, 1.5s/item, elapsed 25.0 min, VRAM peak 82.3%, ETA 2026-08-21 20:58:35 UTC (in 5.8 min)
2026-08-21 20:52:56 UTC INFO    __workspace___hf__models__Qwen2_5-3B-Instruct/stage1: 980/1200 done, 1.5s/item, elapsed 25.1 min, VRAM peak 82.3%, ETA 2026-08-21 20:58:35 UTC (in 5.6 min)
2026-08-21 20:53:05 UTC INFO    __workspace___hf__models__Qwen2_5-3B-Instruct/stage1: 985/1200 done, 1.5s/item, elapsed 25.3 min, VRAM peak 82.3%, ETA 2026-08-21 20:58:36 UTC (in 5.5 min)
2026-08-21 20:53:13 UTC INFO    __workspace___hf__models__Qwen2_5-3B-Instruct/stage1: 990/1200 done, 1.5s/item, elapsed 25.4 min, VRAM peak 82.3%, ETA 2026-08-21 20:58:36 UTC (in 5.4 min)
2026-08-21 20:53:20 UTC INFO    __workspace___hf__models__Qwen2_5-3B-Instruct/stage1: 995/1200 done, 1.5s/item, elapsed 25.5 min, VRAM peak 82.3%, ETA 2026-08-21 20:58:35 UTC (in 5.3 min)
2026-08-21 20:53:28 UTC INFO    __workspace___hf__models__Qwen2_5-3B-Instruct/stage1: 1000/1200 done, 1.5s/item, elapsed 25.7 min, VRAM peak 82.3%, ETA 2026-08-21 20:58:36 UTC (in 5.1 min)
2026-08-21 20:53:35 UTC INFO    __workspace___hf__models__Qwen2_5-3B-Instruct/stage1: 1005/1200 done, 1.5s/item, elapsed 25.8 min, VRAM peak 82.3%, ETA 2026-08-21 20:58:35 UTC (in 5.0 min)
2026-08-21 20:53:42 UTC INFO    __workspace___hf__models__Qwen2_5-3B-Instruct/stage1: 1010/1200 done, 1.5s/item, elapsed 25.9 min, VRAM peak 82.3%, ETA 2026-08-21 20:58:35 UTC (in 4.9 min)
2026-08-21 20:53:48 UTC INFO    __workspace___hf__models__Qwen2_5-3B-Instruct/stage1: 1015/1200 done, 1.5s/item, elapsed 26.0 min, VRAM peak 82.3%, ETA 2026-08-21 20:58:33 UTC (in 4.7 min)
2026-08-21 20:53:56 UTC INFO    __workspace___hf__models__Qwen2_5-3B-Instruct/stage1: 1020/1200 done, 1.5s/item, elapsed 26.1 min, VRAM peak 82.3%, ETA 2026-08-21 20:58:33 UTC (in 4.6 min)
2026-08-21 20:54:03 UTC INFO    __workspace___hf__models__Qwen2_5-3B-Instruct/stage1: 1025/1200 done, 1.5s/item, elapsed 26.3 min, VRAM peak 82.3%, ETA 2026-08-21 20:58:32 UTC (in 4.5 min)
2026-08-21 20:54:13 UTC INFO    __workspace___hf__models__Qwen2_5-3B-Instruct/stage1: 1030/1200 done, 1.5s/item, elapsed 26.4 min, VRAM peak 82.3%, ETA 2026-08-21 20:58:35 UTC (in 4.4 min)
2026-08-21 20:54:20 UTC INFO    __workspace___hf__models__Qwen2_5-3B-Instruct/stage1: 1035/1200 done, 1.5s/item, elapsed 26.5 min, VRAM peak 82.3%, ETA 2026-08-21 20:58:33 UTC (in 4.2 min)
2026-08-21 20:54:26 UTC INFO    __workspace___hf__models__Qwen2_5-3B-Instruct/stage1: 1040/1200 done, 1.5s/item, elapsed 26.6 min, VRAM peak 82.3%, ETA 2026-08-21 20:58:32 UTC (in 4.1 min)
2026-08-21 20:54:31 UTC INFO    __workspace___hf__models__Qwen2_5-3B-Instruct/stage1: 1045/1200 done, 1.5s/item, elapsed 26.7 min, VRAM peak 82.3%, ETA 2026-08-21 20:58:29 UTC (in 4.0 min)
2026-08-21 20:54:37 UTC INFO    __workspace___hf__models__Qwen2_5-3B-Instruct/stage1: 1050/1200 done, 1.5s/item, elapsed 26.8 min, VRAM peak 82.3%, ETA 2026-08-21 20:58:27 UTC (in 3.8 min)
2026-08-21 20:54:44 UTC INFO    __workspace___hf__models__Qwen2_5-3B-Instruct/stage1: 1055/1200 done, 1.5s/item, elapsed 26.9 min, VRAM peak 82.3%, ETA 2026-08-21 20:58:26 UTC (in 3.7 min)
2026-08-21 20:54:52 UTC INFO    __workspace___hf__models__Qwen2_5-3B-Instruct/stage1: 1060/1200 done, 1.5s/item, elapsed 27.1 min, VRAM peak 82.3%, ETA 2026-08-21 20:58:26 UTC (in 3.6 min)
2026-08-21 20:55:00 UTC INFO    __workspace___hf__models__Qwen2_5-3B-Instruct/stage1: 1065/1200 done, 1.5s/item, elapsed 27.2 min, VRAM peak 82.3%, ETA 2026-08-21 20:58:27 UTC (in 3.4 min)
2026-08-21 20:55:07 UTC INFO    __workspace___hf__models__Qwen2_5-3B-Instruct/stage1: 1070/1200 done, 1.5s/item, elapsed 27.3 min, VRAM peak 82.3%, ETA 2026-08-21 20:58:26 UTC (in 3.3 min)
2026-08-21 20:55:15 UTC INFO    __workspace___hf__models__Qwen2_5-3B-Instruct/stage1: 1075/1200 done, 1.5s/item, elapsed 27.5 min, VRAM peak 82.3%, ETA 2026-08-21 20:58:27 UTC (in 3.2 min)
2026-08-21 20:55:25 UTC INFO    __workspace___hf__models__Qwen2_5-3B-Instruct/stage1: 1080/1200 done, 1.5s/item, elapsed 27.6 min, VRAM peak 82.3%, ETA 2026-08-21 20:58:29 UTC (in 3.1 min)
2026-08-21 20:55:30 UTC INFO    __workspace___hf__models__Qwen2_5-3B-Instruct/stage1: 1085/1200 done, 1.5s/item, elapsed 27.7 min, VRAM peak 82.3%, ETA 2026-08-21 20:58:26 UTC (in 2.9 min)
2026-08-21 20:55:36 UTC INFO    __workspace___hf__models__Qwen2_5-3B-Instruct/stage1: 1090/1200 done, 1.5s/item, elapsed 27.8 min, VRAM peak 82.3%, ETA 2026-08-21 20:58:25 UTC (in 2.8 min)
2026-08-21 20:55:42 UTC INFO    __workspace___hf__models__Qwen2_5-3B-Instruct/stage1: 1095/1200 done, 1.5s/item, elapsed 27.9 min, VRAM peak 82.3%, ETA 2026-08-21 20:58:23 UTC (in 2.7 min)
2026-08-21 20:55:49 UTC INFO    __workspace___hf__models__Qwen2_5-3B-Instruct/stage1: 1100/1200 done, 1.5s/item, elapsed 28.0 min, VRAM peak 82.3%, ETA 2026-08-21 20:58:22 UTC (in 2.5 min)
2026-08-21 20:55:56 UTC INFO    __workspace___hf__models__Qwen2_5-3B-Instruct/stage1: 1105/1200 done, 1.5s/item, elapsed 28.1 min, VRAM peak 82.3%, ETA 2026-08-21 20:58:21 UTC (in 2.4 min)
2026-08-21 20:56:03 UTC INFO    __workspace___hf__models__Qwen2_5-3B-Instruct/stage1: 1110/1200 done, 1.5s/item, elapsed 28.3 min, VRAM peak 82.3%, ETA 2026-08-21 20:58:21 UTC (in 2.3 min)
2026-08-21 20:56:11 UTC INFO    __workspace___hf__models__Qwen2_5-3B-Instruct/stage1: 1115/1200 done, 1.5s/item, elapsed 28.4 min, VRAM peak 82.3%, ETA 2026-08-21 20:58:21 UTC (in 2.2 min)
2026-08-21 20:56:20 UTC INFO    __workspace___hf__models__Qwen2_5-3B-Instruct/stage1: 1120/1200 done, 1.5s/item, elapsed 28.5 min, VRAM peak 82.3%, ETA 2026-08-21 20:58:23 UTC (in 2.0 min)
2026-08-21 20:56:29 UTC INFO    __workspace___hf__models__Qwen2_5-3B-Instruct/stage1: 1125/1200 done, 1.5s/item, elapsed 28.7 min, VRAM peak 82.3%, ETA 2026-08-21 20:58:24 UTC (in 1.9 min)
2026-08-21 20:56:36 UTC INFO    __workspace___hf__models__Qwen2_5-3B-Instruct/stage1: 1130/1200 done, 1.5s/item, elapsed 28.8 min, VRAM peak 82.3%, ETA 2026-08-21 20:58:23 UTC (in 1.8 min)
2026-08-21 20:56:44 UTC INFO    __workspace___hf__models__Qwen2_5-3B-Instruct/stage1: 1135/1200 done, 1.5s/item, elapsed 28.9 min, VRAM peak 82.3%, ETA 2026-08-21 20:58:24 UTC (in 1.7 min)
2026-08-21 20:56:51 UTC INFO    __workspace___hf__models__Qwen2_5-3B-Instruct/stage1: 1140/1200 done, 1.5s/item, elapsed 29.1 min, VRAM peak 82.3%, ETA 2026-08-21 20:58:23 UTC (in 1.5 min)
2026-08-21 20:57:00 UTC INFO    __workspace___hf__models__Qwen2_5-3B-Instruct/stage1: 1145/1200 done, 1.5s/item, elapsed 29.2 min, VRAM peak 82.3%, ETA 2026-08-21 20:58:24 UTC (in 1.4 min)
2026-08-21 20:57:09 UTC INFO    __workspace___hf__models__Qwen2_5-3B-Instruct/stage1: 1150/1200 done, 1.5s/item, elapsed 29.3 min, VRAM peak 82.3%, ETA 2026-08-21 20:58:25 UTC (in 1.3 min)
2026-08-21 20:57:16 UTC INFO    __workspace___hf__models__Qwen2_5-3B-Instruct/stage1: 1155/1200 done, 1.5s/item, elapsed 29.5 min, VRAM peak 82.3%, ETA 2026-08-21 20:58:25 UTC (in 1.1 min)
2026-08-21 20:57:24 UTC INFO    __workspace___hf__models__Qwen2_5-3B-Instruct/stage1: 1160/1200 done, 1.5s/item, elapsed 29.6 min, VRAM peak 82.3%, ETA 2026-08-21 20:58:25 UTC (in 1.0 min)
2026-08-21 20:57:34 UTC INFO    __workspace___hf__models__Qwen2_5-3B-Instruct/stage1: 1165/1200 done, 1.5s/item, elapsed 29.8 min, VRAM peak 82.3%, ETA 2026-08-21 20:58:27 UTC (in 0.9 min)
2026-08-21 20:57:39 UTC INFO    __workspace___hf__models__Qwen2_5-3B-Instruct/stage1: 1170/1200 done, 1.5s/item, elapsed 29.9 min, VRAM peak 82.3%, ETA 2026-08-21 20:58:25 UTC (in 0.8 min)
2026-08-21 20:57:48 UTC INFO    __workspace___hf__models__Qwen2_5-3B-Instruct/stage1: 1175/1200 done, 1.5s/item, elapsed 30.0 min, VRAM peak 82.3%, ETA 2026-08-21 20:58:26 UTC (in 0.6 min)
2026-08-21 20:57:56 UTC INFO    __workspace___hf__models__Qwen2_5-3B-Instruct/stage1: 1180/1200 done, 1.5s/item, elapsed 30.1 min, VRAM peak 82.3%, ETA 2026-08-21 20:58:27 UTC (in 0.5 min)
2026-08-21 20:58:05 UTC INFO    __workspace___hf__models__Qwen2_5-3B-Instruct/stage1: 1185/1200 done, 1.5s/item, elapsed 30.3 min, VRAM peak 82.3%, ETA 2026-08-21 20:58:28 UTC (in 0.4 min)
2026-08-21 20:58:13 UTC INFO    __workspace___hf__models__Qwen2_5-3B-Instruct/stage1: 1190/1200 done, 1.5s/item, elapsed 30.4 min, VRAM peak 82.3%, ETA 2026-08-21 20:58:29 UTC (in 0.3 min)
2026-08-21 20:58:20 UTC INFO    __workspace___hf__models__Qwen2_5-3B-Instruct/stage1: 1195/1200 done, 1.5s/item, elapsed 30.5 min, VRAM peak 82.3%, ETA 2026-08-21 20:58:28 UTC (in 0.1 min)
2026-08-21 20:58:28 UTC INFO    __workspace___hf__models__Qwen2_5-3B-Instruct/stage1: 1200/1200 done, 1.5s/item, elapsed 30.7 min, VRAM peak 82.3%, ETA 2026-08-21 20:58:28 UTC (in 0.0 min)
2026-08-21 20:58:28 UTC INFO    GPU ledger: +1840.1s for __workspace___hf__models__Qwen2_5-3B-Instruct/stage1, cumulative 31019.9s (8.62 h, 43.1% of the 20 h allowance)
2026-08-21 20:58:28 UTC INFO    /workspace/.hf/models/Qwen2.5-3B-Instruct stage1: {"items": 1200, "unreadable_choice": 0, "usable": 328, "abort_reason": null, "elapsed_min": 30.67, "vram_peak_pct": 82.3}
2026-08-21 20:58:41 UTC INFO    /workspace/.hf/models/Qwen2.5-3B-Instruct stage2: {"attempted": 328, "built": 123, "dropped": 205, "search_cap_hit": 226}
2026-08-21 20:58:47 UTC INFO    __workspace___hf__models__Qwen2_5-3B-Instruct/stage3: 10/1230 done, 0.6s/item, elapsed 0.1 min, VRAM peak 82.3%, ETA 2026-08-21 21:11:25 UTC (in 12.6 min)
2026-08-21 20:58:53 UTC INFO    __workspace___hf__models__Qwen2_5-3B-Instruct/stage3: 20/1230 done, 0.6s/item, elapsed 0.2 min, VRAM peak 82.3%, ETA 2026-08-21 21:10:58 UTC (in 12.1 min)
2026-08-21 20:59:05 UTC INFO    __workspace___hf__models__Qwen2_5-3B-Instruct/stage3: 30/1230 done, 0.8s/item, elapsed 0.4 min, VRAM peak 82.3%, ETA 2026-08-21 21:14:52 UTC (in 15.8 min)
2026-08-21 20:59:14 UTC INFO    __workspace___hf__models__Qwen2_5-3B-Instruct/stage3: 40/1230 done, 0.8s/item, elapsed 0.5 min, VRAM peak 82.3%, ETA 2026-08-21 21:15:22 UTC (in 16.1 min)
2026-08-21 20:59:21 UTC INFO    __workspace___hf__models__Qwen2_5-3B-Instruct/stage3: 50/1230 done, 0.8s/item, elapsed 0.7 min, VRAM peak 82.3%, ETA 2026-08-21 21:14:52 UTC (in 15.5 min)
2026-08-21 20:59:27 UTC INFO    __workspace___hf__models__Qwen2_5-3B-Instruct/stage3: 60/1230 done, 0.8s/item, elapsed 0.8 min, VRAM peak 82.3%, ETA 2026-08-21 21:14:20 UTC (in 14.9 min)
2026-08-21 20:59:35 UTC INFO    __workspace___hf__models__Qwen2_5-3B-Instruct/stage3: 70/1230 done, 0.8s/item, elapsed 0.9 min, VRAM peak 82.3%, ETA 2026-08-21 21:14:23 UTC (in 14.8 min)
2026-08-21 20:59:42 UTC INFO    __workspace___hf__models__Qwen2_5-3B-Instruct/stage3: 80/1230 done, 0.8s/item, elapsed 1.0 min, VRAM peak 82.3%, ETA 2026-08-21 21:14:17 UTC (in 14.6 min)
2026-08-21 20:59:51 UTC INFO    __workspace___hf__models__Qwen2_5-3B-Instruct/stage3: 90/1230 done, 0.8s/item, elapsed 1.2 min, VRAM peak 82.3%, ETA 2026-08-21 21:14:35 UTC (in 14.7 min)
2026-08-21 20:59:57 UTC INFO    __workspace___hf__models__Qwen2_5-3B-Instruct/stage3: 100/1230 done, 0.8s/item, elapsed 1.3 min, VRAM peak 82.3%, ETA 2026-08-21 21:14:09 UTC (in 14.2 min)
2026-08-21 21:00:05 UTC INFO    __workspace___hf__models__Qwen2_5-3B-Instruct/stage3: 110/1230 done, 0.8s/item, elapsed 1.4 min, VRAM peak 82.3%, ETA 2026-08-21 21:14:18 UTC (in 14.2 min)
2026-08-21 21:00:12 UTC INFO    __workspace___hf__models__Qwen2_5-3B-Instruct/stage3: 120/1230 done, 0.8s/item, elapsed 1.5 min, VRAM peak 82.3%, ETA 2026-08-21 21:14:12 UTC (in 14.0 min)
2026-08-21 21:00:22 UTC INFO    __workspace___hf__models__Qwen2_5-3B-Instruct/stage3: 130/1230 done, 0.8s/item, elapsed 1.7 min, VRAM peak 82.3%, ETA 2026-08-21 21:14:32 UTC (in 14.2 min)
2026-08-21 21:00:29 UTC INFO    __workspace___hf__models__Qwen2_5-3B-Instruct/stage3: 140/1230 done, 0.8s/item, elapsed 1.8 min, VRAM peak 82.3%, ETA 2026-08-21 21:14:31 UTC (in 14.0 min)
2026-08-21 21:00:37 UTC INFO    __workspace___hf__models__Qwen2_5-3B-Instruct/stage3: 150/1230 done, 0.8s/item, elapsed 1.9 min, VRAM peak 82.3%, ETA 2026-08-21 21:14:35 UTC (in 14.0 min)
2026-08-21 21:00:47 UTC INFO    __workspace___hf__models__Qwen2_5-3B-Instruct/stage3: 160/1230 done, 0.8s/item, elapsed 2.1 min, VRAM peak 82.3%, ETA 2026-08-21 21:14:53 UTC (in 14.1 min)
2026-08-21 21:01:00 UTC INFO    __workspace___hf__models__Qwen2_5-3B-Instruct/stage3: 170/1230 done, 0.8s/item, elapsed 2.3 min, VRAM peak 82.3%, ETA 2026-08-21 21:15:30 UTC (in 14.5 min)
2026-08-21 21:01:08 UTC INFO    __workspace___hf__models__Qwen2_5-3B-Instruct/stage3: 180/1230 done, 0.8s/item, elapsed 2.4 min, VRAM peak 82.3%, ETA 2026-08-21 21:15:24 UTC (in 14.3 min)
2026-08-21 21:01:18 UTC INFO    __workspace___hf__models__Qwen2_5-3B-Instruct/stage3: 190/1230 done, 0.8s/item, elapsed 2.6 min, VRAM peak 82.3%, ETA 2026-08-21 21:15:34 UTC (in 14.3 min)
2026-08-21 21:01:28 UTC INFO    __workspace___hf__models__Qwen2_5-3B-Instruct/stage3: 200/1230 done, 0.8s/item, elapsed 2.8 min, VRAM peak 82.3%, ETA 2026-08-21 21:15:49 UTC (in 14.3 min)
2026-08-21 21:01:36 UTC INFO    __workspace___hf__models__Qwen2_5-3B-Instruct/stage3: 210/1230 done, 0.8s/item, elapsed 2.9 min, VRAM peak 82.3%, ETA 2026-08-21 21:15:45 UTC (in 14.1 min)
2026-08-21 21:01:43 UTC INFO    __workspace___hf__models__Qwen2_5-3B-Instruct/stage3: 220/1230 done, 0.8s/item, elapsed 3.0 min, VRAM peak 82.3%, ETA 2026-08-21 21:15:40 UTC (in 13.9 min)
2026-08-21 21:01:52 UTC INFO    __workspace___hf__models__Qwen2_5-3B-Instruct/stage3: 230/1230 done, 0.8s/item, elapsed 3.2 min, VRAM peak 82.3%, ETA 2026-08-21 21:15:39 UTC (in 13.8 min)
2026-08-21 21:02:01 UTC INFO    __workspace___hf__models__Qwen2_5-3B-Instruct/stage3: 240/1230 done, 0.8s/item, elapsed 3.3 min, VRAM peak 82.3%, ETA 2026-08-21 21:15:45 UTC (in 13.7 min)
2026-08-21 21:02:09 UTC INFO    __workspace___hf__models__Qwen2_5-3B-Instruct/stage3: 250/1230 done, 0.8s/item, elapsed 3.5 min, VRAM peak 82.3%, ETA 2026-08-21 21:15:44 UTC (in 13.6 min)
2026-08-21 21:02:16 UTC INFO    __workspace___hf__models__Qwen2_5-3B-Instruct/stage3: 260/1230 done, 0.8s/item, elapsed 3.6 min, VRAM peak 82.3%, ETA 2026-08-21 21:15:40 UTC (in 13.4 min)
2026-08-21 21:02:26 UTC INFO    __workspace___hf__models__Qwen2_5-3B-Instruct/stage3: 270/1230 done, 0.8s/item, elapsed 3.7 min, VRAM peak 82.3%, ETA 2026-08-21 21:15:44 UTC (in 13.3 min)
2026-08-21 21:02:34 UTC INFO    __workspace___hf__models__Qwen2_5-3B-Instruct/stage3: 280/1230 done, 0.8s/item, elapsed 3.9 min, VRAM peak 82.3%, ETA 2026-08-21 21:15:44 UTC (in 13.2 min)
2026-08-21 21:02:40 UTC INFO    __workspace___hf__models__Qwen2_5-3B-Instruct/stage3: 290/1230 done, 0.8s/item, elapsed 4.0 min, VRAM peak 82.3%, ETA 2026-08-21 21:15:36 UTC (in 12.9 min)
2026-08-21 21:02:49 UTC INFO    __workspace___hf__models__Qwen2_5-3B-Instruct/stage3: 300/1230 done, 0.8s/item, elapsed 4.1 min, VRAM peak 82.3%, ETA 2026-08-21 21:15:37 UTC (in 12.8 min)
2026-08-21 21:02:57 UTC INFO    __workspace___hf__models__Qwen2_5-3B-Instruct/stage3: 310/1230 done, 0.8s/item, elapsed 4.3 min, VRAM peak 82.3%, ETA 2026-08-21 21:15:36 UTC (in 12.6 min)
2026-08-21 21:03:04 UTC INFO    __workspace___hf__models__Qwen2_5-3B-Instruct/stage3: 320/1230 done, 0.8s/item, elapsed 4.4 min, VRAM peak 82.3%, ETA 2026-08-21 21:15:31 UTC (in 12.5 min)
2026-08-21 21:03:12 UTC INFO    __workspace___hf__models__Qwen2_5-3B-Instruct/stage3: 330/1230 done, 0.8s/item, elapsed 4.5 min, VRAM peak 82.3%, ETA 2026-08-21 21:15:29 UTC (in 12.3 min)
2026-08-21 21:03:19 UTC INFO    __workspace___hf__models__Qwen2_5-3B-Instruct/stage3: 340/1230 done, 0.8s/item, elapsed 4.6 min, VRAM peak 82.3%, ETA 2026-08-21 21:15:28 UTC (in 12.1 min)
2026-08-21 21:03:27 UTC INFO    __workspace___hf__models__Qwen2_5-3B-Instruct/stage3: 350/1230 done, 0.8s/item, elapsed 4.8 min, VRAM peak 82.3%, ETA 2026-08-21 21:15:27 UTC (in 12.0 min)
2026-08-21 21:03:35 UTC INFO    __workspace___hf__models__Qwen2_5-3B-Instruct/stage3: 360/1230 done, 0.8s/item, elapsed 4.9 min, VRAM peak 82.3%, ETA 2026-08-21 21:15:24 UTC (in 11.8 min)
2026-08-21 21:03:41 UTC INFO    __workspace___hf__models__Qwen2_5-3B-Instruct/stage3: 370/1230 done, 0.8s/item, elapsed 5.0 min, VRAM peak 82.3%, ETA 2026-08-21 21:15:19 UTC (in 11.6 min)
2026-08-21 21:03:48 UTC INFO    __workspace___hf__models__Qwen2_5-3B-Instruct/stage3: 380/1230 done, 0.8s/item, elapsed 5.1 min, VRAM peak 82.3%, ETA 2026-08-21 21:15:16 UTC (in 11.5 min)
2026-08-21 21:03:56 UTC INFO    __workspace___hf__models__Qwen2_5-3B-Instruct/stage3: 390/1230 done, 0.8s/item, elapsed 5.3 min, VRAM peak 82.3%, ETA 2026-08-21 21:15:15 UTC (in 11.3 min)
2026-08-21 21:04:01 UTC INFO    __workspace___hf__models__Qwen2_5-3B-Instruct/stage3: 400/1230 done, 0.8s/item, elapsed 5.3 min, VRAM peak 82.3%, ETA 2026-08-21 21:15:05 UTC (in 11.1 min)
2026-08-21 21:04:08 UTC INFO    __workspace___hf__models__Qwen2_5-3B-Instruct/stage3: 410/1230 done, 0.8s/item, elapsed 5.4 min, VRAM peak 82.3%, ETA 2026-08-21 21:15:01 UTC (in 10.9 min)
2026-08-21 21:04:16 UTC INFO    __workspace___hf__models__Qwen2_5-3B-Instruct/stage3: 420/1230 done, 0.8s/item, elapsed 5.6 min, VRAM peak 82.3%, ETA 2026-08-21 21:15:01 UTC (in 10.8 min)
2026-08-21 21:04:27 UTC INFO    __workspace___hf__models__Qwen2_5-3B-Instruct/stage3: 430/1230 done, 0.8s/item, elapsed 5.8 min, VRAM peak 82.3%, ETA 2026-08-21 21:15:10 UTC (in 10.7 min)
2026-08-21 21:04:35 UTC INFO    __workspace___hf__models__Qwen2_5-3B-Instruct/stage3: 440/1230 done, 0.8s/item, elapsed 5.9 min, VRAM peak 82.3%, ETA 2026-08-21 21:15:10 UTC (in 10.6 min)
2026-08-21 21:04:43 UTC INFO    __workspace___hf__models__Qwen2_5-3B-Instruct/stage3: 450/1230 done, 0.8s/item, elapsed 6.0 min, VRAM peak 82.3%, ETA 2026-08-21 21:15:10 UTC (in 10.5 min)
2026-08-21 21:04:53 UTC INFO    __workspace___hf__models__Qwen2_5-3B-Instruct/stage3: 460/1230 done, 0.8s/item, elapsed 6.2 min, VRAM peak 82.3%, ETA 2026-08-21 21:15:15 UTC (in 10.4 min)
2026-08-21 21:04:59 UTC INFO    __workspace___hf__models__Qwen2_5-3B-Instruct/stage3: 470/1230 done, 0.8s/item, elapsed 6.3 min, VRAM peak 82.3%, ETA 2026-08-21 21:15:10 UTC (in 10.2 min)
2026-08-21 21:05:06 UTC INFO    __workspace___hf__models__Qwen2_5-3B-Instruct/stage3: 480/1230 done, 0.8s/item, elapsed 6.4 min, VRAM peak 82.3%, ETA 2026-08-21 21:15:06 UTC (in 10.0 min)
2026-08-21 21:05:17 UTC INFO    __workspace___hf__models__Qwen2_5-3B-Instruct/stage3: 490/1230 done, 0.8s/item, elapsed 6.6 min, VRAM peak 82.3%, ETA 2026-08-21 21:15:15 UTC (in 10.0 min)
2026-08-21 21:05:25 UTC INFO    __workspace___hf__models__Qwen2_5-3B-Instruct/stage3: 500/1230 done, 0.8s/item, elapsed 6.7 min, VRAM peak 82.3%, ETA 2026-08-21 21:15:14 UTC (in 9.8 min)
2026-08-21 21:05:34 UTC INFO    __workspace___hf__models__Qwen2_5-3B-Instruct/stage3: 510/1230 done, 0.8s/item, elapsed 6.9 min, VRAM peak 82.3%, ETA 2026-08-21 21:15:17 UTC (in 9.7 min)
2026-08-21 21:05:44 UTC INFO    __workspace___hf__models__Qwen2_5-3B-Instruct/stage3: 520/1230 done, 0.8s/item, elapsed 7.0 min, VRAM peak 82.3%, ETA 2026-08-21 21:15:20 UTC (in 9.6 min)
2026-08-21 21:05:55 UTC INFO    __workspace___hf__models__Qwen2_5-3B-Instruct/stage3: 530/1230 done, 0.8s/item, elapsed 7.2 min, VRAM peak 82.3%, ETA 2026-08-21 21:15:28 UTC (in 9.6 min)
2026-08-21 21:06:10 UTC INFO    __workspace___hf__models__Qwen2_5-3B-Instruct/stage3: 540/1230 done, 0.8s/item, elapsed 7.5 min, VRAM peak 82.3%, ETA 2026-08-21 21:15:45 UTC (in 9.6 min)
2026-08-21 21:06:19 UTC INFO    __workspace___hf__models__Qwen2_5-3B-Instruct/stage3: 550/1230 done, 0.8s/item, elapsed 7.6 min, VRAM peak 82.3%, ETA 2026-08-21 21:15:45 UTC (in 9.4 min)
2026-08-21 21:06:28 UTC INFO    __workspace___hf__models__Qwen2_5-3B-Instruct/stage3: 560/1230 done, 0.8s/item, elapsed 7.8 min, VRAM peak 82.3%, ETA 2026-08-21 21:15:47 UTC (in 9.3 min)
2026-08-21 21:06:36 UTC INFO    __workspace___hf__models__Qwen2_5-3B-Instruct/stage3: 570/1230 done, 0.8s/item, elapsed 7.9 min, VRAM peak 82.3%, ETA 2026-08-21 21:15:47 UTC (in 9.2 min)
2026-08-21 21:06:44 UTC INFO    __workspace___hf__models__Qwen2_5-3B-Instruct/stage3: 580/1230 done, 0.8s/item, elapsed 8.0 min, VRAM peak 82.3%, ETA 2026-08-21 21:15:45 UTC (in 9.0 min)
2026-08-21 21:06:52 UTC INFO    __workspace___hf__models__Qwen2_5-3B-Instruct/stage3: 590/1230 done, 0.8s/item, elapsed 8.2 min, VRAM peak 82.3%, ETA 2026-08-21 21:15:44 UTC (in 8.9 min)
2026-08-21 21:07:00 UTC INFO    __workspace___hf__models__Qwen2_5-3B-Instruct/stage3: 600/1230 done, 0.8s/item, elapsed 8.3 min, VRAM peak 82.3%, ETA 2026-08-21 21:15:45 UTC (in 8.7 min)
2026-08-21 21:07:09 UTC INFO    __workspace___hf__models__Qwen2_5-3B-Instruct/stage3: 610/1230 done, 0.8s/item, elapsed 8.5 min, VRAM peak 82.3%, ETA 2026-08-21 21:15:44 UTC (in 8.6 min)
2026-08-21 21:07:17 UTC INFO    __workspace___hf__models__Qwen2_5-3B-Instruct/stage3: 620/1230 done, 0.8s/item, elapsed 8.6 min, VRAM peak 82.3%, ETA 2026-08-21 21:15:44 UTC (in 8.5 min)
2026-08-21 21:07:26 UTC INFO    __workspace___hf__models__Qwen2_5-3B-Instruct/stage3: 630/1230 done, 0.8s/item, elapsed 8.8 min, VRAM peak 82.3%, ETA 2026-08-21 21:15:46 UTC (in 8.3 min)
2026-08-21 21:07:34 UTC INFO    __workspace___hf__models__Qwen2_5-3B-Instruct/stage3: 640/1230 done, 0.8s/item, elapsed 8.9 min, VRAM peak 82.3%, ETA 2026-08-21 21:15:45 UTC (in 8.2 min)
2026-08-21 21:07:40 UTC INFO    __workspace___hf__models__Qwen2_5-3B-Instruct/stage3: 650/1230 done, 0.8s/item, elapsed 9.0 min, VRAM peak 82.3%, ETA 2026-08-21 21:15:42 UTC (in 8.0 min)
2026-08-21 21:07:49 UTC INFO    __workspace___hf__models__Qwen2_5-3B-Instruct/stage3: 660/1230 done, 0.8s/item, elapsed 9.1 min, VRAM peak 82.3%, ETA 2026-08-21 21:15:43 UTC (in 7.9 min)
2026-08-21 21:07:56 UTC INFO    __workspace___hf__models__Qwen2_5-3B-Instruct/stage3: 670/1230 done, 0.8s/item, elapsed 9.3 min, VRAM peak 82.3%, ETA 2026-08-21 21:15:40 UTC (in 7.7 min)
2026-08-21 21:08:04 UTC INFO    __workspace___hf__models__Qwen2_5-3B-Instruct/stage3: 680/1230 done, 0.8s/item, elapsed 9.4 min, VRAM peak 82.3%, ETA 2026-08-21 21:15:39 UTC (in 7.6 min)
2026-08-21 21:08:12 UTC INFO    __workspace___hf__models__Qwen2_5-3B-Instruct/stage3: 690/1230 done, 0.8s/item, elapsed 9.5 min, VRAM peak 82.3%, ETA 2026-08-21 21:15:38 UTC (in 7.4 min)
2026-08-21 21:08:20 UTC INFO    __workspace___hf__models__Qwen2_5-3B-Instruct/stage3: 700/1230 done, 0.8s/item, elapsed 9.7 min, VRAM peak 82.3%, ETA 2026-08-21 21:15:39 UTC (in 7.3 min)
2026-08-21 21:08:28 UTC INFO    __workspace___hf__models__Qwen2_5-3B-Instruct/stage3: 710/1230 done, 0.8s/item, elapsed 9.8 min, VRAM peak 82.3%, ETA 2026-08-21 21:15:37 UTC (in 7.2 min)
2026-08-21 21:08:36 UTC INFO    __workspace___hf__models__Qwen2_5-3B-Instruct/stage3: 720/1230 done, 0.8s/item, elapsed 9.9 min, VRAM peak 82.3%, ETA 2026-08-21 21:15:37 UTC (in 7.0 min)
2026-08-21 21:08:45 UTC INFO    __workspace___hf__models__Qwen2_5-3B-Instruct/stage3: 730/1230 done, 0.8s/item, elapsed 10.1 min, VRAM peak 82.3%, ETA 2026-08-21 21:15:38 UTC (in 6.9 min)
2026-08-21 21:08:49 UTC INFO    __workspace___hf__models__Qwen2_5-3B-Instruct/stage3: 740/1230 done, 0.8s/item, elapsed 10.1 min, VRAM peak 82.3%, ETA 2026-08-21 21:15:32 UTC (in 6.7 min)
2026-08-21 21:08:59 UTC INFO    __workspace___hf__models__Qwen2_5-3B-Instruct/stage3: 750/1230 done, 0.8s/item, elapsed 10.3 min, VRAM peak 82.3%, ETA 2026-08-21 21:15:34 UTC (in 6.6 min)
2026-08-21 21:09:07 UTC INFO    __workspace___hf__models__Qwen2_5-3B-Instruct/stage3: 760/1230 done, 0.8s/item, elapsed 10.4 min, VRAM peak 82.3%, ETA 2026-08-21 21:15:34 UTC (in 6.4 min)
2026-08-21 21:09:16 UTC INFO    __workspace___hf__models__Qwen2_5-3B-Instruct/stage3: 770/1230 done, 0.8s/item, elapsed 10.6 min, VRAM peak 82.3%, ETA 2026-08-21 21:15:35 UTC (in 6.3 min)
2026-08-21 21:09:21 UTC INFO    __workspace___hf__models__Qwen2_5-3B-Instruct/stage3: 780/1230 done, 0.8s/item, elapsed 10.7 min, VRAM peak 82.3%, ETA 2026-08-21 21:15:30 UTC (in 6.2 min)
2026-08-21 21:09:31 UTC INFO    __workspace___hf__models__Qwen2_5-3B-Instruct/stage3: 790/1230 done, 0.8s/item, elapsed 10.8 min, VRAM peak 82.3%, ETA 2026-08-21 21:15:33 UTC (in 6.0 min)
2026-08-21 21:09:40 UTC INFO    __workspace___hf__models__Qwen2_5-3B-Instruct/stage3: 800/1230 done, 0.8s/item, elapsed 11.0 min, VRAM peak 82.3%, ETA 2026-08-21 21:15:34 UTC (in 5.9 min)
2026-08-21 21:09:50 UTC INFO    __workspace___hf__models__Qwen2_5-3B-Instruct/stage3: 810/1230 done, 0.8s/item, elapsed 11.1 min, VRAM peak 82.3%, ETA 2026-08-21 21:15:37 UTC (in 5.8 min)
2026-08-21 21:09:58 UTC INFO    __workspace___hf__models__Qwen2_5-3B-Instruct/stage3: 820/1230 done, 0.8s/item, elapsed 11.3 min, VRAM peak 82.3%, ETA 2026-08-21 21:15:37 UTC (in 5.6 min)
2026-08-21 21:10:07 UTC INFO    __workspace___hf__models__Qwen2_5-3B-Instruct/stage3: 830/1230 done, 0.8s/item, elapsed 11.4 min, VRAM peak 82.3%, ETA 2026-08-21 21:15:38 UTC (in 5.5 min)
2026-08-21 21:10:14 UTC INFO    __workspace___hf__models__Qwen2_5-3B-Instruct/stage3: 840/1230 done, 0.8s/item, elapsed 11.5 min, VRAM peak 82.3%, ETA 2026-08-21 21:15:36 UTC (in 5.4 min)
2026-08-21 21:10:24 UTC INFO    __workspace___hf__models__Qwen2_5-3B-Instruct/stage3: 850/1230 done, 0.8s/item, elapsed 11.7 min, VRAM peak 82.3%, ETA 2026-08-21 21:15:38 UTC (in 5.2 min)
2026-08-21 21:10:32 UTC INFO    __workspace___hf__models__Qwen2_5-3B-Instruct/stage3: 860/1230 done, 0.8s/item, elapsed 11.8 min, VRAM peak 82.3%, ETA 2026-08-21 21:15:37 UTC (in 5.1 min)
2026-08-21 21:10:40 UTC INFO    __workspace___hf__models__Qwen2_5-3B-Instruct/stage3: 870/1230 done, 0.8s/item, elapsed 12.0 min, VRAM peak 82.3%, ETA 2026-08-21 21:15:38 UTC (in 5.0 min)
2026-08-21 21:10:49 UTC INFO    __workspace___hf__models__Qwen2_5-3B-Instruct/stage3: 880/1230 done, 0.8s/item, elapsed 12.1 min, VRAM peak 82.3%, ETA 2026-08-21 21:15:39 UTC (in 4.8 min)
2026-08-21 21:10:55 UTC INFO    __workspace___hf__models__Qwen2_5-3B-Instruct/stage3: 890/1230 done, 0.8s/item, elapsed 12.2 min, VRAM peak 82.3%, ETA 2026-08-21 21:15:36 UTC (in 4.7 min)
2026-08-21 21:11:02 UTC INFO    __workspace___hf__models__Qwen2_5-3B-Instruct/stage3: 900/1230 done, 0.8s/item, elapsed 12.4 min, VRAM peak 82.3%, ETA 2026-08-21 21:15:34 UTC (in 4.5 min)
2026-08-21 21:11:12 UTC INFO    __workspace___hf__models__Qwen2_5-3B-Instruct/stage3: 910/1230 done, 0.8s/item, elapsed 12.5 min, VRAM peak 82.3%, ETA 2026-08-21 21:15:36 UTC (in 4.4 min)
2026-08-21 21:11:19 UTC INFO    __workspace___hf__models__Qwen2_5-3B-Instruct/stage3: 920/1230 done, 0.8s/item, elapsed 12.6 min, VRAM peak 82.3%, ETA 2026-08-21 21:15:34 UTC (in 4.3 min)
2026-08-21 21:11:31 UTC INFO    __workspace___hf__models__Qwen2_5-3B-Instruct/stage3: 930/1230 done, 0.8s/item, elapsed 12.8 min, VRAM peak 82.3%, ETA 2026-08-21 21:15:39 UTC (in 4.1 min)
2026-08-21 21:11:44 UTC INFO    __workspace___hf__models__Qwen2_5-3B-Instruct/stage3: 940/1230 done, 0.8s/item, elapsed 13.1 min, VRAM peak 82.3%, ETA 2026-08-21 21:15:46 UTC (in 4.0 min)
2026-08-21 21:11:52 UTC INFO    __workspace___hf__models__Qwen2_5-3B-Instruct/stage3: 950/1230 done, 0.8s/item, elapsed 13.2 min, VRAM peak 82.3%, ETA 2026-08-21 21:15:46 UTC (in 3.9 min)
2026-08-21 21:12:02 UTC INFO    __workspace___hf__models__Qwen2_5-3B-Instruct/stage3: 960/1230 done, 0.8s/item, elapsed 13.3 min, VRAM peak 82.3%, ETA 2026-08-21 21:15:47 UTC (in 3.8 min)
2026-08-21 21:12:08 UTC INFO    __workspace___hf__models__Qwen2_5-3B-Instruct/stage3: 970/1230 done, 0.8s/item, elapsed 13.5 min, VRAM peak 82.3%, ETA 2026-08-21 21:15:45 UTC (in 3.6 min)
2026-08-21 21:12:15 UTC INFO    __workspace___hf__models__Qwen2_5-3B-Instruct/stage3: 980/1230 done, 0.8s/item, elapsed 13.6 min, VRAM peak 82.3%, ETA 2026-08-21 21:15:42 UTC (in 3.5 min)
2026-08-21 21:12:21 UTC INFO    __workspace___hf__models__Qwen2_5-3B-Instruct/stage3: 990/1230 done, 0.8s/item, elapsed 13.7 min, VRAM peak 82.3%, ETA 2026-08-21 21:15:40 UTC (in 3.3 min)
2026-08-21 21:12:29 UTC INFO    __workspace___hf__models__Qwen2_5-3B-Instruct/stage3: 1000/1230 done, 0.8s/item, elapsed 13.8 min, VRAM peak 82.3%, ETA 2026-08-21 21:15:39 UTC (in 3.2 min)
2026-08-21 21:12:38 UTC INFO    __workspace___hf__models__Qwen2_5-3B-Instruct/stage3: 1010/1230 done, 0.8s/item, elapsed 13.9 min, VRAM peak 82.3%, ETA 2026-08-21 21:15:40 UTC (in 3.0 min)
2026-08-21 21:12:45 UTC INFO    __workspace___hf__models__Qwen2_5-3B-Instruct/stage3: 1020/1230 done, 0.8s/item, elapsed 14.1 min, VRAM peak 82.3%, ETA 2026-08-21 21:15:39 UTC (in 2.9 min)
2026-08-21 21:12:52 UTC INFO    __workspace___hf__models__Qwen2_5-3B-Instruct/stage3: 1030/1230 done, 0.8s/item, elapsed 14.2 min, VRAM peak 82.3%, ETA 2026-08-21 21:15:37 UTC (in 2.8 min)
2026-08-21 21:12:59 UTC INFO    __workspace___hf__models__Qwen2_5-3B-Instruct/stage3: 1040/1230 done, 0.8s/item, elapsed 14.3 min, VRAM peak 82.3%, ETA 2026-08-21 21:15:35 UTC (in 2.6 min)
2026-08-21 21:13:06 UTC INFO    __workspace___hf__models__Qwen2_5-3B-Instruct/stage3: 1050/1230 done, 0.8s/item, elapsed 14.4 min, VRAM peak 82.3%, ETA 2026-08-21 21:15:34 UTC (in 2.5 min)
2026-08-21 21:13:16 UTC INFO    __workspace___hf__models__Qwen2_5-3B-Instruct/stage3: 1060/1230 done, 0.8s/item, elapsed 14.6 min, VRAM peak 82.3%, ETA 2026-08-21 21:15:36 UTC (in 2.3 min)
2026-08-21 21:13:24 UTC INFO    __workspace___hf__models__Qwen2_5-3B-Instruct/stage3: 1070/1230 done, 0.8s/item, elapsed 14.7 min, VRAM peak 82.3%, ETA 2026-08-21 21:15:36 UTC (in 2.2 min)
2026-08-21 21:13:31 UTC INFO    __workspace___hf__models__Qwen2_5-3B-Instruct/stage3: 1080/1230 done, 0.8s/item, elapsed 14.8 min, VRAM peak 82.3%, ETA 2026-08-21 21:15:35 UTC (in 2.1 min)
2026-08-21 21:13:40 UTC INFO    __workspace___hf__models__Qwen2_5-3B-Instruct/stage3: 1090/1230 done, 0.8s/item, elapsed 15.0 min, VRAM peak 82.3%, ETA 2026-08-21 21:15:35 UTC (in 1.9 min)
2026-08-21 21:13:47 UTC INFO    __workspace___hf__models__Qwen2_5-3B-Instruct/stage3: 1100/1230 done, 0.8s/item, elapsed 15.1 min, VRAM peak 82.3%, ETA 2026-08-21 21:15:35 UTC (in 1.8 min)
2026-08-21 21:13:55 UTC INFO    __workspace___hf__models__Qwen2_5-3B-Instruct/stage3: 1110/1230 done, 0.8s/item, elapsed 15.2 min, VRAM peak 82.3%, ETA 2026-08-21 21:15:34 UTC (in 1.6 min)
2026-08-21 21:14:04 UTC INFO    __workspace___hf__models__Qwen2_5-3B-Instruct/stage3: 1120/1230 done, 0.8s/item, elapsed 15.4 min, VRAM peak 82.3%, ETA 2026-08-21 21:15:34 UTC (in 1.5 min)
2026-08-21 21:14:11 UTC INFO    __workspace___hf__models__Qwen2_5-3B-Instruct/stage3: 1130/1230 done, 0.8s/item, elapsed 15.5 min, VRAM peak 82.3%, ETA 2026-08-21 21:15:33 UTC (in 1.4 min)
2026-08-21 21:14:23 UTC INFO    __workspace___hf__models__Qwen2_5-3B-Instruct/stage3: 1140/1230 done, 0.8s/item, elapsed 15.7 min, VRAM peak 82.3%, ETA 2026-08-21 21:15:37 UTC (in 1.2 min)
2026-08-21 21:14:29 UTC INFO    __workspace___hf__models__Qwen2_5-3B-Instruct/stage3: 1150/1230 done, 0.8s/item, elapsed 15.8 min, VRAM peak 82.3%, ETA 2026-08-21 21:15:35 UTC (in 1.1 min)
2026-08-21 21:14:37 UTC INFO    __workspace___hf__models__Qwen2_5-3B-Instruct/stage3: 1160/1230 done, 0.8s/item, elapsed 15.9 min, VRAM peak 82.3%, ETA 2026-08-21 21:15:35 UTC (in 1.0 min)
2026-08-21 21:14:49 UTC INFO    __workspace___hf__models__Qwen2_5-3B-Instruct/stage3: 1170/1230 done, 0.8s/item, elapsed 16.1 min, VRAM peak 82.3%, ETA 2026-08-21 21:15:39 UTC (in 0.8 min)
2026-08-21 21:14:59 UTC INFO    __workspace___hf__models__Qwen2_5-3B-Instruct/stage3: 1180/1230 done, 0.8s/item, elapsed 16.3 min, VRAM peak 82.3%, ETA 2026-08-21 21:15:40 UTC (in 0.7 min)
2026-08-21 21:15:07 UTC INFO    __workspace___hf__models__Qwen2_5-3B-Instruct/stage3: 1190/1230 done, 0.8s/item, elapsed 16.4 min, VRAM peak 82.3%, ETA 2026-08-21 21:15:40 UTC (in 0.6 min)
2026-08-21 21:15:15 UTC INFO    __workspace___hf__models__Qwen2_5-3B-Instruct/stage3: 1200/1230 done, 0.8s/item, elapsed 16.6 min, VRAM peak 82.3%, ETA 2026-08-21 21:15:40 UTC (in 0.4 min)
2026-08-21 21:15:24 UTC INFO    __workspace___hf__models__Qwen2_5-3B-Instruct/stage3: 1210/1230 done, 0.8s/item, elapsed 16.7 min, VRAM peak 82.3%, ETA 2026-08-21 21:15:41 UTC (in 0.3 min)
2026-08-21 21:15:30 UTC INFO    __workspace___hf__models__Qwen2_5-3B-Instruct/stage3: 1220/1230 done, 0.8s/item, elapsed 16.8 min, VRAM peak 82.3%, ETA 2026-08-21 21:15:38 UTC (in 0.1 min)
2026-08-21 21:15:36 UTC INFO    __workspace___hf__models__Qwen2_5-3B-Instruct/stage3: 1230/1230 done, 0.8s/item, elapsed 16.9 min, VRAM peak 82.3%, ETA 2026-08-21 21:15:36 UTC (in 0.0 min)
2026-08-21 21:15:36 UTC INFO    GPU ledger: +1014.9s for __workspace___hf__models__Qwen2_5-3B-Instruct/stage3, cumulative 32034.8s (8.90 h, 44.5% of the 20 h allowance)
2026-08-21 21:15:36 UTC INFO    /workspace/.hf/models/Qwen2.5-3B-Instruct stage3: {"n_items": 123, "condition_counts": {"R0": {"chosen_rival": 0, "unreadable": 0, "n": 123}, "R1": {"chosen_rival": 8, "unreadable": 0, "n": 123}, "R2": {"chosen_rival": 6, "unreadable": 0, "n": 123}, "R3": {"chosen_rival": 10, "unreadable": 0, "n": 123}, "R4": {"chosen_rival": 8, "unreadable": 0, "n": 123}}, "abort_reason": null, "elapsed_min": 16.91}
2026-08-21 21:15:42 UTC INFO    wrote results/exp3b/experiment_summary.json
2026-08-21 21:15:46 UTC INFO    started 2026-08-21 21:15:46 UTC on Linux-6.8.0-57-generic-x86_64-with-glibc2.35
2026-08-21 21:15:46 UTC INFO    loading framolfese/2WikiMultihopQA [validation], scanning 30000 records
2026-08-21 21:15:53 UTC INFO    built 1200 items from 12576 records
2026-08-21 21:15:58 UTC INFO    longest prompt about 2116 tokens; max_model_len=4096 (floor 2048, cap 8192)
2026-08-21 21:15:58 UTC INFO    detected 23.5 GiB of VRAM, capability (8, 6) -> the 3090ti roster
2026-08-21 21:16:48 UTC INFO    /workspace/.hf/models/DeepSeek-R1-Distill-Qwen-14B-AWQ loaded: bfloat16, max_model_len=4096, mem target 0.85, eager=False, VRAM now 80.1%
2026-08-21 21:16:48 UTC INFO    /workspace/.hf/models/DeepSeek-R1-Distill-Qwen-14B-AWQ ready via the vllm backend
2026-08-21 21:17:15 UTC INFO    __workspace___hf__models__DeepSeek-R1-Distill-Qwen-14B-AWQ/stage1: 5/1200 done, 5.3s/item, elapsed 0.4 min, VRAM peak 81.0%, ETA 2026-08-21 23:02:50 UTC (in 105.6 min)
2026-08-21 21:17:41 UTC INFO    __workspace___hf__models__DeepSeek-R1-Distill-Qwen-14B-AWQ/stage1: 10/1200 done, 5.3s/item, elapsed 0.9 min, VRAM peak 81.4%, ETA 2026-08-21 23:03:10 UTC (in 105.5 min)
2026-08-21 21:18:07 UTC INFO    __workspace___hf__models__DeepSeek-R1-Distill-Qwen-14B-AWQ/stage1: 15/1200 done, 5.3s/item, elapsed 1.3 min, VRAM peak 81.4%, ETA 2026-08-21 23:02:30 UTC (in 104.4 min)
2026-08-21 21:18:34 UTC INFO    __workspace___hf__models__DeepSeek-R1-Distill-Qwen-14B-AWQ/stage1: 20/1200 done, 5.3s/item, elapsed 1.8 min, VRAM peak 81.4%, ETA 2026-08-21 23:02:38 UTC (in 104.1 min)
2026-08-21 21:19:00 UTC INFO    __workspace___hf__models__DeepSeek-R1-Distill-Qwen-14B-AWQ/stage1: 25/1200 done, 5.3s/item, elapsed 2.2 min, VRAM peak 81.4%, ETA 2026-08-21 23:02:24 UTC (in 103.4 min)
2026-08-21 21:19:26 UTC INFO    __workspace___hf__models__DeepSeek-R1-Distill-Qwen-14B-AWQ/stage1: 30/1200 done, 5.3s/item, elapsed 2.6 min, VRAM peak 81.4%, ETA 2026-08-21 23:02:22 UTC (in 102.9 min)
2026-08-21 21:19:52 UTC INFO    __workspace___hf__models__DeepSeek-R1-Distill-Qwen-14B-AWQ/stage1: 35/1200 done, 5.3s/item, elapsed 3.1 min, VRAM peak 81.4%, ETA 2026-08-21 23:02:05 UTC (in 102.2 min)
2026-08-21 21:20:17 UTC INFO    __workspace___hf__models__DeepSeek-R1-Distill-Qwen-14B-AWQ/stage1: 40/1200 done, 5.2s/item, elapsed 3.5 min, VRAM peak 81.4%, ETA 2026-08-21 23:01:27 UTC (in 101.2 min)
2026-08-21 21:20:44 UTC INFO    __workspace___hf__models__DeepSeek-R1-Distill-Qwen-14B-AWQ/stage1: 45/1200 done, 5.2s/item, elapsed 3.9 min, VRAM peak 81.4%, ETA 2026-08-21 23:01:32 UTC (in 100.8 min)
2026-08-21 21:21:10 UTC INFO    __workspace___hf__models__DeepSeek-R1-Distill-Qwen-14B-AWQ/stage1: 50/1200 done, 5.2s/item, elapsed 4.4 min, VRAM peak 81.4%, ETA 2026-08-21 23:01:24 UTC (in 100.2 min)
2026-08-21 21:21:35 UTC INFO    __workspace___hf__models__DeepSeek-R1-Distill-Qwen-14B-AWQ/stage1: 55/1200 done, 5.2s/item, elapsed 4.8 min, VRAM peak 81.4%, ETA 2026-08-21 23:01:10 UTC (in 99.6 min)
2026-08-21 21:22:01 UTC INFO    __workspace___hf__models__DeepSeek-R1-Distill-Qwen-14B-AWQ/stage1: 60/1200 done, 5.2s/item, elapsed 5.2 min, VRAM peak 81.4%, ETA 2026-08-21 23:01:10 UTC (in 99.1 min)
2026-08-21 21:22:27 UTC INFO    __workspace___hf__models__DeepSeek-R1-Distill-Qwen-14B-AWQ/stage1: 65/1200 done, 5.2s/item, elapsed 5.7 min, VRAM peak 81.4%, ETA 2026-08-21 23:01:07 UTC (in 98.7 min)
2026-08-21 21:22:53 UTC INFO    __workspace___hf__models__DeepSeek-R1-Distill-Qwen-14B-AWQ/stage1: 70/1200 done, 5.2s/item, elapsed 6.1 min, VRAM peak 81.4%, ETA 2026-08-21 23:01:10 UTC (in 98.3 min)
2026-08-21 21:23:19 UTC INFO    __workspace___hf__models__DeepSeek-R1-Distill-Qwen-14B-AWQ/stage1: 75/1200 done, 5.2s/item, elapsed 6.5 min, VRAM peak 81.4%, ETA 2026-08-21 23:01:10 UTC (in 97.8 min)
2026-08-21 21:23:46 UTC INFO    __workspace___hf__models__DeepSeek-R1-Distill-Qwen-14B-AWQ/stage1: 80/1200 done, 5.2s/item, elapsed 7.0 min, VRAM peak 81.4%, ETA 2026-08-21 23:01:12 UTC (in 97.4 min)
2026-08-21 21:24:12 UTC INFO    __workspace___hf__models__DeepSeek-R1-Distill-Qwen-14B-AWQ/stage1: 85/1200 done, 5.2s/item, elapsed 7.4 min, VRAM peak 81.4%, ETA 2026-08-21 23:01:10 UTC (in 97.0 min)
2026-08-21 21:24:38 UTC INFO    __workspace___hf__models__DeepSeek-R1-Distill-Qwen-14B-AWQ/stage1: 90/1200 done, 5.2s/item, elapsed 7.8 min, VRAM peak 81.4%, ETA 2026-08-21 23:01:11 UTC (in 96.5 min)
2026-08-21 21:25:03 UTC INFO    __workspace___hf__models__DeepSeek-R1-Distill-Qwen-14B-AWQ/stage1: 95/1200 done, 5.2s/item, elapsed 8.3 min, VRAM peak 81.4%, ETA 2026-08-21 23:01:03 UTC (in 96.0 min)
2026-08-21 21:25:29 UTC INFO    __workspace___hf__models__DeepSeek-R1-Distill-Qwen-14B-AWQ/stage1: 100/1200 done, 5.2s/item, elapsed 8.7 min, VRAM peak 81.4%, ETA 2026-08-21 23:01:02 UTC (in 95.6 min)
2026-08-21 21:25:55 UTC INFO    __workspace___hf__models__DeepSeek-R1-Distill-Qwen-14B-AWQ/stage1: 105/1200 done, 5.2s/item, elapsed 9.1 min, VRAM peak 81.4%, ETA 2026-08-21 23:01:00 UTC (in 95.1 min)
2026-08-21 21:26:21 UTC INFO    __workspace___hf__models__DeepSeek-R1-Distill-Qwen-14B-AWQ/stage1: 110/1200 done, 5.2s/item, elapsed 9.6 min, VRAM peak 81.4%, ETA 2026-08-21 23:00:59 UTC (in 94.6 min)
2026-08-21 21:26:47 UTC INFO    __workspace___hf__models__DeepSeek-R1-Distill-Qwen-14B-AWQ/stage1: 115/1200 done, 5.2s/item, elapsed 10.0 min, VRAM peak 81.4%, ETA 2026-08-21 23:00:59 UTC (in 94.2 min)
2026-08-21 21:27:13 UTC INFO    __workspace___hf__models__DeepSeek-R1-Distill-Qwen-14B-AWQ/stage1: 120/1200 done, 5.2s/item, elapsed 10.4 min, VRAM peak 81.4%, ETA 2026-08-21 23:01:00 UTC (in 93.8 min)
2026-08-21 21:27:39 UTC INFO    __workspace___hf__models__DeepSeek-R1-Distill-Qwen-14B-AWQ/stage1: 125/1200 done, 5.2s/item, elapsed 10.9 min, VRAM peak 81.4%, ETA 2026-08-21 23:01:00 UTC (in 93.4 min)
2026-08-21 21:28:05 UTC INFO    __workspace___hf__models__DeepSeek-R1-Distill-Qwen-14B-AWQ/stage1: 130/1200 done, 5.2s/item, elapsed 11.3 min, VRAM peak 81.4%, ETA 2026-08-21 23:01:01 UTC (in 92.9 min)
2026-08-21 21:28:32 UTC INFO    __workspace___hf__models__DeepSeek-R1-Distill-Qwen-14B-AWQ/stage1: 135/1200 done, 5.2s/item, elapsed 11.7 min, VRAM peak 81.4%, ETA 2026-08-21 23:01:01 UTC (in 92.5 min)
2026-08-21 21:28:58 UTC INFO    __workspace___hf__models__DeepSeek-R1-Distill-Qwen-14B-AWQ/stage1: 140/1200 done, 5.2s/item, elapsed 12.2 min, VRAM peak 81.4%, ETA 2026-08-21 23:01:02 UTC (in 92.1 min)
2026-08-21 21:29:24 UTC INFO    __workspace___hf__models__DeepSeek-R1-Distill-Qwen-14B-AWQ/stage1: 145/1200 done, 5.2s/item, elapsed 12.6 min, VRAM peak 81.4%, ETA 2026-08-21 23:01:00 UTC (in 91.6 min)
2026-08-21 21:29:50 UTC INFO    __workspace___hf__models__DeepSeek-R1-Distill-Qwen-14B-AWQ/stage1: 150/1200 done, 5.2s/item, elapsed 13.0 min, VRAM peak 81.4%, ETA 2026-08-21 23:01:01 UTC (in 91.2 min)
2026-08-21 21:30:16 UTC INFO    __workspace___hf__models__DeepSeek-R1-Distill-Qwen-14B-AWQ/stage1: 155/1200 done, 5.2s/item, elapsed 13.5 min, VRAM peak 81.4%, ETA 2026-08-21 23:01:03 UTC (in 90.8 min)
2026-08-21 21:30:42 UTC INFO    __workspace___hf__models__DeepSeek-R1-Distill-Qwen-14B-AWQ/stage1: 160/1200 done, 5.2s/item, elapsed 13.9 min, VRAM peak 81.4%, ETA 2026-08-21 23:01:03 UTC (in 90.3 min)
2026-08-21 21:31:09 UTC INFO    __workspace___hf__models__DeepSeek-R1-Distill-Qwen-14B-AWQ/stage1: 165/1200 done, 5.2s/item, elapsed 14.3 min, VRAM peak 81.4%, ETA 2026-08-21 23:01:08 UTC (in 90.0 min)
2026-08-21 21:31:35 UTC INFO    __workspace___hf__models__DeepSeek-R1-Distill-Qwen-14B-AWQ/stage1: 170/1200 done, 5.2s/item, elapsed 14.8 min, VRAM peak 81.4%, ETA 2026-08-21 23:01:08 UTC (in 89.6 min)
2026-08-21 21:32:01 UTC INFO    __workspace___hf__models__DeepSeek-R1-Distill-Qwen-14B-AWQ/stage1: 175/1200 done, 5.2s/item, elapsed 15.2 min, VRAM peak 81.4%, ETA 2026-08-21 23:01:08 UTC (in 89.1 min)
2026-08-21 21:32:27 UTC INFO    __workspace___hf__models__DeepSeek-R1-Distill-Qwen-14B-AWQ/stage1: 180/1200 done, 5.2s/item, elapsed 15.6 min, VRAM peak 81.4%, ETA 2026-08-21 23:01:06 UTC (in 88.7 min)
2026-08-21 21:32:53 UTC INFO    __workspace___hf__models__DeepSeek-R1-Distill-Qwen-14B-AWQ/stage1: 185/1200 done, 5.2s/item, elapsed 16.1 min, VRAM peak 81.4%, ETA 2026-08-21 23:01:07 UTC (in 88.2 min)
2026-08-21 21:33:19 UTC INFO    __workspace___hf__models__DeepSeek-R1-Distill-Qwen-14B-AWQ/stage1: 190/1200 done, 5.2s/item, elapsed 16.5 min, VRAM peak 81.4%, ETA 2026-08-21 23:01:06 UTC (in 87.8 min)
2026-08-21 21:33:45 UTC INFO    __workspace___hf__models__DeepSeek-R1-Distill-Qwen-14B-AWQ/stage1: 195/1200 done, 5.2s/item, elapsed 16.9 min, VRAM peak 81.4%, ETA 2026-08-21 23:01:06 UTC (in 87.4 min)
2026-08-21 21:34:11 UTC INFO    __workspace___hf__models__DeepSeek-R1-Distill-Qwen-14B-AWQ/stage1: 200/1200 done, 5.2s/item, elapsed 17.4 min, VRAM peak 81.4%, ETA 2026-08-21 23:01:08 UTC (in 86.9 min)
2026-08-21 21:34:38 UTC INFO    __workspace___hf__models__DeepSeek-R1-Distill-Qwen-14B-AWQ/stage1: 205/1200 done, 5.2s/item, elapsed 17.8 min, VRAM peak 81.4%, ETA 2026-08-21 23:01:11 UTC (in 86.6 min)
2026-08-21 21:35:03 UTC INFO    __workspace___hf__models__DeepSeek-R1-Distill-Qwen-14B-AWQ/stage1: 210/1200 done, 5.2s/item, elapsed 18.3 min, VRAM peak 81.4%, ETA 2026-08-21 23:01:06 UTC (in 86.0 min)
2026-08-21 21:35:30 UTC INFO    __workspace___hf__models__DeepSeek-R1-Distill-Qwen-14B-AWQ/stage1: 215/1200 done, 5.2s/item, elapsed 18.7 min, VRAM peak 81.4%, ETA 2026-08-21 23:01:09 UTC (in 85.7 min)
2026-08-21 21:35:57 UTC INFO    __workspace___hf__models__DeepSeek-R1-Distill-Qwen-14B-AWQ/stage1: 220/1200 done, 5.2s/item, elapsed 19.2 min, VRAM peak 81.4%, ETA 2026-08-21 23:01:16 UTC (in 85.3 min)
2026-08-21 21:36:23 UTC INFO    __workspace___hf__models__DeepSeek-R1-Distill-Qwen-14B-AWQ/stage1: 225/1200 done, 5.2s/item, elapsed 19.6 min, VRAM peak 81.4%, ETA 2026-08-21 23:01:15 UTC (in 84.9 min)
2026-08-21 21:36:51 UTC INFO    __workspace___hf__models__DeepSeek-R1-Distill-Qwen-14B-AWQ/stage1: 230/1200 done, 5.2s/item, elapsed 20.0 min, VRAM peak 81.4%, ETA 2026-08-21 23:01:22 UTC (in 84.5 min)
2026-08-21 21:37:18 UTC INFO    __workspace___hf__models__DeepSeek-R1-Distill-Qwen-14B-AWQ/stage1: 235/1200 done, 5.2s/item, elapsed 20.5 min, VRAM peak 81.4%, ETA 2026-08-21 23:01:28 UTC (in 84.2 min)
2026-08-21 21:37:44 UTC INFO    __workspace___hf__models__DeepSeek-R1-Distill-Qwen-14B-AWQ/stage1: 240/1200 done, 5.2s/item, elapsed 20.9 min, VRAM peak 81.4%, ETA 2026-08-21 23:01:29 UTC (in 83.7 min)
2026-08-21 21:38:12 UTC INFO    __workspace___hf__models__DeepSeek-R1-Distill-Qwen-14B-AWQ/stage1: 245/1200 done, 5.2s/item, elapsed 21.4 min, VRAM peak 81.4%, ETA 2026-08-21 23:01:36 UTC (in 83.4 min)
2026-08-21 21:38:39 UTC INFO    __workspace___hf__models__DeepSeek-R1-Distill-Qwen-14B-AWQ/stage1: 250/1200 done, 5.2s/item, elapsed 21.9 min, VRAM peak 81.4%, ETA 2026-08-21 23:01:43 UTC (in 83.1 min)
2026-08-21 21:39:07 UTC INFO    __workspace___hf__models__DeepSeek-R1-Distill-Qwen-14B-AWQ/stage1: 255/1200 done, 5.2s/item, elapsed 22.3 min, VRAM peak 81.4%, ETA 2026-08-21 23:01:47 UTC (in 82.7 min)
2026-08-21 21:39:34 UTC INFO    __workspace___hf__models__DeepSeek-R1-Distill-Qwen-14B-AWQ/stage1: 260/1200 done, 5.3s/item, elapsed 22.8 min, VRAM peak 81.4%, ETA 2026-08-21 23:01:54 UTC (in 82.3 min)
2026-08-21 21:40:02 UTC INFO    __workspace___hf__models__DeepSeek-R1-Distill-Qwen-14B-AWQ/stage1: 265/1200 done, 5.3s/item, elapsed 23.2 min, VRAM peak 81.4%, ETA 2026-08-21 23:01:59 UTC (in 82.0 min)
2026-08-21 21:40:29 UTC INFO    __workspace___hf__models__DeepSeek-R1-Distill-Qwen-14B-AWQ/stage1: 270/1200 done, 5.3s/item, elapsed 23.7 min, VRAM peak 81.4%, ETA 2026-08-21 23:02:03 UTC (in 81.6 min)
2026-08-21 21:40:56 UTC INFO    __workspace___hf__models__DeepSeek-R1-Distill-Qwen-14B-AWQ/stage1: 275/1200 done, 5.3s/item, elapsed 24.1 min, VRAM peak 81.4%, ETA 2026-08-21 23:02:07 UTC (in 81.2 min)
2026-08-21 21:41:23 UTC INFO    __workspace___hf__models__DeepSeek-R1-Distill-Qwen-14B-AWQ/stage1: 280/1200 done, 5.3s/item, elapsed 24.6 min, VRAM peak 81.4%, ETA 2026-08-21 23:02:10 UTC (in 80.8 min)
2026-08-21 21:41:51 UTC INFO    __workspace___hf__models__DeepSeek-R1-Distill-Qwen-14B-AWQ/stage1: 285/1200 done, 5.3s/item, elapsed 25.0 min, VRAM peak 81.4%, ETA 2026-08-21 23:02:14 UTC (in 80.4 min)
2026-08-21 21:42:18 UTC INFO    __workspace___hf__models__DeepSeek-R1-Distill-Qwen-14B-AWQ/stage1: 290/1200 done, 5.3s/item, elapsed 25.5 min, VRAM peak 81.4%, ETA 2026-08-21 23:02:20 UTC (in 80.0 min)
2026-08-21 21:42:46 UTC INFO    __workspace___hf__models__DeepSeek-R1-Distill-Qwen-14B-AWQ/stage1: 295/1200 done, 5.3s/item, elapsed 26.0 min, VRAM peak 81.4%, ETA 2026-08-21 23:02:25 UTC (in 79.6 min)
2026-08-21 21:43:14 UTC INFO    __workspace___hf__models__DeepSeek-R1-Distill-Qwen-14B-AWQ/stage1: 300/1200 done, 5.3s/item, elapsed 26.4 min, VRAM peak 81.4%, ETA 2026-08-21 23:02:31 UTC (in 79.3 min)
2026-08-21 21:43:41 UTC INFO    __workspace___hf__models__DeepSeek-R1-Distill-Qwen-14B-AWQ/stage1: 305/1200 done, 5.3s/item, elapsed 26.9 min, VRAM peak 81.4%, ETA 2026-08-21 23:02:36 UTC (in 78.9 min)
2026-08-21 21:44:09 UTC INFO    __workspace___hf__models__DeepSeek-R1-Distill-Qwen-14B-AWQ/stage1: 310/1200 done, 5.3s/item, elapsed 27.4 min, VRAM peak 81.4%, ETA 2026-08-21 23:02:40 UTC (in 78.5 min)
2026-08-21 21:44:37 UTC INFO    __workspace___hf__models__DeepSeek-R1-Distill-Qwen-14B-AWQ/stage1: 315/1200 done, 5.3s/item, elapsed 27.8 min, VRAM peak 81.4%, ETA 2026-08-21 23:02:46 UTC (in 78.2 min)
2026-08-21 21:45:04 UTC INFO    __workspace___hf__models__DeepSeek-R1-Distill-Qwen-14B-AWQ/stage1: 320/1200 done, 5.3s/item, elapsed 28.3 min, VRAM peak 81.4%, ETA 2026-08-21 23:02:47 UTC (in 77.7 min)
2026-08-21 21:45:32 UTC INFO    __workspace___hf__models__DeepSeek-R1-Distill-Qwen-14B-AWQ/stage1: 325/1200 done, 5.3s/item, elapsed 28.7 min, VRAM peak 81.4%, ETA 2026-08-21 23:02:53 UTC (in 77.3 min)
2026-08-21 21:46:00 UTC INFO    __workspace___hf__models__DeepSeek-R1-Distill-Qwen-14B-AWQ/stage1: 330/1200 done, 5.3s/item, elapsed 29.2 min, VRAM peak 81.4%, ETA 2026-08-21 23:02:57 UTC (in 77.0 min)
2026-08-21 21:46:27 UTC INFO    __workspace___hf__models__DeepSeek-R1-Distill-Qwen-14B-AWQ/stage1: 335/1200 done, 5.3s/item, elapsed 29.7 min, VRAM peak 81.4%, ETA 2026-08-21 23:03:01 UTC (in 76.6 min)
2026-08-21 21:46:55 UTC INFO    __workspace___hf__models__DeepSeek-R1-Distill-Qwen-14B-AWQ/stage1: 340/1200 done, 5.3s/item, elapsed 30.1 min, VRAM peak 81.4%, ETA 2026-08-21 23:03:06 UTC (in 76.2 min)
2026-08-21 21:48:17 UTC INFO    started 2026-08-21 21:48:17 UTC on Linux-6.8.0-57-generic-x86_64-with-glibc2.35
2026-08-21 21:48:17 UTC INFO    loading framolfese/2WikiMultihopQA [validation], scanning 30000 records
2026-08-21 21:48:25 UTC INFO    built 1200 items from 12576 records
2026-08-21 21:48:29 UTC INFO    longest prompt about 2116 tokens; max_model_len=4096 (floor 2048, cap 8192)
2026-08-21 21:48:30 UTC INFO    detected 23.5 GiB of VRAM, capability (8, 6) -> the 3090ti roster
2026-08-21 21:49:14 UTC INFO    /workspace/.hf/models/DeepSeek-R1-Distill-Qwen-14B-AWQ loaded: bfloat16, max_model_len=4096, mem target 0.85, eager=False, VRAM now 80.1%
2026-08-21 21:49:14 UTC INFO    /workspace/.hf/models/DeepSeek-R1-Distill-Qwen-14B-AWQ ready via the vllm backend
2026-08-21 21:49:42 UTC INFO    __workspace___hf__models__DeepSeek-R1-Distill-Qwen-14B-AWQ/stage1: 5/1200 done, 5.5s/item, elapsed 0.5 min, VRAM peak 81.0%, ETA 2026-08-21 23:39:18 UTC (in 109.6 min)
2026-08-21 21:50:10 UTC INFO    __workspace___hf__models__DeepSeek-R1-Distill-Qwen-14B-AWQ/stage1: 10/1200 done, 5.5s/item, elapsed 0.9 min, VRAM peak 81.4%, ETA 2026-08-21 23:40:05 UTC (in 109.9 min)
2026-08-21 21:50:37 UTC INFO    __workspace___hf__models__DeepSeek-R1-Distill-Qwen-14B-AWQ/stage1: 15/1200 done, 5.5s/item, elapsed 1.4 min, VRAM peak 81.4%, ETA 2026-08-21 23:39:49 UTC (in 109.2 min)
2026-08-21 21:51:05 UTC INFO    __workspace___hf__models__DeepSeek-R1-Distill-Qwen-14B-AWQ/stage1: 20/1200 done, 5.5s/item, elapsed 1.8 min, VRAM peak 81.4%, ETA 2026-08-21 23:40:14 UTC (in 109.1 min)
2026-08-21 21:51:33 UTC INFO    __workspace___hf__models__DeepSeek-R1-Distill-Qwen-14B-AWQ/stage1: 25/1200 done, 5.5s/item, elapsed 2.3 min, VRAM peak 81.4%, ETA 2026-08-21 23:39:58 UTC (in 108.4 min)
2026-08-21 21:52:00 UTC INFO    __workspace___hf__models__DeepSeek-R1-Distill-Qwen-14B-AWQ/stage1: 30/1200 done, 5.5s/item, elapsed 2.8 min, VRAM peak 81.4%, ETA 2026-08-21 23:39:47 UTC (in 107.8 min)
2026-08-21 21:52:27 UTC INFO    __workspace___hf__models__DeepSeek-R1-Distill-Qwen-14B-AWQ/stage1: 35/1200 done, 5.5s/item, elapsed 3.2 min, VRAM peak 81.4%, ETA 2026-08-21 23:39:19 UTC (in 106.9 min)
2026-08-21 21:52:53 UTC INFO    __workspace___hf__models__DeepSeek-R1-Distill-Qwen-14B-AWQ/stage1: 40/1200 done, 5.5s/item, elapsed 3.6 min, VRAM peak 81.4%, ETA 2026-08-21 23:38:32 UTC (in 105.6 min)
2026-08-21 21:53:20 UTC INFO    __workspace___hf__models__DeepSeek-R1-Distill-Qwen-14B-AWQ/stage1: 45/1200 done, 5.5s/item, elapsed 4.1 min, VRAM peak 81.4%, ETA 2026-08-21 23:38:27 UTC (in 105.1 min)
2026-08-21 21:53:47 UTC INFO    __workspace___hf__models__DeepSeek-R1-Distill-Qwen-14B-AWQ/stage1: 50/1200 done, 5.4s/item, elapsed 4.5 min, VRAM peak 81.4%, ETA 2026-08-21 23:38:10 UTC (in 104.4 min)
2026-08-21 21:54:13 UTC INFO    __workspace___hf__models__DeepSeek-R1-Distill-Qwen-14B-AWQ/stage1: 55/1200 done, 5.4s/item, elapsed 5.0 min, VRAM peak 81.4%, ETA 2026-08-21 23:37:45 UTC (in 103.5 min)
2026-08-21 21:54:39 UTC INFO    __workspace___hf__models__DeepSeek-R1-Distill-Qwen-14B-AWQ/stage1: 60/1200 done, 5.4s/item, elapsed 5.4 min, VRAM peak 81.4%, ETA 2026-08-21 23:37:35 UTC (in 102.9 min)
2026-08-21 21:55:06 UTC INFO    __workspace___hf__models__DeepSeek-R1-Distill-Qwen-14B-AWQ/stage1: 65/1200 done, 5.4s/item, elapsed 5.9 min, VRAM peak 81.4%, ETA 2026-08-21 23:37:22 UTC (in 102.3 min)
2026-08-21 21:55:32 UTC INFO    __workspace___hf__models__DeepSeek-R1-Distill-Qwen-14B-AWQ/stage1: 70/1200 done, 5.4s/item, elapsed 6.3 min, VRAM peak 81.4%, ETA 2026-08-21 23:37:15 UTC (in 101.7 min)
2026-08-21 21:55:59 UTC INFO    __workspace___hf__models__DeepSeek-R1-Distill-Qwen-14B-AWQ/stage1: 75/1200 done, 5.4s/item, elapsed 6.7 min, VRAM peak 81.4%, ETA 2026-08-21 23:37:06 UTC (in 101.1 min)
2026-08-21 21:56:25 UTC INFO    __workspace___hf__models__DeepSeek-R1-Distill-Qwen-14B-AWQ/stage1: 80/1200 done, 5.4s/item, elapsed 7.2 min, VRAM peak 81.4%, ETA 2026-08-21 23:37:00 UTC (in 100.6 min)
2026-08-21 21:56:51 UTC INFO    __workspace___hf__models__DeepSeek-R1-Distill-Qwen-14B-AWQ/stage1: 85/1200 done, 5.4s/item, elapsed 7.6 min, VRAM peak 81.4%, ETA 2026-08-21 23:36:50 UTC (in 100.0 min)
2026-08-21 21:57:18 UTC INFO    __workspace___hf__models__DeepSeek-R1-Distill-Qwen-14B-AWQ/stage1: 90/1200 done, 5.4s/item, elapsed 8.1 min, VRAM peak 81.4%, ETA 2026-08-21 23:36:43 UTC (in 99.4 min)
2026-08-21 21:57:44 UTC INFO    __workspace___hf__models__DeepSeek-R1-Distill-Qwen-14B-AWQ/stage1: 95/1200 done, 5.4s/item, elapsed 8.5 min, VRAM peak 81.4%, ETA 2026-08-21 23:36:28 UTC (in 98.7 min)
2026-08-21 21:58:10 UTC INFO    __workspace___hf__models__DeepSeek-R1-Distill-Qwen-14B-AWQ/stage1: 100/1200 done, 5.4s/item, elapsed 8.9 min, VRAM peak 81.4%, ETA 2026-08-21 23:36:21 UTC (in 98.2 min)
2026-08-21 21:58:36 UTC INFO    __workspace___hf__models__DeepSeek-R1-Distill-Qwen-14B-AWQ/stage1: 105/1200 done, 5.3s/item, elapsed 9.4 min, VRAM peak 81.4%, ETA 2026-08-21 23:36:12 UTC (in 97.6 min)
2026-08-21 21:59:02 UTC INFO    __workspace___hf__models__DeepSeek-R1-Distill-Qwen-14B-AWQ/stage1: 110/1200 done, 5.3s/item, elapsed 9.8 min, VRAM peak 81.4%, ETA 2026-08-21 23:36:06 UTC (in 97.1 min)
2026-08-21 21:59:28 UTC INFO    __workspace___hf__models__DeepSeek-R1-Distill-Qwen-14B-AWQ/stage1: 115/1200 done, 5.3s/item, elapsed 10.2 min, VRAM peak 81.4%, ETA 2026-08-21 23:35:58 UTC (in 96.5 min)
2026-08-21 21:59:54 UTC INFO    __workspace___hf__models__DeepSeek-R1-Distill-Qwen-14B-AWQ/stage1: 120/1200 done, 5.3s/item, elapsed 10.7 min, VRAM peak 81.4%, ETA 2026-08-21 23:35:53 UTC (in 96.0 min)
2026-08-21 22:00:20 UTC INFO    __workspace___hf__models__DeepSeek-R1-Distill-Qwen-14B-AWQ/stage1: 125/1200 done, 5.3s/item, elapsed 11.1 min, VRAM peak 81.4%, ETA 2026-08-21 23:35:48 UTC (in 95.5 min)
2026-08-21 22:00:46 UTC INFO    __workspace___hf__models__DeepSeek-R1-Distill-Qwen-14B-AWQ/stage1: 130/1200 done, 5.3s/item, elapsed 11.5 min, VRAM peak 81.4%, ETA 2026-08-21 23:35:43 UTC (in 94.9 min)
2026-08-21 22:01:12 UTC INFO    __workspace___hf__models__DeepSeek-R1-Distill-Qwen-14B-AWQ/stage1: 135/1200 done, 5.3s/item, elapsed 12.0 min, VRAM peak 81.4%, ETA 2026-08-21 23:35:39 UTC (in 94.4 min)
2026-08-21 22:01:39 UTC INFO    __workspace___hf__models__DeepSeek-R1-Distill-Qwen-14B-AWQ/stage1: 140/1200 done, 5.3s/item, elapsed 12.4 min, VRAM peak 81.4%, ETA 2026-08-21 23:35:36 UTC (in 93.9 min)
2026-08-21 22:02:05 UTC INFO    __workspace___hf__models__DeepSeek-R1-Distill-Qwen-14B-AWQ/stage1: 145/1200 done, 5.3s/item, elapsed 12.8 min, VRAM peak 81.4%, ETA 2026-08-21 23:35:30 UTC (in 93.4 min)
2026-08-21 22:02:31 UTC INFO    __workspace___hf__models__DeepSeek-R1-Distill-Qwen-14B-AWQ/stage1: 150/1200 done, 5.3s/item, elapsed 13.3 min, VRAM peak 81.4%, ETA 2026-08-21 23:35:27 UTC (in 92.9 min)
2026-08-21 22:02:57 UTC INFO    __workspace___hf__models__DeepSeek-R1-Distill-Qwen-14B-AWQ/stage1: 155/1200 done, 5.3s/item, elapsed 13.7 min, VRAM peak 81.4%, ETA 2026-08-21 23:35:25 UTC (in 92.5 min)
2026-08-21 22:03:23 UTC INFO    __workspace___hf__models__DeepSeek-R1-Distill-Qwen-14B-AWQ/stage1: 160/1200 done, 5.3s/item, elapsed 14.1 min, VRAM peak 81.4%, ETA 2026-08-21 23:35:22 UTC (in 92.0 min)
2026-08-21 22:03:50 UTC INFO    __workspace___hf__models__DeepSeek-R1-Distill-Qwen-14B-AWQ/stage1: 165/1200 done, 5.3s/item, elapsed 14.6 min, VRAM peak 81.4%, ETA 2026-08-21 23:35:23 UTC (in 91.6 min)
2026-08-21 22:04:16 UTC INFO    __workspace___hf__models__DeepSeek-R1-Distill-Qwen-14B-AWQ/stage1: 170/1200 done, 5.3s/item, elapsed 15.0 min, VRAM peak 81.4%, ETA 2026-08-21 23:35:21 UTC (in 91.1 min)
2026-08-21 22:04:42 UTC INFO    __workspace___hf__models__DeepSeek-R1-Distill-Qwen-14B-AWQ/stage1: 175/1200 done, 5.3s/item, elapsed 15.5 min, VRAM peak 81.4%, ETA 2026-08-21 23:35:16 UTC (in 90.6 min)
2026-08-21 22:05:08 UTC INFO    __workspace___hf__models__DeepSeek-R1-Distill-Qwen-14B-AWQ/stage1: 180/1200 done, 5.3s/item, elapsed 15.9 min, VRAM peak 81.4%, ETA 2026-08-21 23:35:12 UTC (in 90.1 min)
2026-08-21 22:05:34 UTC INFO    __workspace___hf__models__DeepSeek-R1-Distill-Qwen-14B-AWQ/stage1: 185/1200 done, 5.3s/item, elapsed 16.3 min, VRAM peak 81.4%, ETA 2026-08-21 23:35:10 UTC (in 89.6 min)
2026-08-21 22:06:00 UTC INFO    __workspace___hf__models__DeepSeek-R1-Distill-Qwen-14B-AWQ/stage1: 190/1200 done, 5.3s/item, elapsed 16.8 min, VRAM peak 81.4%, ETA 2026-08-21 23:35:08 UTC (in 89.1 min)
2026-08-21 22:06:26 UTC INFO    __workspace___hf__models__DeepSeek-R1-Distill-Qwen-14B-AWQ/stage1: 195/1200 done, 5.3s/item, elapsed 17.2 min, VRAM peak 81.4%, ETA 2026-08-21 23:35:06 UTC (in 88.7 min)
2026-08-21 22:06:53 UTC INFO    __workspace___hf__models__DeepSeek-R1-Distill-Qwen-14B-AWQ/stage1: 200/1200 done, 5.3s/item, elapsed 17.6 min, VRAM peak 81.4%, ETA 2026-08-21 23:35:05 UTC (in 88.2 min)
2026-08-21 22:07:19 UTC INFO    __workspace___hf__models__DeepSeek-R1-Distill-Qwen-14B-AWQ/stage1: 205/1200 done, 5.3s/item, elapsed 18.1 min, VRAM peak 81.4%, ETA 2026-08-21 23:35:07 UTC (in 87.8 min)
2026-08-21 22:07:45 UTC INFO    __workspace___hf__models__DeepSeek-R1-Distill-Qwen-14B-AWQ/stage1: 210/1200 done, 5.3s/item, elapsed 18.5 min, VRAM peak 81.4%, ETA 2026-08-21 23:34:59 UTC (in 87.2 min)
2026-08-21 22:08:11 UTC INFO    __workspace___hf__models__DeepSeek-R1-Distill-Qwen-14B-AWQ/stage1: 215/1200 done, 5.3s/item, elapsed 18.9 min, VRAM peak 81.4%, ETA 2026-08-21 23:34:58 UTC (in 86.8 min)
2026-08-21 22:08:37 UTC INFO    __workspace___hf__models__DeepSeek-R1-Distill-Qwen-14B-AWQ/stage1: 220/1200 done, 5.3s/item, elapsed 19.4 min, VRAM peak 81.4%, ETA 2026-08-21 23:34:55 UTC (in 86.3 min)
2026-08-21 22:09:01 UTC INFO    __workspace___hf__models__DeepSeek-R1-Distill-Qwen-14B-AWQ/stage1: 225/1200 done, 5.3s/item, elapsed 19.8 min, VRAM peak 81.4%, ETA 2026-08-21 23:34:46 UTC (in 85.7 min)
2026-08-21 22:09:28 UTC INFO    __workspace___hf__models__DeepSeek-R1-Distill-Qwen-14B-AWQ/stage1: 230/1200 done, 5.3s/item, elapsed 20.2 min, VRAM peak 81.4%, ETA 2026-08-21 23:34:45 UTC (in 85.3 min)
2026-08-21 22:09:54 UTC INFO    __workspace___hf__models__DeepSeek-R1-Distill-Qwen-14B-AWQ/stage1: 235/1200 done, 5.3s/item, elapsed 20.7 min, VRAM peak 81.4%, ETA 2026-08-21 23:34:43 UTC (in 84.8 min)
2026-08-21 22:10:19 UTC INFO    __workspace___hf__models__DeepSeek-R1-Distill-Qwen-14B-AWQ/stage1: 240/1200 done, 5.3s/item, elapsed 21.1 min, VRAM peak 81.4%, ETA 2026-08-21 23:34:37 UTC (in 84.3 min)
2026-08-21 22:10:45 UTC INFO    __workspace___hf__models__DeepSeek-R1-Distill-Qwen-14B-AWQ/stage1: 245/1200 done, 5.3s/item, elapsed 21.5 min, VRAM peak 81.4%, ETA 2026-08-21 23:34:36 UTC (in 83.9 min)
2026-08-21 22:11:11 UTC INFO    __workspace___hf__models__DeepSeek-R1-Distill-Qwen-14B-AWQ/stage1: 250/1200 done, 5.3s/item, elapsed 21.9 min, VRAM peak 81.4%, ETA 2026-08-21 23:34:36 UTC (in 83.4 min)
2026-08-21 22:11:37 UTC INFO    __workspace___hf__models__DeepSeek-R1-Distill-Qwen-14B-AWQ/stage1: 255/1200 done, 5.3s/item, elapsed 22.4 min, VRAM peak 81.4%, ETA 2026-08-21 23:34:34 UTC (in 82.9 min)
2026-08-21 22:12:03 UTC INFO    __workspace___hf__models__DeepSeek-R1-Distill-Qwen-14B-AWQ/stage1: 260/1200 done, 5.3s/item, elapsed 22.8 min, VRAM peak 81.4%, ETA 2026-08-21 23:34:34 UTC (in 82.5 min)
2026-08-21 22:12:30 UTC INFO    __workspace___hf__models__DeepSeek-R1-Distill-Qwen-14B-AWQ/stage1: 265/1200 done, 5.3s/item, elapsed 23.3 min, VRAM peak 81.4%, ETA 2026-08-21 23:34:33 UTC (in 82.1 min)
2026-08-21 22:12:56 UTC INFO    __workspace___hf__models__DeepSeek-R1-Distill-Qwen-14B-AWQ/stage1: 270/1200 done, 5.3s/item, elapsed 23.7 min, VRAM peak 81.4%, ETA 2026-08-21 23:34:31 UTC (in 81.6 min)
2026-08-21 22:13:21 UTC INFO    __workspace___hf__models__DeepSeek-R1-Distill-Qwen-14B-AWQ/stage1: 275/1200 done, 5.3s/item, elapsed 24.1 min, VRAM peak 81.4%, ETA 2026-08-21 23:34:29 UTC (in 81.1 min)
2026-08-21 22:13:47 UTC INFO    __workspace___hf__models__DeepSeek-R1-Distill-Qwen-14B-AWQ/stage1: 280/1200 done, 5.3s/item, elapsed 24.5 min, VRAM peak 81.4%, ETA 2026-08-21 23:34:26 UTC (in 80.7 min)
2026-08-21 22:14:13 UTC INFO    __workspace___hf__models__DeepSeek-R1-Distill-Qwen-14B-AWQ/stage1: 285/1200 done, 5.3s/item, elapsed 25.0 min, VRAM peak 81.4%, ETA 2026-08-21 23:34:25 UTC (in 80.2 min)
2026-08-21 22:14:39 UTC INFO    __workspace___hf__models__DeepSeek-R1-Distill-Qwen-14B-AWQ/stage1: 290/1200 done, 5.3s/item, elapsed 25.4 min, VRAM peak 81.4%, ETA 2026-08-21 23:34:25 UTC (in 79.8 min)
2026-08-21 22:15:05 UTC INFO    __workspace___hf__models__DeepSeek-R1-Distill-Qwen-14B-AWQ/stage1: 295/1200 done, 5.3s/item, elapsed 25.9 min, VRAM peak 81.4%, ETA 2026-08-21 23:34:24 UTC (in 79.3 min)
2026-08-21 22:15:32 UTC INFO    __workspace___hf__models__DeepSeek-R1-Distill-Qwen-14B-AWQ/stage1: 300/1200 done, 5.3s/item, elapsed 26.3 min, VRAM peak 81.4%, ETA 2026-08-21 23:34:25 UTC (in 78.9 min)
2026-08-21 22:15:58 UTC INFO    __workspace___hf__models__DeepSeek-R1-Distill-Qwen-14B-AWQ/stage1: 305/1200 done, 5.3s/item, elapsed 26.7 min, VRAM peak 81.4%, ETA 2026-08-21 23:34:25 UTC (in 78.4 min)
2026-08-21 22:16:24 UTC INFO    __workspace___hf__models__DeepSeek-R1-Distill-Qwen-14B-AWQ/stage1: 310/1200 done, 5.3s/item, elapsed 27.2 min, VRAM peak 81.4%, ETA 2026-08-21 23:34:25 UTC (in 78.0 min)
2026-08-21 22:16:51 UTC INFO    __workspace___hf__models__DeepSeek-R1-Distill-Qwen-14B-AWQ/stage1: 315/1200 done, 5.3s/item, elapsed 27.6 min, VRAM peak 81.4%, ETA 2026-08-21 23:34:25 UTC (in 77.6 min)
2026-08-21 22:17:16 UTC INFO    __workspace___hf__models__DeepSeek-R1-Distill-Qwen-14B-AWQ/stage1: 320/1200 done, 5.3s/item, elapsed 28.0 min, VRAM peak 81.4%, ETA 2026-08-21 23:34:21 UTC (in 77.1 min)
2026-08-21 22:17:43 UTC INFO    __workspace___hf__models__DeepSeek-R1-Distill-Qwen-14B-AWQ/stage1: 325/1200 done, 5.3s/item, elapsed 28.5 min, VRAM peak 81.4%, ETA 2026-08-21 23:34:22 UTC (in 76.7 min)
2026-08-21 22:18:09 UTC INFO    __workspace___hf__models__DeepSeek-R1-Distill-Qwen-14B-AWQ/stage1: 330/1200 done, 5.3s/item, elapsed 28.9 min, VRAM peak 81.4%, ETA 2026-08-21 23:34:22 UTC (in 76.2 min)
2026-08-21 22:18:35 UTC INFO    __workspace___hf__models__DeepSeek-R1-Distill-Qwen-14B-AWQ/stage1: 335/1200 done, 5.3s/item, elapsed 29.3 min, VRAM peak 81.4%, ETA 2026-08-21 23:34:21 UTC (in 75.8 min)
2026-08-21 22:19:01 UTC INFO    __workspace___hf__models__DeepSeek-R1-Distill-Qwen-14B-AWQ/stage1: 340/1200 done, 5.3s/item, elapsed 29.8 min, VRAM peak 81.4%, ETA 2026-08-21 23:34:22 UTC (in 75.3 min)
2026-08-21 22:19:27 UTC INFO    __workspace___hf__models__DeepSeek-R1-Distill-Qwen-14B-AWQ/stage1: 345/1200 done, 5.3s/item, elapsed 30.2 min, VRAM peak 81.4%, ETA 2026-08-21 23:34:21 UTC (in 74.9 min)
2026-08-21 22:19:54 UTC INFO    __workspace___hf__models__DeepSeek-R1-Distill-Qwen-14B-AWQ/stage1: 350/1200 done, 5.3s/item, elapsed 30.7 min, VRAM peak 81.4%, ETA 2026-08-21 23:34:21 UTC (in 74.5 min)
2026-08-21 22:20:20 UTC INFO    __workspace___hf__models__DeepSeek-R1-Distill-Qwen-14B-AWQ/stage1: 355/1200 done, 5.3s/item, elapsed 31.1 min, VRAM peak 81.4%, ETA 2026-08-21 23:34:20 UTC (in 74.0 min)
2026-08-21 22:20:46 UTC INFO    __workspace___hf__models__DeepSeek-R1-Distill-Qwen-14B-AWQ/stage1: 360/1200 done, 5.3s/item, elapsed 31.5 min, VRAM peak 81.4%, ETA 2026-08-21 23:34:20 UTC (in 73.6 min)
2026-08-21 22:21:12 UTC INFO    __workspace___hf__models__DeepSeek-R1-Distill-Qwen-14B-AWQ/stage1: 365/1200 done, 5.3s/item, elapsed 32.0 min, VRAM peak 81.4%, ETA 2026-08-21 23:34:20 UTC (in 73.1 min)
2026-08-21 22:21:38 UTC INFO    __workspace___hf__models__DeepSeek-R1-Distill-Qwen-14B-AWQ/stage1: 370/1200 done, 5.3s/item, elapsed 32.4 min, VRAM peak 81.4%, ETA 2026-08-21 23:34:19 UTC (in 72.7 min)
2026-08-21 22:22:04 UTC INFO    __workspace___hf__models__DeepSeek-R1-Distill-Qwen-14B-AWQ/stage1: 375/1200 done, 5.3s/item, elapsed 32.8 min, VRAM peak 81.4%, ETA 2026-08-21 23:34:19 UTC (in 72.2 min)
2026-08-21 22:22:31 UTC INFO    __workspace___hf__models__DeepSeek-R1-Distill-Qwen-14B-AWQ/stage1: 380/1200 done, 5.3s/item, elapsed 33.3 min, VRAM peak 81.4%, ETA 2026-08-21 23:34:19 UTC (in 71.8 min)
2026-08-21 22:22:57 UTC INFO    __workspace___hf__models__DeepSeek-R1-Distill-Qwen-14B-AWQ/stage1: 385/1200 done, 5.3s/item, elapsed 33.7 min, VRAM peak 81.4%, ETA 2026-08-21 23:34:20 UTC (in 71.4 min)
2026-08-21 22:23:24 UTC INFO    __workspace___hf__models__DeepSeek-R1-Distill-Qwen-14B-AWQ/stage1: 390/1200 done, 5.3s/item, elapsed 34.2 min, VRAM peak 81.4%, ETA 2026-08-21 23:34:20 UTC (in 70.9 min)
2026-08-21 22:23:50 UTC INFO    __workspace___hf__models__DeepSeek-R1-Distill-Qwen-14B-AWQ/stage1: 395/1200 done, 5.3s/item, elapsed 34.6 min, VRAM peak 81.4%, ETA 2026-08-21 23:34:19 UTC (in 70.5 min)
2026-08-21 22:24:15 UTC INFO    __workspace___hf__models__DeepSeek-R1-Distill-Qwen-14B-AWQ/stage1: 400/1200 done, 5.3s/item, elapsed 35.0 min, VRAM peak 81.4%, ETA 2026-08-21 23:34:15 UTC (in 70.0 min)
2026-08-21 22:24:41 UTC INFO    __workspace___hf__models__DeepSeek-R1-Distill-Qwen-14B-AWQ/stage1: 405/1200 done, 5.3s/item, elapsed 35.4 min, VRAM peak 81.4%, ETA 2026-08-21 23:34:15 UTC (in 69.6 min)
2026-08-21 22:25:07 UTC INFO    __workspace___hf__models__DeepSeek-R1-Distill-Qwen-14B-AWQ/stage1: 410/1200 done, 5.2s/item, elapsed 35.9 min, VRAM peak 81.4%, ETA 2026-08-21 23:34:14 UTC (in 69.1 min)
2026-08-21 22:25:32 UTC INFO    __workspace___hf__models__DeepSeek-R1-Distill-Qwen-14B-AWQ/stage1: 415/1200 done, 5.2s/item, elapsed 36.3 min, VRAM peak 81.4%, ETA 2026-08-21 23:34:13 UTC (in 68.7 min)
2026-08-21 22:25:58 UTC INFO    __workspace___hf__models__DeepSeek-R1-Distill-Qwen-14B-AWQ/stage1: 420/1200 done, 5.2s/item, elapsed 36.7 min, VRAM peak 81.4%, ETA 2026-08-21 23:34:11 UTC (in 68.2 min)
2026-08-21 22:26:24 UTC INFO    __workspace___hf__models__DeepSeek-R1-Distill-Qwen-14B-AWQ/stage1: 425/1200 done, 5.2s/item, elapsed 37.2 min, VRAM peak 81.4%, ETA 2026-08-21 23:34:10 UTC (in 67.8 min)
2026-08-21 22:26:50 UTC INFO    __workspace___hf__models__DeepSeek-R1-Distill-Qwen-14B-AWQ/stage1: 430/1200 done, 5.2s/item, elapsed 37.6 min, VRAM peak 81.4%, ETA 2026-08-21 23:34:10 UTC (in 67.3 min)
2026-08-21 22:27:16 UTC INFO    __workspace___hf__models__DeepSeek-R1-Distill-Qwen-14B-AWQ/stage1: 435/1200 done, 5.2s/item, elapsed 38.0 min, VRAM peak 81.4%, ETA 2026-08-21 23:34:10 UTC (in 66.9 min)
2026-08-21 22:27:42 UTC INFO    __workspace___hf__models__DeepSeek-R1-Distill-Qwen-14B-AWQ/stage1: 440/1200 done, 5.2s/item, elapsed 38.5 min, VRAM peak 81.4%, ETA 2026-08-21 23:34:09 UTC (in 66.4 min)
2026-08-21 22:28:08 UTC INFO    __workspace___hf__models__DeepSeek-R1-Distill-Qwen-14B-AWQ/stage1: 445/1200 done, 5.2s/item, elapsed 38.9 min, VRAM peak 81.4%, ETA 2026-08-21 23:34:09 UTC (in 66.0 min)
2026-08-21 22:28:35 UTC INFO    __workspace___hf__models__DeepSeek-R1-Distill-Qwen-14B-AWQ/stage1: 450/1200 done, 5.2s/item, elapsed 39.3 min, VRAM peak 81.4%, ETA 2026-08-21 23:34:09 UTC (in 65.6 min)
2026-08-21 22:29:01 UTC INFO    __workspace___hf__models__DeepSeek-R1-Distill-Qwen-14B-AWQ/stage1: 455/1200 done, 5.2s/item, elapsed 39.8 min, VRAM peak 81.4%, ETA 2026-08-21 23:34:08 UTC (in 65.1 min)
2026-08-21 22:29:27 UTC INFO    __workspace___hf__models__DeepSeek-R1-Distill-Qwen-14B-AWQ/stage1: 460/1200 done, 5.2s/item, elapsed 40.2 min, VRAM peak 81.4%, ETA 2026-08-21 23:34:08 UTC (in 64.7 min)
2026-08-21 22:29:53 UTC INFO    __workspace___hf__models__DeepSeek-R1-Distill-Qwen-14B-AWQ/stage1: 465/1200 done, 5.2s/item, elapsed 40.6 min, VRAM peak 81.4%, ETA 2026-08-21 23:34:07 UTC (in 64.2 min)
2026-08-21 22:30:20 UTC INFO    __workspace___hf__models__DeepSeek-R1-Distill-Qwen-14B-AWQ/stage1: 470/1200 done, 5.2s/item, elapsed 41.1 min, VRAM peak 81.4%, ETA 2026-08-21 23:34:09 UTC (in 63.8 min)
2026-08-21 22:30:46 UTC INFO    __workspace___hf__models__DeepSeek-R1-Distill-Qwen-14B-AWQ/stage1: 475/1200 done, 5.2s/item, elapsed 41.5 min, VRAM peak 81.4%, ETA 2026-08-21 23:34:08 UTC (in 63.4 min)
2026-08-21 22:31:12 UTC INFO    __workspace___hf__models__DeepSeek-R1-Distill-Qwen-14B-AWQ/stage1: 480/1200 done, 5.2s/item, elapsed 42.0 min, VRAM peak 81.4%, ETA 2026-08-21 23:34:08 UTC (in 62.9 min)
2026-08-21 22:31:38 UTC INFO    __workspace___hf__models__DeepSeek-R1-Distill-Qwen-14B-AWQ/stage1: 485/1200 done, 5.2s/item, elapsed 42.4 min, VRAM peak 81.4%, ETA 2026-08-21 23:34:08 UTC (in 62.5 min)
2026-08-21 22:32:04 UTC INFO    __workspace___hf__models__DeepSeek-R1-Distill-Qwen-14B-AWQ/stage1: 490/1200 done, 5.2s/item, elapsed 42.8 min, VRAM peak 81.4%, ETA 2026-08-21 23:34:09 UTC (in 62.1 min)
2026-08-21 22:32:30 UTC INFO    __workspace___hf__models__DeepSeek-R1-Distill-Qwen-14B-AWQ/stage1: 495/1200 done, 5.2s/item, elapsed 43.3 min, VRAM peak 81.4%, ETA 2026-08-21 23:34:06 UTC (in 61.6 min)
2026-08-21 22:32:56 UTC INFO    __workspace___hf__models__DeepSeek-R1-Distill-Qwen-14B-AWQ/stage1: 500/1200 done, 5.2s/item, elapsed 43.7 min, VRAM peak 81.4%, ETA 2026-08-21 23:34:07 UTC (in 61.2 min)
2026-08-21 22:33:22 UTC INFO    __workspace___hf__models__DeepSeek-R1-Distill-Qwen-14B-AWQ/stage1: 505/1200 done, 5.2s/item, elapsed 44.1 min, VRAM peak 81.4%, ETA 2026-08-21 23:34:06 UTC (in 60.7 min)
2026-08-21 22:33:48 UTC INFO    __workspace___hf__models__DeepSeek-R1-Distill-Qwen-14B-AWQ/stage1: 510/1200 done, 5.2s/item, elapsed 44.6 min, VRAM peak 81.4%, ETA 2026-08-21 23:34:06 UTC (in 60.3 min)
2026-08-21 22:34:14 UTC INFO    __workspace___hf__models__DeepSeek-R1-Distill-Qwen-14B-AWQ/stage1: 515/1200 done, 5.2s/item, elapsed 45.0 min, VRAM peak 81.4%, ETA 2026-08-21 23:34:06 UTC (in 59.9 min)
2026-08-21 22:34:41 UTC INFO    __workspace___hf__models__DeepSeek-R1-Distill-Qwen-14B-AWQ/stage1: 520/1200 done, 5.2s/item, elapsed 45.4 min, VRAM peak 81.4%, ETA 2026-08-21 23:34:06 UTC (in 59.4 min)
2026-08-21 22:35:05 UTC INFO    __workspace___hf__models__DeepSeek-R1-Distill-Qwen-14B-AWQ/stage1: 525/1200 done, 5.2s/item, elapsed 45.9 min, VRAM peak 81.4%, ETA 2026-08-21 23:34:03 UTC (in 59.0 min)
2026-08-21 22:35:31 UTC INFO    __workspace___hf__models__DeepSeek-R1-Distill-Qwen-14B-AWQ/stage1: 530/1200 done, 5.2s/item, elapsed 46.3 min, VRAM peak 81.4%, ETA 2026-08-21 23:34:01 UTC (in 58.5 min)
2026-08-21 22:35:56 UTC INFO    __workspace___hf__models__DeepSeek-R1-Distill-Qwen-14B-AWQ/stage1: 535/1200 done, 5.2s/item, elapsed 46.7 min, VRAM peak 81.4%, ETA 2026-08-21 23:33:59 UTC (in 58.0 min)
2026-08-21 22:36:22 UTC INFO    __workspace___hf__models__DeepSeek-R1-Distill-Qwen-14B-AWQ/stage1: 540/1200 done, 5.2s/item, elapsed 47.1 min, VRAM peak 81.4%, ETA 2026-08-21 23:33:58 UTC (in 57.6 min)
2026-08-21 22:36:48 UTC INFO    __workspace___hf__models__DeepSeek-R1-Distill-Qwen-14B-AWQ/stage1: 545/1200 done, 5.2s/item, elapsed 47.6 min, VRAM peak 81.4%, ETA 2026-08-21 23:33:58 UTC (in 57.2 min)
2026-08-21 22:37:12 UTC INFO    __workspace___hf__models__DeepSeek-R1-Distill-Qwen-14B-AWQ/stage1: 550/1200 done, 5.2s/item, elapsed 48.0 min, VRAM peak 81.4%, ETA 2026-08-21 23:33:54 UTC (in 56.7 min)
2026-08-21 22:37:38 UTC INFO    __workspace___hf__models__DeepSeek-R1-Distill-Qwen-14B-AWQ/stage1: 555/1200 done, 5.2s/item, elapsed 48.4 min, VRAM peak 81.4%, ETA 2026-08-21 23:33:53 UTC (in 56.3 min)
2026-08-21 22:38:05 UTC INFO    __workspace___hf__models__DeepSeek-R1-Distill-Qwen-14B-AWQ/stage1: 560/1200 done, 5.2s/item, elapsed 48.8 min, VRAM peak 81.4%, ETA 2026-08-21 23:33:54 UTC (in 55.8 min)
2026-08-21 22:38:31 UTC INFO    __workspace___hf__models__DeepSeek-R1-Distill-Qwen-14B-AWQ/stage1: 565/1200 done, 5.2s/item, elapsed 49.3 min, VRAM peak 81.4%, ETA 2026-08-21 23:33:54 UTC (in 55.4 min)
2026-08-21 22:38:57 UTC INFO    __workspace___hf__models__DeepSeek-R1-Distill-Qwen-14B-AWQ/stage1: 570/1200 done, 5.2s/item, elapsed 49.7 min, VRAM peak 81.4%, ETA 2026-08-21 23:33:54 UTC (in 54.9 min)
2026-08-21 22:39:22 UTC INFO    __workspace___hf__models__DeepSeek-R1-Distill-Qwen-14B-AWQ/stage1: 575/1200 done, 5.2s/item, elapsed 50.1 min, VRAM peak 81.4%, ETA 2026-08-21 23:33:52 UTC (in 54.5 min)
2026-08-21 22:39:49 UTC INFO    __workspace___hf__models__DeepSeek-R1-Distill-Qwen-14B-AWQ/stage1: 580/1200 done, 5.2s/item, elapsed 50.6 min, VRAM peak 81.4%, ETA 2026-08-21 23:33:52 UTC (in 54.1 min)
2026-08-21 22:40:15 UTC INFO    __workspace___hf__models__DeepSeek-R1-Distill-Qwen-14B-AWQ/stage1: 585/1200 done, 5.2s/item, elapsed 51.0 min, VRAM peak 81.4%, ETA 2026-08-21 23:33:52 UTC (in 53.6 min)
2026-08-21 22:40:41 UTC INFO    __workspace___hf__models__DeepSeek-R1-Distill-Qwen-14B-AWQ/stage1: 590/1200 done, 5.2s/item, elapsed 51.4 min, VRAM peak 81.4%, ETA 2026-08-21 23:33:52 UTC (in 53.2 min)
2026-08-21 22:41:07 UTC INFO    __workspace___hf__models__DeepSeek-R1-Distill-Qwen-14B-AWQ/stage1: 595/1200 done, 5.2s/item, elapsed 51.9 min, VRAM peak 81.4%, ETA 2026-08-21 23:33:52 UTC (in 52.8 min)
2026-08-21 22:41:34 UTC INFO    __workspace___hf__models__DeepSeek-R1-Distill-Qwen-14B-AWQ/stage1: 600/1200 done, 5.2s/item, elapsed 52.3 min, VRAM peak 81.4%, ETA 2026-08-21 23:33:53 UTC (in 52.3 min)
2026-08-21 22:42:00 UTC INFO    __workspace___hf__models__DeepSeek-R1-Distill-Qwen-14B-AWQ/stage1: 605/1200 done, 5.2s/item, elapsed 52.8 min, VRAM peak 81.4%, ETA 2026-08-21 23:33:53 UTC (in 51.9 min)
2026-08-21 22:42:26 UTC INFO    __workspace___hf__models__DeepSeek-R1-Distill-Qwen-14B-AWQ/stage1: 610/1200 done, 5.2s/item, elapsed 53.2 min, VRAM peak 81.4%, ETA 2026-08-21 23:33:52 UTC (in 51.4 min)
2026-08-21 22:42:51 UTC INFO    __workspace___hf__models__DeepSeek-R1-Distill-Qwen-14B-AWQ/stage1: 615/1200 done, 5.2s/item, elapsed 53.6 min, VRAM peak 81.4%, ETA 2026-08-21 23:33:50 UTC (in 51.0 min)
2026-08-21 22:43:15 UTC INFO    __workspace___hf__models__DeepSeek-R1-Distill-Qwen-14B-AWQ/stage1: 620/1200 done, 5.2s/item, elapsed 54.0 min, VRAM peak 81.4%, ETA 2026-08-21 23:33:48 UTC (in 50.5 min)
2026-08-21 22:43:41 UTC INFO    __workspace___hf__models__DeepSeek-R1-Distill-Qwen-14B-AWQ/stage1: 625/1200 done, 5.2s/item, elapsed 54.5 min, VRAM peak 81.4%, ETA 2026-08-21 23:33:47 UTC (in 50.1 min)
2026-08-21 22:44:08 UTC INFO    __workspace___hf__models__DeepSeek-R1-Distill-Qwen-14B-AWQ/stage1: 630/1200 done, 5.2s/item, elapsed 54.9 min, VRAM peak 81.4%, ETA 2026-08-21 23:33:48 UTC (in 49.7 min)
2026-08-21 22:44:34 UTC INFO    __workspace___hf__models__DeepSeek-R1-Distill-Qwen-14B-AWQ/stage1: 635/1200 done, 5.2s/item, elapsed 55.3 min, VRAM peak 81.4%, ETA 2026-08-21 23:33:47 UTC (in 49.2 min)
2026-08-21 22:45:00 UTC INFO    __workspace___hf__models__DeepSeek-R1-Distill-Qwen-14B-AWQ/stage1: 640/1200 done, 5.2s/item, elapsed 55.8 min, VRAM peak 81.4%, ETA 2026-08-21 23:33:48 UTC (in 48.8 min)
2026-08-21 22:45:26 UTC INFO    __workspace___hf__models__DeepSeek-R1-Distill-Qwen-14B-AWQ/stage1: 645/1200 done, 5.2s/item, elapsed 56.2 min, VRAM peak 81.4%, ETA 2026-08-21 23:33:48 UTC (in 48.4 min)
2026-08-21 22:45:52 UTC INFO    __workspace___hf__models__DeepSeek-R1-Distill-Qwen-14B-AWQ/stage1: 650/1200 done, 5.2s/item, elapsed 56.6 min, VRAM peak 81.4%, ETA 2026-08-21 23:33:47 UTC (in 47.9 min)
2026-08-21 22:46:18 UTC INFO    __workspace___hf__models__DeepSeek-R1-Distill-Qwen-14B-AWQ/stage1: 655/1200 done, 5.2s/item, elapsed 57.1 min, VRAM peak 81.4%, ETA 2026-08-21 23:33:47 UTC (in 47.5 min)
2026-08-21 22:46:44 UTC INFO    __workspace___hf__models__DeepSeek-R1-Distill-Qwen-14B-AWQ/stage1: 660/1200 done, 5.2s/item, elapsed 57.5 min, VRAM peak 81.4%, ETA 2026-08-21 23:33:47 UTC (in 47.0 min)
2026-08-21 22:47:10 UTC INFO    __workspace___hf__models__DeepSeek-R1-Distill-Qwen-14B-AWQ/stage1: 665/1200 done, 5.2s/item, elapsed 57.9 min, VRAM peak 81.4%, ETA 2026-08-21 23:33:47 UTC (in 46.6 min)
2026-08-21 22:47:37 UTC INFO    __workspace___hf__models__DeepSeek-R1-Distill-Qwen-14B-AWQ/stage1: 670/1200 done, 5.2s/item, elapsed 58.4 min, VRAM peak 81.4%, ETA 2026-08-21 23:33:47 UTC (in 46.2 min)
2026-08-21 22:48:02 UTC INFO    __workspace___hf__models__DeepSeek-R1-Distill-Qwen-14B-AWQ/stage1: 675/1200 done, 5.2s/item, elapsed 58.8 min, VRAM peak 81.4%, ETA 2026-08-21 23:33:47 UTC (in 45.7 min)
2026-08-21 22:48:28 UTC INFO    __workspace___hf__models__DeepSeek-R1-Distill-Qwen-14B-AWQ/stage1: 680/1200 done, 5.2s/item, elapsed 59.2 min, VRAM peak 81.4%, ETA 2026-08-21 23:33:46 UTC (in 45.3 min)
2026-08-21 22:48:53 UTC INFO    __workspace___hf__models__DeepSeek-R1-Distill-Qwen-14B-AWQ/stage1: 685/1200 done, 5.2s/item, elapsed 59.7 min, VRAM peak 81.4%, ETA 2026-08-21 23:33:44 UTC (in 44.8 min)
2026-08-21 22:49:19 UTC INFO    __workspace___hf__models__DeepSeek-R1-Distill-Qwen-14B-AWQ/stage1: 690/1200 done, 5.2s/item, elapsed 60.1 min, VRAM peak 81.4%, ETA 2026-08-21 23:33:44 UTC (in 44.4 min)
2026-08-21 22:49:46 UTC INFO    __workspace___hf__models__DeepSeek-R1-Distill-Qwen-14B-AWQ/stage1: 695/1200 done, 5.2s/item, elapsed 60.5 min, VRAM peak 81.4%, ETA 2026-08-21 23:33:45 UTC (in 44.0 min)
2026-08-21 22:50:12 UTC INFO    __workspace___hf__models__DeepSeek-R1-Distill-Qwen-14B-AWQ/stage1: 700/1200 done, 5.2s/item, elapsed 61.0 min, VRAM peak 81.4%, ETA 2026-08-21 23:33:45 UTC (in 43.5 min)
2026-08-21 22:50:38 UTC INFO    __workspace___hf__models__DeepSeek-R1-Distill-Qwen-14B-AWQ/stage1: 705/1200 done, 5.2s/item, elapsed 61.4 min, VRAM peak 81.4%, ETA 2026-08-21 23:33:45 UTC (in 43.1 min)
2026-08-21 22:51:05 UTC INFO    __workspace___hf__models__DeepSeek-R1-Distill-Qwen-14B-AWQ/stage1: 710/1200 done, 5.2s/item, elapsed 61.8 min, VRAM peak 81.4%, ETA 2026-08-21 23:33:45 UTC (in 42.7 min)
2026-08-21 22:51:31 UTC INFO    __workspace___hf__models__DeepSeek-R1-Distill-Qwen-14B-AWQ/stage1: 715/1200 done, 5.2s/item, elapsed 62.3 min, VRAM peak 81.4%, ETA 2026-08-21 23:33:45 UTC (in 42.2 min)
2026-08-21 22:51:56 UTC INFO    __workspace___hf__models__DeepSeek-R1-Distill-Qwen-14B-AWQ/stage1: 720/1200 done, 5.2s/item, elapsed 62.7 min, VRAM peak 81.4%, ETA 2026-08-21 23:33:45 UTC (in 41.8 min)
2026-08-21 22:52:22 UTC INFO    __workspace___hf__models__DeepSeek-R1-Distill-Qwen-14B-AWQ/stage1: 725/1200 done, 5.2s/item, elapsed 63.1 min, VRAM peak 81.4%, ETA 2026-08-21 23:33:44 UTC (in 41.4 min)
2026-08-21 22:52:48 UTC INFO    __workspace___hf__models__DeepSeek-R1-Distill-Qwen-14B-AWQ/stage1: 730/1200 done, 5.2s/item, elapsed 63.6 min, VRAM peak 81.4%, ETA 2026-08-21 23:33:43 UTC (in 40.9 min)
2026-08-21 22:53:14 UTC INFO    __workspace___hf__models__DeepSeek-R1-Distill-Qwen-14B-AWQ/stage1: 735/1200 done, 5.2s/item, elapsed 64.0 min, VRAM peak 81.4%, ETA 2026-08-21 23:33:43 UTC (in 40.5 min)
2026-08-21 22:53:40 UTC INFO    __workspace___hf__models__DeepSeek-R1-Distill-Qwen-14B-AWQ/stage1: 740/1200 done, 5.2s/item, elapsed 64.4 min, VRAM peak 81.4%, ETA 2026-08-21 23:33:43 UTC (in 40.0 min)
2026-08-21 22:54:06 UTC INFO    __workspace___hf__models__DeepSeek-R1-Distill-Qwen-14B-AWQ/stage1: 745/1200 done, 5.2s/item, elapsed 64.9 min, VRAM peak 81.4%, ETA 2026-08-21 23:33:43 UTC (in 39.6 min)
2026-08-21 22:54:30 UTC INFO    __workspace___hf__models__DeepSeek-R1-Distill-Qwen-14B-AWQ/stage1: 750/1200 done, 5.2s/item, elapsed 65.3 min, VRAM peak 81.4%, ETA 2026-08-21 23:33:40 UTC (in 39.2 min)
2026-08-21 22:54:57 UTC INFO    __workspace___hf__models__DeepSeek-R1-Distill-Qwen-14B-AWQ/stage1: 755/1200 done, 5.2s/item, elapsed 65.7 min, VRAM peak 81.4%, ETA 2026-08-21 23:33:41 UTC (in 38.7 min)
2026-08-21 22:55:23 UTC INFO    __workspace___hf__models__DeepSeek-R1-Distill-Qwen-14B-AWQ/stage1: 760/1200 done, 5.2s/item, elapsed 66.2 min, VRAM peak 81.4%, ETA 2026-08-21 23:33:41 UTC (in 38.3 min)
2026-08-21 22:55:49 UTC INFO    __workspace___hf__models__DeepSeek-R1-Distill-Qwen-14B-AWQ/stage1: 765/1200 done, 5.2s/item, elapsed 66.6 min, VRAM peak 81.4%, ETA 2026-08-21 23:33:41 UTC (in 37.9 min)
2026-08-21 22:56:15 UTC INFO    __workspace___hf__models__DeepSeek-R1-Distill-Qwen-14B-AWQ/stage1: 770/1200 done, 5.2s/item, elapsed 67.0 min, VRAM peak 81.4%, ETA 2026-08-21 23:33:40 UTC (in 37.4 min)
2026-08-21 22:56:41 UTC INFO    __workspace___hf__models__DeepSeek-R1-Distill-Qwen-14B-AWQ/stage1: 775/1200 done, 5.2s/item, elapsed 67.4 min, VRAM peak 81.4%, ETA 2026-08-21 23:33:39 UTC (in 37.0 min)
2026-08-21 22:57:07 UTC INFO    __workspace___hf__models__DeepSeek-R1-Distill-Qwen-14B-AWQ/stage1: 780/1200 done, 5.2s/item, elapsed 67.9 min, VRAM peak 81.4%, ETA 2026-08-21 23:33:40 UTC (in 36.5 min)
2026-08-21 22:57:33 UTC INFO    __workspace___hf__models__DeepSeek-R1-Distill-Qwen-14B-AWQ/stage1: 785/1200 done, 5.2s/item, elapsed 68.3 min, VRAM peak 81.4%, ETA 2026-08-21 23:33:40 UTC (in 36.1 min)
2026-08-21 22:57:58 UTC INFO    __workspace___hf__models__DeepSeek-R1-Distill-Qwen-14B-AWQ/stage1: 790/1200 done, 5.2s/item, elapsed 68.7 min, VRAM peak 81.4%, ETA 2026-08-21 23:33:38 UTC (in 35.7 min)
2026-08-21 22:58:24 UTC INFO    __workspace___hf__models__DeepSeek-R1-Distill-Qwen-14B-AWQ/stage1: 795/1200 done, 5.2s/item, elapsed 69.2 min, VRAM peak 81.4%, ETA 2026-08-21 23:33:38 UTC (in 35.2 min)
2026-08-21 22:58:50 UTC INFO    __workspace___hf__models__DeepSeek-R1-Distill-Qwen-14B-AWQ/stage1: 800/1200 done, 5.2s/item, elapsed 69.6 min, VRAM peak 81.4%, ETA 2026-08-21 23:33:37 UTC (in 34.8 min)
2026-08-21 22:59:16 UTC INFO    __workspace___hf__models__DeepSeek-R1-Distill-Qwen-14B-AWQ/stage1: 805/1200 done, 5.2s/item, elapsed 70.0 min, VRAM peak 81.4%, ETA 2026-08-21 23:33:38 UTC (in 34.4 min)
2026-08-21 22:59:42 UTC INFO    __workspace___hf__models__DeepSeek-R1-Distill-Qwen-14B-AWQ/stage1: 810/1200 done, 5.2s/item, elapsed 70.5 min, VRAM peak 81.4%, ETA 2026-08-21 23:33:38 UTC (in 33.9 min)
2026-08-21 23:00:08 UTC INFO    __workspace___hf__models__DeepSeek-R1-Distill-Qwen-14B-AWQ/stage1: 815/1200 done, 5.2s/item, elapsed 70.9 min, VRAM peak 81.4%, ETA 2026-08-21 23:33:37 UTC (in 33.5 min)
2026-08-21 23:00:34 UTC INFO    __workspace___hf__models__DeepSeek-R1-Distill-Qwen-14B-AWQ/stage1: 820/1200 done, 5.2s/item, elapsed 71.3 min, VRAM peak 81.4%, ETA 2026-08-21 23:33:37 UTC (in 33.1 min)
2026-08-21 23:01:00 UTC INFO    __workspace___hf__models__DeepSeek-R1-Distill-Qwen-14B-AWQ/stage1: 825/1200 done, 5.2s/item, elapsed 71.8 min, VRAM peak 81.4%, ETA 2026-08-21 23:33:37 UTC (in 32.6 min)
2026-08-21 23:01:26 UTC INFO    __workspace___hf__models__DeepSeek-R1-Distill-Qwen-14B-AWQ/stage1: 830/1200 done, 5.2s/item, elapsed 72.2 min, VRAM peak 81.4%, ETA 2026-08-21 23:33:37 UTC (in 32.2 min)
2026-08-21 23:01:52 UTC INFO    __workspace___hf__models__DeepSeek-R1-Distill-Qwen-14B-AWQ/stage1: 835/1200 done, 5.2s/item, elapsed 72.6 min, VRAM peak 81.4%, ETA 2026-08-21 23:33:36 UTC (in 31.7 min)
2026-08-21 23:02:18 UTC INFO    __workspace___hf__models__DeepSeek-R1-Distill-Qwen-14B-AWQ/stage1: 840/1200 done, 5.2s/item, elapsed 73.1 min, VRAM peak 81.4%, ETA 2026-08-21 23:33:36 UTC (in 31.3 min)
2026-08-21 23:02:44 UTC INFO    __workspace___hf__models__DeepSeek-R1-Distill-Qwen-14B-AWQ/stage1: 845/1200 done, 5.2s/item, elapsed 73.5 min, VRAM peak 81.4%, ETA 2026-08-21 23:33:36 UTC (in 30.9 min)
2026-08-21 23:03:08 UTC INFO    __workspace___hf__models__DeepSeek-R1-Distill-Qwen-14B-AWQ/stage1: 850/1200 done, 5.2s/item, elapsed 73.9 min, VRAM peak 81.4%, ETA 2026-08-21 23:33:33 UTC (in 30.4 min)
2026-08-21 23:03:34 UTC INFO    __workspace___hf__models__DeepSeek-R1-Distill-Qwen-14B-AWQ/stage1: 855/1200 done, 5.2s/item, elapsed 74.3 min, VRAM peak 81.4%, ETA 2026-08-21 23:33:34 UTC (in 30.0 min)
2026-08-21 23:03:59 UTC INFO    __workspace___hf__models__DeepSeek-R1-Distill-Qwen-14B-AWQ/stage1: 860/1200 done, 5.2s/item, elapsed 74.8 min, VRAM peak 81.4%, ETA 2026-08-21 23:33:33 UTC (in 29.6 min)
2026-08-21 23:04:25 UTC INFO    __workspace___hf__models__DeepSeek-R1-Distill-Qwen-14B-AWQ/stage1: 865/1200 done, 5.2s/item, elapsed 75.2 min, VRAM peak 81.4%, ETA 2026-08-21 23:33:32 UTC (in 29.1 min)
2026-08-21 23:04:52 UTC INFO    __workspace___hf__models__DeepSeek-R1-Distill-Qwen-14B-AWQ/stage1: 870/1200 done, 5.2s/item, elapsed 75.6 min, VRAM peak 81.4%, ETA 2026-08-21 23:33:33 UTC (in 28.7 min)
2026-08-21 23:05:16 UTC INFO    __workspace___hf__models__DeepSeek-R1-Distill-Qwen-14B-AWQ/stage1: 875/1200 done, 5.2s/item, elapsed 76.0 min, VRAM peak 81.4%, ETA 2026-08-21 23:33:30 UTC (in 28.2 min)
2026-08-21 23:05:42 UTC INFO    __workspace___hf__models__DeepSeek-R1-Distill-Qwen-14B-AWQ/stage1: 880/1200 done, 5.2s/item, elapsed 76.5 min, VRAM peak 81.4%, ETA 2026-08-21 23:33:30 UTC (in 27.8 min)
2026-08-21 23:06:08 UTC INFO    __workspace___hf__models__DeepSeek-R1-Distill-Qwen-14B-AWQ/stage1: 885/1200 done, 5.2s/item, elapsed 76.9 min, VRAM peak 81.4%, ETA 2026-08-21 23:33:30 UTC (in 27.4 min)
2026-08-21 23:06:34 UTC INFO    __workspace___hf__models__DeepSeek-R1-Distill-Qwen-14B-AWQ/stage1: 890/1200 done, 5.2s/item, elapsed 77.3 min, VRAM peak 81.4%, ETA 2026-08-21 23:33:30 UTC (in 26.9 min)
2026-08-21 23:07:00 UTC INFO    __workspace___hf__models__DeepSeek-R1-Distill-Qwen-14B-AWQ/stage1: 895/1200 done, 5.2s/item, elapsed 77.8 min, VRAM peak 81.4%, ETA 2026-08-21 23:33:30 UTC (in 26.5 min)
2026-08-21 23:07:26 UTC INFO    __workspace___hf__models__DeepSeek-R1-Distill-Qwen-14B-AWQ/stage1: 900/1200 done, 5.2s/item, elapsed 78.2 min, VRAM peak 81.4%, ETA 2026-08-21 23:33:30 UTC (in 26.1 min)
2026-08-21 23:07:52 UTC INFO    __workspace___hf__models__DeepSeek-R1-Distill-Qwen-14B-AWQ/stage1: 905/1200 done, 5.2s/item, elapsed 78.6 min, VRAM peak 81.4%, ETA 2026-08-21 23:33:30 UTC (in 25.6 min)
2026-08-21 23:08:18 UTC INFO    __workspace___hf__models__DeepSeek-R1-Distill-Qwen-14B-AWQ/stage1: 910/1200 done, 5.2s/item, elapsed 79.1 min, VRAM peak 81.4%, ETA 2026-08-21 23:33:30 UTC (in 25.2 min)
2026-08-21 23:08:44 UTC INFO    __workspace___hf__models__DeepSeek-R1-Distill-Qwen-14B-AWQ/stage1: 915/1200 done, 5.2s/item, elapsed 79.5 min, VRAM peak 81.4%, ETA 2026-08-21 23:33:30 UTC (in 24.8 min)
2026-08-21 23:09:10 UTC INFO    __workspace___hf__models__DeepSeek-R1-Distill-Qwen-14B-AWQ/stage1: 920/1200 done, 5.2s/item, elapsed 79.9 min, VRAM peak 81.4%, ETA 2026-08-21 23:33:30 UTC (in 24.3 min)
2026-08-21 23:09:37 UTC INFO    __workspace___hf__models__DeepSeek-R1-Distill-Qwen-14B-AWQ/stage1: 925/1200 done, 5.2s/item, elapsed 80.4 min, VRAM peak 81.4%, ETA 2026-08-21 23:33:30 UTC (in 23.9 min)
2026-08-21 23:10:03 UTC INFO    __workspace___hf__models__DeepSeek-R1-Distill-Qwen-14B-AWQ/stage1: 930/1200 done, 5.2s/item, elapsed 80.8 min, VRAM peak 81.4%, ETA 2026-08-21 23:33:30 UTC (in 23.5 min)
2026-08-21 23:10:29 UTC INFO    __workspace___hf__models__DeepSeek-R1-Distill-Qwen-14B-AWQ/stage1: 935/1200 done, 5.2s/item, elapsed 81.2 min, VRAM peak 81.4%, ETA 2026-08-21 23:33:30 UTC (in 23.0 min)
2026-08-21 23:10:55 UTC INFO    __workspace___hf__models__DeepSeek-R1-Distill-Qwen-14B-AWQ/stage1: 940/1200 done, 5.2s/item, elapsed 81.7 min, VRAM peak 81.4%, ETA 2026-08-21 23:33:30 UTC (in 22.6 min)
2026-08-21 23:11:20 UTC INFO    __workspace___hf__models__DeepSeek-R1-Distill-Qwen-14B-AWQ/stage1: 945/1200 done, 5.2s/item, elapsed 82.1 min, VRAM peak 81.4%, ETA 2026-08-21 23:33:30 UTC (in 22.2 min)
2026-08-21 23:11:47 UTC INFO    __workspace___hf__models__DeepSeek-R1-Distill-Qwen-14B-AWQ/stage1: 950/1200 done, 5.2s/item, elapsed 82.5 min, VRAM peak 81.4%, ETA 2026-08-21 23:33:30 UTC (in 21.7 min)
2026-08-21 23:12:12 UTC INFO    __workspace___hf__models__DeepSeek-R1-Distill-Qwen-14B-AWQ/stage1: 955/1200 done, 5.2s/item, elapsed 83.0 min, VRAM peak 81.4%, ETA 2026-08-21 23:33:29 UTC (in 21.3 min)
2026-08-21 23:12:38 UTC INFO    __workspace___hf__models__DeepSeek-R1-Distill-Qwen-14B-AWQ/stage1: 960/1200 done, 5.2s/item, elapsed 83.4 min, VRAM peak 81.4%, ETA 2026-08-21 23:33:29 UTC (in 20.8 min)
2026-08-21 23:13:04 UTC INFO    __workspace___hf__models__DeepSeek-R1-Distill-Qwen-14B-AWQ/stage1: 965/1200 done, 5.2s/item, elapsed 83.8 min, VRAM peak 81.4%, ETA 2026-08-21 23:33:28 UTC (in 20.4 min)
2026-08-21 23:13:30 UTC INFO    __workspace___hf__models__DeepSeek-R1-Distill-Qwen-14B-AWQ/stage1: 970/1200 done, 5.2s/item, elapsed 84.3 min, VRAM peak 81.4%, ETA 2026-08-21 23:33:29 UTC (in 20.0 min)
2026-08-21 23:13:55 UTC INFO    __workspace___hf__models__DeepSeek-R1-Distill-Qwen-14B-AWQ/stage1: 975/1200 done, 5.2s/item, elapsed 84.7 min, VRAM peak 81.4%, ETA 2026-08-21 23:33:27 UTC (in 19.5 min)
2026-08-21 23:14:20 UTC INFO    __workspace___hf__models__DeepSeek-R1-Distill-Qwen-14B-AWQ/stage1: 980/1200 done, 5.2s/item, elapsed 85.1 min, VRAM peak 81.4%, ETA 2026-08-21 23:33:27 UTC (in 19.1 min)
2026-08-21 23:14:46 UTC INFO    __workspace___hf__models__DeepSeek-R1-Distill-Qwen-14B-AWQ/stage1: 985/1200 done, 5.2s/item, elapsed 85.5 min, VRAM peak 81.4%, ETA 2026-08-21 23:33:27 UTC (in 18.7 min)
2026-08-21 23:15:12 UTC INFO    __workspace___hf__models__DeepSeek-R1-Distill-Qwen-14B-AWQ/stage1: 990/1200 done, 5.2s/item, elapsed 86.0 min, VRAM peak 81.4%, ETA 2026-08-21 23:33:27 UTC (in 18.2 min)
2026-08-21 23:15:39 UTC INFO    __workspace___hf__models__DeepSeek-R1-Distill-Qwen-14B-AWQ/stage1: 995/1200 done, 5.2s/item, elapsed 86.4 min, VRAM peak 81.4%, ETA 2026-08-21 23:33:27 UTC (in 17.8 min)
2026-08-21 23:16:05 UTC INFO    __workspace___hf__models__DeepSeek-R1-Distill-Qwen-14B-AWQ/stage1: 1000/1200 done, 5.2s/item, elapsed 86.8 min, VRAM peak 81.4%, ETA 2026-08-21 23:33:27 UTC (in 17.4 min)
2026-08-21 23:16:31 UTC INFO    __workspace___hf__models__DeepSeek-R1-Distill-Qwen-14B-AWQ/stage1: 1005/1200 done, 5.2s/item, elapsed 87.3 min, VRAM peak 81.4%, ETA 2026-08-21 23:33:28 UTC (in 16.9 min)
2026-08-21 23:16:58 UTC INFO    __workspace___hf__models__DeepSeek-R1-Distill-Qwen-14B-AWQ/stage1: 1010/1200 done, 5.2s/item, elapsed 87.7 min, VRAM peak 81.4%, ETA 2026-08-21 23:33:28 UTC (in 16.5 min)
2026-08-21 23:17:24 UTC INFO    __workspace___hf__models__DeepSeek-R1-Distill-Qwen-14B-AWQ/stage1: 1015/1200 done, 5.2s/item, elapsed 88.2 min, VRAM peak 81.4%, ETA 2026-08-21 23:33:28 UTC (in 16.1 min)
2026-08-21 23:17:50 UTC INFO    __workspace___hf__models__DeepSeek-R1-Distill-Qwen-14B-AWQ/stage1: 1020/1200 done, 5.2s/item, elapsed 88.6 min, VRAM peak 81.4%, ETA 2026-08-21 23:33:28 UTC (in 15.6 min)
2026-08-21 23:18:16 UTC INFO    __workspace___hf__models__DeepSeek-R1-Distill-Qwen-14B-AWQ/stage1: 1025/1200 done, 5.2s/item, elapsed 89.0 min, VRAM peak 81.4%, ETA 2026-08-21 23:33:28 UTC (in 15.2 min)
2026-08-21 23:18:42 UTC INFO    __workspace___hf__models__DeepSeek-R1-Distill-Qwen-14B-AWQ/stage1: 1030/1200 done, 5.2s/item, elapsed 89.5 min, VRAM peak 81.4%, ETA 2026-08-21 23:33:28 UTC (in 14.8 min)
2026-08-21 23:19:08 UTC INFO    __workspace___hf__models__DeepSeek-R1-Distill-Qwen-14B-AWQ/stage1: 1035/1200 done, 5.2s/item, elapsed 89.9 min, VRAM peak 81.4%, ETA 2026-08-21 23:33:28 UTC (in 14.3 min)
2026-08-21 23:19:34 UTC INFO    __workspace___hf__models__DeepSeek-R1-Distill-Qwen-14B-AWQ/stage1: 1040/1200 done, 5.2s/item, elapsed 90.3 min, VRAM peak 81.4%, ETA 2026-08-21 23:33:28 UTC (in 13.9 min)
2026-08-21 23:20:00 UTC INFO    __workspace___hf__models__DeepSeek-R1-Distill-Qwen-14B-AWQ/stage1: 1045/1200 done, 5.2s/item, elapsed 90.8 min, VRAM peak 81.4%, ETA 2026-08-21 23:33:28 UTC (in 13.5 min)
2026-08-21 23:20:26 UTC INFO    __workspace___hf__models__DeepSeek-R1-Distill-Qwen-14B-AWQ/stage1: 1050/1200 done, 5.2s/item, elapsed 91.2 min, VRAM peak 81.4%, ETA 2026-08-21 23:33:28 UTC (in 13.0 min)
2026-08-21 23:20:53 UTC INFO    __workspace___hf__models__DeepSeek-R1-Distill-Qwen-14B-AWQ/stage1: 1055/1200 done, 5.2s/item, elapsed 91.6 min, VRAM peak 81.4%, ETA 2026-08-21 23:33:28 UTC (in 12.6 min)
2026-08-21 23:21:18 UTC INFO    __workspace___hf__models__DeepSeek-R1-Distill-Qwen-14B-AWQ/stage1: 1060/1200 done, 5.2s/item, elapsed 92.1 min, VRAM peak 81.4%, ETA 2026-08-21 23:33:28 UTC (in 12.2 min)
2026-08-21 23:21:44 UTC INFO    __workspace___hf__models__DeepSeek-R1-Distill-Qwen-14B-AWQ/stage1: 1065/1200 done, 5.2s/item, elapsed 92.5 min, VRAM peak 81.4%, ETA 2026-08-21 23:33:28 UTC (in 11.7 min)
2026-08-21 23:22:11 UTC INFO    __workspace___hf__models__DeepSeek-R1-Distill-Qwen-14B-AWQ/stage1: 1070/1200 done, 5.2s/item, elapsed 92.9 min, VRAM peak 81.4%, ETA 2026-08-21 23:33:28 UTC (in 11.3 min)
2026-08-21 23:22:37 UTC INFO    __workspace___hf__models__DeepSeek-R1-Distill-Qwen-14B-AWQ/stage1: 1075/1200 done, 5.2s/item, elapsed 93.4 min, VRAM peak 81.4%, ETA 2026-08-21 23:33:28 UTC (in 10.9 min)
2026-08-21 23:23:03 UTC INFO    __workspace___hf__models__DeepSeek-R1-Distill-Qwen-14B-AWQ/stage1: 1080/1200 done, 5.2s/item, elapsed 93.8 min, VRAM peak 81.4%, ETA 2026-08-21 23:33:28 UTC (in 10.4 min)
2026-08-21 23:23:29 UTC INFO    __workspace___hf__models__DeepSeek-R1-Distill-Qwen-14B-AWQ/stage1: 1085/1200 done, 5.2s/item, elapsed 94.2 min, VRAM peak 81.4%, ETA 2026-08-21 23:33:28 UTC (in 10.0 min)
2026-08-21 23:23:55 UTC INFO    __workspace___hf__models__DeepSeek-R1-Distill-Qwen-14B-AWQ/stage1: 1090/1200 done, 5.2s/item, elapsed 94.7 min, VRAM peak 81.4%, ETA 2026-08-21 23:33:28 UTC (in 9.6 min)
2026-08-21 23:24:22 UTC INFO    __workspace___hf__models__DeepSeek-R1-Distill-Qwen-14B-AWQ/stage1: 1095/1200 done, 5.2s/item, elapsed 95.1 min, VRAM peak 81.4%, ETA 2026-08-21 23:33:29 UTC (in 9.1 min)
2026-08-21 23:24:48 UTC INFO    __workspace___hf__models__DeepSeek-R1-Distill-Qwen-14B-AWQ/stage1: 1100/1200 done, 5.2s/item, elapsed 95.6 min, VRAM peak 81.4%, ETA 2026-08-21 23:33:29 UTC (in 8.7 min)
2026-08-21 23:25:13 UTC INFO    __workspace___hf__models__DeepSeek-R1-Distill-Qwen-14B-AWQ/stage1: 1105/1200 done, 5.2s/item, elapsed 96.0 min, VRAM peak 81.4%, ETA 2026-08-21 23:33:28 UTC (in 8.3 min)
2026-08-21 23:25:39 UTC INFO    __workspace___hf__models__DeepSeek-R1-Distill-Qwen-14B-AWQ/stage1: 1110/1200 done, 5.2s/item, elapsed 96.4 min, VRAM peak 81.4%, ETA 2026-08-21 23:33:28 UTC (in 7.8 min)
2026-08-21 23:26:05 UTC INFO    __workspace___hf__models__DeepSeek-R1-Distill-Qwen-14B-AWQ/stage1: 1115/1200 done, 5.2s/item, elapsed 96.8 min, VRAM peak 81.4%, ETA 2026-08-21 23:33:28 UTC (in 7.4 min)
2026-08-21 23:26:30 UTC INFO    __workspace___hf__models__DeepSeek-R1-Distill-Qwen-14B-AWQ/stage1: 1120/1200 done, 5.2s/item, elapsed 97.3 min, VRAM peak 81.4%, ETA 2026-08-21 23:33:27 UTC (in 6.9 min)
2026-08-21 23:26:56 UTC INFO    __workspace___hf__models__DeepSeek-R1-Distill-Qwen-14B-AWQ/stage1: 1125/1200 done, 5.2s/item, elapsed 97.7 min, VRAM peak 81.4%, ETA 2026-08-21 23:33:26 UTC (in 6.5 min)
2026-08-21 23:27:22 UTC INFO    __workspace___hf__models__DeepSeek-R1-Distill-Qwen-14B-AWQ/stage1: 1130/1200 done, 5.2s/item, elapsed 98.1 min, VRAM peak 81.4%, ETA 2026-08-21 23:33:26 UTC (in 6.1 min)
2026-08-21 23:27:48 UTC INFO    __workspace___hf__models__DeepSeek-R1-Distill-Qwen-14B-AWQ/stage1: 1135/1200 done, 5.2s/item, elapsed 98.6 min, VRAM peak 81.4%, ETA 2026-08-21 23:33:26 UTC (in 5.6 min)
2026-08-21 23:28:14 UTC INFO    __workspace___hf__models__DeepSeek-R1-Distill-Qwen-14B-AWQ/stage1: 1140/1200 done, 5.2s/item, elapsed 99.0 min, VRAM peak 81.4%, ETA 2026-08-21 23:33:27 UTC (in 5.2 min)
2026-08-21 23:28:40 UTC INFO    __workspace___hf__models__DeepSeek-R1-Distill-Qwen-14B-AWQ/stage1: 1145/1200 done, 5.2s/item, elapsed 99.4 min, VRAM peak 81.4%, ETA 2026-08-21 23:33:27 UTC (in 4.8 min)
2026-08-21 23:29:07 UTC INFO    __workspace___hf__models__DeepSeek-R1-Distill-Qwen-14B-AWQ/stage1: 1150/1200 done, 5.2s/item, elapsed 99.9 min, VRAM peak 81.4%, ETA 2026-08-21 23:33:27 UTC (in 4.3 min)
2026-08-21 23:29:32 UTC INFO    __workspace___hf__models__DeepSeek-R1-Distill-Qwen-14B-AWQ/stage1: 1155/1200 done, 5.2s/item, elapsed 100.3 min, VRAM peak 81.4%, ETA 2026-08-21 23:33:26 UTC (in 3.9 min)
2026-08-21 23:29:57 UTC INFO    __workspace___hf__models__DeepSeek-R1-Distill-Qwen-14B-AWQ/stage1: 1160/1200 done, 5.2s/item, elapsed 100.7 min, VRAM peak 81.4%, ETA 2026-08-21 23:33:25 UTC (in 3.5 min)
2026-08-21 23:30:23 UTC INFO    __workspace___hf__models__DeepSeek-R1-Distill-Qwen-14B-AWQ/stage1: 1165/1200 done, 5.2s/item, elapsed 101.2 min, VRAM peak 81.4%, ETA 2026-08-21 23:33:26 UTC (in 3.0 min)
2026-08-21 23:30:49 UTC INFO    __workspace___hf__models__DeepSeek-R1-Distill-Qwen-14B-AWQ/stage1: 1170/1200 done, 5.2s/item, elapsed 101.6 min, VRAM peak 81.4%, ETA 2026-08-21 23:33:25 UTC (in 2.6 min)
2026-08-21 23:31:15 UTC INFO    __workspace___hf__models__DeepSeek-R1-Distill-Qwen-14B-AWQ/stage1: 1175/1200 done, 5.2s/item, elapsed 102.0 min, VRAM peak 81.4%, ETA 2026-08-21 23:33:26 UTC (in 2.2 min)
2026-08-21 23:31:42 UTC INFO    __workspace___hf__models__DeepSeek-R1-Distill-Qwen-14B-AWQ/stage1: 1180/1200 done, 5.2s/item, elapsed 102.5 min, VRAM peak 81.4%, ETA 2026-08-21 23:33:26 UTC (in 1.7 min)
2026-08-21 23:32:07 UTC INFO    __workspace___hf__models__DeepSeek-R1-Distill-Qwen-14B-AWQ/stage1: 1185/1200 done, 5.2s/item, elapsed 102.9 min, VRAM peak 81.4%, ETA 2026-08-21 23:33:25 UTC (in 1.3 min)
2026-08-21 23:32:34 UTC INFO    __workspace___hf__models__DeepSeek-R1-Distill-Qwen-14B-AWQ/stage1: 1190/1200 done, 5.2s/item, elapsed 103.3 min, VRAM peak 81.4%, ETA 2026-08-21 23:33:26 UTC (in 0.9 min)
2026-08-21 23:32:59 UTC INFO    __workspace___hf__models__DeepSeek-R1-Distill-Qwen-14B-AWQ/stage1: 1195/1200 done, 5.2s/item, elapsed 103.7 min, VRAM peak 81.4%, ETA 2026-08-21 23:33:25 UTC (in 0.4 min)
2026-08-21 23:33:25 UTC INFO    __workspace___hf__models__DeepSeek-R1-Distill-Qwen-14B-AWQ/stage1: 1200/1200 done, 5.2s/item, elapsed 104.2 min, VRAM peak 81.4%, ETA 2026-08-21 23:33:25 UTC (in 0.0 min)
2026-08-21 23:33:25 UTC INFO    GPU ledger: +6250.6s for __workspace___hf__models__DeepSeek-R1-Distill-Qwen-14B-AWQ/stage1, cumulative 38285.4s (10.63 h, 53.2% of the 20 h allowance)
2026-08-21 23:33:25 UTC INFO    /workspace/.hf/models/DeepSeek-R1-Distill-Qwen-14B-AWQ stage1: {"items": 1200, "unreadable_choice": 94, "usable": 261, "abort_reason": null, "elapsed_min": 104.18, "vram_peak_pct": 81.4}
2026-08-21 23:33:37 UTC INFO    /workspace/.hf/models/DeepSeek-R1-Distill-Qwen-14B-AWQ stage2: {"attempted": 261, "built": 85, "dropped": 176, "search_cap_hit": 192}
2026-08-21 23:34:04 UTC INFO    __workspace___hf__models__DeepSeek-R1-Distill-Qwen-14B-AWQ/stage3: 10/850 done, 2.7s/item, elapsed 0.5 min, VRAM peak 81.4%, ETA 2026-08-22 00:12:26 UTC (in 38.4 min)
2026-08-21 23:34:31 UTC INFO    __workspace___hf__models__DeepSeek-R1-Distill-Qwen-14B-AWQ/stage3: 20/850 done, 2.7s/item, elapsed 0.9 min, VRAM peak 81.4%, ETA 2026-08-22 00:11:58 UTC (in 37.4 min)
2026-08-21 23:35:02 UTC INFO    __workspace___hf__models__DeepSeek-R1-Distill-Qwen-14B-AWQ/stage3: 30/850 done, 2.9s/item, elapsed 1.4 min, VRAM peak 81.4%, ETA 2026-08-22 00:14:00 UTC (in 39.0 min)
2026-08-21 23:35:29 UTC INFO    __workspace___hf__models__DeepSeek-R1-Distill-Qwen-14B-AWQ/stage3: 40/850 done, 2.8s/item, elapsed 1.9 min, VRAM peak 81.4%, ETA 2026-08-22 00:13:16 UTC (in 37.8 min)
2026-08-21 23:35:57 UTC INFO    __workspace___hf__models__DeepSeek-R1-Distill-Qwen-14B-AWQ/stage3: 50/850 done, 2.8s/item, elapsed 2.3 min, VRAM peak 81.4%, ETA 2026-08-22 00:13:16 UTC (in 37.3 min)
2026-08-21 23:36:24 UTC INFO    __workspace___hf__models__DeepSeek-R1-Distill-Qwen-14B-AWQ/stage3: 60/850 done, 2.8s/item, elapsed 2.8 min, VRAM peak 81.4%, ETA 2026-08-22 00:13:01 UTC (in 36.6 min)
2026-08-21 23:36:51 UTC INFO    __workspace___hf__models__DeepSeek-R1-Distill-Qwen-14B-AWQ/stage3: 70/850 done, 2.8s/item, elapsed 3.2 min, VRAM peak 81.4%, ETA 2026-08-22 00:12:58 UTC (in 36.1 min)
2026-08-21 23:37:18 UTC INFO    __workspace___hf__models__DeepSeek-R1-Distill-Qwen-14B-AWQ/stage3: 80/850 done, 2.8s/item, elapsed 3.7 min, VRAM peak 81.4%, ETA 2026-08-22 00:12:46 UTC (in 35.5 min)
2026-08-21 23:37:45 UTC INFO    __workspace___hf__models__DeepSeek-R1-Distill-Qwen-14B-AWQ/stage3: 90/850 done, 2.8s/item, elapsed 4.1 min, VRAM peak 81.4%, ETA 2026-08-22 00:12:39 UTC (in 34.9 min)
2026-08-21 23:38:15 UTC INFO    __workspace___hf__models__DeepSeek-R1-Distill-Qwen-14B-AWQ/stage3: 100/850 done, 2.8s/item, elapsed 4.6 min, VRAM peak 81.4%, ETA 2026-08-22 00:13:03 UTC (in 34.8 min)
2026-08-21 23:38:42 UTC INFO    __workspace___hf__models__DeepSeek-R1-Distill-Qwen-14B-AWQ/stage3: 110/850 done, 2.8s/item, elapsed 5.1 min, VRAM peak 81.4%, ETA 2026-08-22 00:12:53 UTC (in 34.2 min)
2026-08-21 23:39:08 UTC INFO    __workspace___hf__models__DeepSeek-R1-Distill-Qwen-14B-AWQ/stage3: 120/850 done, 2.8s/item, elapsed 5.5 min, VRAM peak 81.4%, ETA 2026-08-22 00:12:46 UTC (in 33.6 min)
2026-08-21 23:39:35 UTC INFO    __workspace___hf__models__DeepSeek-R1-Distill-Qwen-14B-AWQ/stage3: 130/850 done, 2.8s/item, elapsed 6.0 min, VRAM peak 81.4%, ETA 2026-08-22 00:12:37 UTC (in 33.0 min)
2026-08-21 23:40:02 UTC INFO    __workspace___hf__models__DeepSeek-R1-Distill-Qwen-14B-AWQ/stage3: 140/850 done, 2.8s/item, elapsed 6.4 min, VRAM peak 81.4%, ETA 2026-08-22 00:12:37 UTC (in 32.6 min)
2026-08-21 23:40:28 UTC INFO    __workspace___hf__models__DeepSeek-R1-Distill-Qwen-14B-AWQ/stage3: 150/850 done, 2.7s/item, elapsed 6.9 min, VRAM peak 81.4%, ETA 2026-08-22 00:12:28 UTC (in 32.0 min)
2026-08-21 23:40:55 UTC INFO    __workspace___hf__models__DeepSeek-R1-Distill-Qwen-14B-AWQ/stage3: 160/850 done, 2.7s/item, elapsed 7.3 min, VRAM peak 81.4%, ETA 2026-08-22 00:12:23 UTC (in 31.5 min)
2026-08-21 23:41:22 UTC INFO    __workspace___hf__models__DeepSeek-R1-Distill-Qwen-14B-AWQ/stage3: 170/850 done, 2.7s/item, elapsed 7.8 min, VRAM peak 81.4%, ETA 2026-08-22 00:12:24 UTC (in 31.0 min)
2026-08-21 23:41:49 UTC INFO    __workspace___hf__models__DeepSeek-R1-Distill-Qwen-14B-AWQ/stage3: 180/850 done, 2.7s/item, elapsed 8.2 min, VRAM peak 81.4%, ETA 2026-08-22 00:12:19 UTC (in 30.5 min)
2026-08-21 23:42:16 UTC INFO    __workspace___hf__models__DeepSeek-R1-Distill-Qwen-14B-AWQ/stage3: 190/850 done, 2.7s/item, elapsed 8.6 min, VRAM peak 81.4%, ETA 2026-08-22 00:12:18 UTC (in 30.0 min)
2026-08-21 23:42:42 UTC INFO    __workspace___hf__models__DeepSeek-R1-Distill-Qwen-14B-AWQ/stage3: 200/850 done, 2.7s/item, elapsed 9.1 min, VRAM peak 81.4%, ETA 2026-08-22 00:12:13 UTC (in 29.5 min)
2026-08-21 23:43:11 UTC INFO    __workspace___hf__models__DeepSeek-R1-Distill-Qwen-14B-AWQ/stage3: 210/850 done, 2.7s/item, elapsed 9.6 min, VRAM peak 81.4%, ETA 2026-08-22 00:12:20 UTC (in 29.2 min)
2026-08-21 23:43:38 UTC INFO    __workspace___hf__models__DeepSeek-R1-Distill-Qwen-14B-AWQ/stage3: 220/850 done, 2.7s/item, elapsed 10.0 min, VRAM peak 81.4%, ETA 2026-08-22 00:12:18 UTC (in 28.7 min)
2026-08-21 23:44:04 UTC INFO    __workspace___hf__models__DeepSeek-R1-Distill-Qwen-14B-AWQ/stage3: 230/850 done, 2.7s/item, elapsed 10.5 min, VRAM peak 81.4%, ETA 2026-08-22 00:12:15 UTC (in 28.2 min)
2026-08-21 23:44:31 UTC INFO    __workspace___hf__models__DeepSeek-R1-Distill-Qwen-14B-AWQ/stage3: 240/850 done, 2.7s/item, elapsed 10.9 min, VRAM peak 81.4%, ETA 2026-08-22 00:12:13 UTC (in 27.7 min)
2026-08-21 23:45:01 UTC INFO    __workspace___hf__models__DeepSeek-R1-Distill-Qwen-14B-AWQ/stage3: 250/850 done, 2.7s/item, elapsed 11.4 min, VRAM peak 81.4%, ETA 2026-08-22 00:12:22 UTC (in 27.4 min)
2026-08-21 23:45:28 UTC INFO    __workspace___hf__models__DeepSeek-R1-Distill-Qwen-14B-AWQ/stage3: 260/850 done, 2.7s/item, elapsed 11.8 min, VRAM peak 81.4%, ETA 2026-08-22 00:12:21 UTC (in 26.9 min)
2026-08-21 23:45:52 UTC INFO    __workspace___hf__models__DeepSeek-R1-Distill-Qwen-14B-AWQ/stage3: 270/850 done, 2.7s/item, elapsed 12.3 min, VRAM peak 81.4%, ETA 2026-08-22 00:12:13 UTC (in 26.3 min)
2026-08-21 23:46:19 UTC INFO    __workspace___hf__models__DeepSeek-R1-Distill-Qwen-14B-AWQ/stage3: 280/850 done, 2.7s/item, elapsed 12.7 min, VRAM peak 81.4%, ETA 2026-08-22 00:12:10 UTC (in 25.9 min)
2026-08-21 23:46:44 UTC INFO    __workspace___hf__models__DeepSeek-R1-Distill-Qwen-14B-AWQ/stage3: 290/850 done, 2.7s/item, elapsed 13.1 min, VRAM peak 81.4%, ETA 2026-08-22 00:12:05 UTC (in 25.3 min)
2026-08-21 23:47:11 UTC INFO    __workspace___hf__models__DeepSeek-R1-Distill-Qwen-14B-AWQ/stage3: 300/850 done, 2.7s/item, elapsed 13.6 min, VRAM peak 81.4%, ETA 2026-08-22 00:12:03 UTC (in 24.9 min)
2026-08-21 23:47:37 UTC INFO    __workspace___hf__models__DeepSeek-R1-Distill-Qwen-14B-AWQ/stage3: 310/850 done, 2.7s/item, elapsed 14.0 min, VRAM peak 81.4%, ETA 2026-08-22 00:12:02 UTC (in 24.4 min)
2026-08-21 23:48:05 UTC INFO    __workspace___hf__models__DeepSeek-R1-Distill-Qwen-14B-AWQ/stage3: 320/850 done, 2.7s/item, elapsed 14.5 min, VRAM peak 81.4%, ETA 2026-08-22 00:12:02 UTC (in 24.0 min)
2026-08-21 23:48:30 UTC INFO    __workspace___hf__models__DeepSeek-R1-Distill-Qwen-14B-AWQ/stage3: 330/850 done, 2.7s/item, elapsed 14.9 min, VRAM peak 81.4%, ETA 2026-08-22 00:11:59 UTC (in 23.5 min)
2026-08-21 23:48:57 UTC INFO    __workspace___hf__models__DeepSeek-R1-Distill-Qwen-14B-AWQ/stage3: 340/850 done, 2.7s/item, elapsed 15.3 min, VRAM peak 81.4%, ETA 2026-08-22 00:11:58 UTC (in 23.0 min)
2026-08-21 23:49:26 UTC INFO    __workspace___hf__models__DeepSeek-R1-Distill-Qwen-14B-AWQ/stage3: 350/850 done, 2.7s/item, elapsed 15.8 min, VRAM peak 81.4%, ETA 2026-08-22 00:12:03 UTC (in 22.6 min)
2026-08-21 23:49:53 UTC INFO    __workspace___hf__models__DeepSeek-R1-Distill-Qwen-14B-AWQ/stage3: 360/850 done, 2.7s/item, elapsed 16.3 min, VRAM peak 81.4%, ETA 2026-08-22 00:12:02 UTC (in 22.1 min)
2026-08-21 23:50:20 UTC INFO    __workspace___hf__models__DeepSeek-R1-Distill-Qwen-14B-AWQ/stage3: 370/850 done, 2.7s/item, elapsed 16.7 min, VRAM peak 81.4%, ETA 2026-08-22 00:12:02 UTC (in 21.7 min)
2026-08-21 23:50:47 UTC INFO    __workspace___hf__models__DeepSeek-R1-Distill-Qwen-14B-AWQ/stage3: 380/850 done, 2.7s/item, elapsed 17.2 min, VRAM peak 81.4%, ETA 2026-08-22 00:12:01 UTC (in 21.2 min)
2026-08-21 23:51:13 UTC INFO    __workspace___hf__models__DeepSeek-R1-Distill-Qwen-14B-AWQ/stage3: 390/850 done, 2.7s/item, elapsed 17.6 min, VRAM peak 81.4%, ETA 2026-08-22 00:11:59 UTC (in 20.8 min)
2026-08-21 23:51:40 UTC INFO    __workspace___hf__models__DeepSeek-R1-Distill-Qwen-14B-AWQ/stage3: 400/850 done, 2.7s/item, elapsed 18.1 min, VRAM peak 81.4%, ETA 2026-08-22 00:11:58 UTC (in 20.3 min)
2026-08-21 23:52:06 UTC INFO    __workspace___hf__models__DeepSeek-R1-Distill-Qwen-14B-AWQ/stage3: 410/850 done, 2.7s/item, elapsed 18.5 min, VRAM peak 81.4%, ETA 2026-08-22 00:11:57 UTC (in 19.8 min)
2026-08-21 23:52:33 UTC INFO    __workspace___hf__models__DeepSeek-R1-Distill-Qwen-14B-AWQ/stage3: 420/850 done, 2.7s/item, elapsed 18.9 min, VRAM peak 81.4%, ETA 2026-08-22 00:11:56 UTC (in 19.4 min)
2026-08-21 23:53:01 UTC INFO    __workspace___hf__models__DeepSeek-R1-Distill-Qwen-14B-AWQ/stage3: 430/850 done, 2.7s/item, elapsed 19.4 min, VRAM peak 81.4%, ETA 2026-08-22 00:11:57 UTC (in 18.9 min)
2026-08-21 23:53:27 UTC INFO    __workspace___hf__models__DeepSeek-R1-Distill-Qwen-14B-AWQ/stage3: 440/850 done, 2.7s/item, elapsed 19.8 min, VRAM peak 81.4%, ETA 2026-08-22 00:11:57 UTC (in 18.5 min)
2026-08-21 23:53:54 UTC INFO    __workspace___hf__models__DeepSeek-R1-Distill-Qwen-14B-AWQ/stage3: 450/850 done, 2.7s/item, elapsed 20.3 min, VRAM peak 81.4%, ETA 2026-08-22 00:11:56 UTC (in 18.0 min)
2026-08-21 23:54:21 UTC INFO    __workspace___hf__models__DeepSeek-R1-Distill-Qwen-14B-AWQ/stage3: 460/850 done, 2.7s/item, elapsed 20.7 min, VRAM peak 81.4%, ETA 2026-08-22 00:11:56 UTC (in 17.6 min)
2026-08-21 23:54:48 UTC INFO    __workspace___hf__models__DeepSeek-R1-Distill-Qwen-14B-AWQ/stage3: 470/850 done, 2.7s/item, elapsed 21.2 min, VRAM peak 81.4%, ETA 2026-08-22 00:11:56 UTC (in 17.1 min)
2026-08-21 23:55:15 UTC INFO    __workspace___hf__models__DeepSeek-R1-Distill-Qwen-14B-AWQ/stage3: 480/850 done, 2.7s/item, elapsed 21.6 min, VRAM peak 81.4%, ETA 2026-08-22 00:11:57 UTC (in 16.7 min)
2026-08-21 23:55:44 UTC INFO    __workspace___hf__models__DeepSeek-R1-Distill-Qwen-14B-AWQ/stage3: 490/850 done, 2.7s/item, elapsed 22.1 min, VRAM peak 81.4%, ETA 2026-08-22 00:12:00 UTC (in 16.3 min)
2026-08-21 23:56:12 UTC INFO    __workspace___hf__models__DeepSeek-R1-Distill-Qwen-14B-AWQ/stage3: 500/850 done, 2.7s/item, elapsed 22.6 min, VRAM peak 81.4%, ETA 2026-08-22 00:12:00 UTC (in 15.8 min)
2026-08-21 23:56:38 UTC INFO    __workspace___hf__models__DeepSeek-R1-Distill-Qwen-14B-AWQ/stage3: 510/850 done, 2.7s/item, elapsed 23.0 min, VRAM peak 81.4%, ETA 2026-08-22 00:12:00 UTC (in 15.4 min)
2026-08-21 23:57:06 UTC INFO    __workspace___hf__models__DeepSeek-R1-Distill-Qwen-14B-AWQ/stage3: 520/850 done, 2.7s/item, elapsed 23.5 min, VRAM peak 81.4%, ETA 2026-08-22 00:12:00 UTC (in 14.9 min)
2026-08-21 23:57:32 UTC INFO    __workspace___hf__models__DeepSeek-R1-Distill-Qwen-14B-AWQ/stage3: 530/850 done, 2.7s/item, elapsed 23.9 min, VRAM peak 81.4%, ETA 2026-08-22 00:11:58 UTC (in 14.4 min)
2026-08-21 23:57:58 UTC INFO    __workspace___hf__models__DeepSeek-R1-Distill-Qwen-14B-AWQ/stage3: 540/850 done, 2.7s/item, elapsed 24.4 min, VRAM peak 81.4%, ETA 2026-08-22 00:11:57 UTC (in 14.0 min)
2026-08-21 23:58:25 UTC INFO    __workspace___hf__models__DeepSeek-R1-Distill-Qwen-14B-AWQ/stage3: 550/850 done, 2.7s/item, elapsed 24.8 min, VRAM peak 81.4%, ETA 2026-08-22 00:11:56 UTC (in 13.5 min)
2026-08-21 23:58:51 UTC INFO    __workspace___hf__models__DeepSeek-R1-Distill-Qwen-14B-AWQ/stage3: 560/850 done, 2.7s/item, elapsed 25.2 min, VRAM peak 81.4%, ETA 2026-08-22 00:11:56 UTC (in 13.1 min)
2026-08-21 23:59:17 UTC INFO    __workspace___hf__models__DeepSeek-R1-Distill-Qwen-14B-AWQ/stage3: 570/850 done, 2.7s/item, elapsed 25.7 min, VRAM peak 81.4%, ETA 2026-08-22 00:11:54 UTC (in 12.6 min)
2026-08-21 23:59:45 UTC INFO    __workspace___hf__models__DeepSeek-R1-Distill-Qwen-14B-AWQ/stage3: 580/850 done, 2.7s/item, elapsed 26.1 min, VRAM peak 81.4%, ETA 2026-08-22 00:11:54 UTC (in 12.2 min)
2026-08-22 00:00:12 UTC INFO    __workspace___hf__models__DeepSeek-R1-Distill-Qwen-14B-AWQ/stage3: 590/850 done, 2.7s/item, elapsed 26.6 min, VRAM peak 81.4%, ETA 2026-08-22 00:11:55 UTC (in 11.7 min)
2026-08-22 00:00:39 UTC INFO    __workspace___hf__models__DeepSeek-R1-Distill-Qwen-14B-AWQ/stage3: 600/850 done, 2.7s/item, elapsed 27.0 min, VRAM peak 81.4%, ETA 2026-08-22 00:11:54 UTC (in 11.3 min)
2026-08-22 00:01:06 UTC INFO    __workspace___hf__models__DeepSeek-R1-Distill-Qwen-14B-AWQ/stage3: 610/850 done, 2.7s/item, elapsed 27.5 min, VRAM peak 81.4%, ETA 2026-08-22 00:11:54 UTC (in 10.8 min)
2026-08-22 00:01:32 UTC INFO    __workspace___hf__models__DeepSeek-R1-Distill-Qwen-14B-AWQ/stage3: 620/850 done, 2.7s/item, elapsed 27.9 min, VRAM peak 81.4%, ETA 2026-08-22 00:11:54 UTC (in 10.4 min)
2026-08-22 00:01:59 UTC INFO    __workspace___hf__models__DeepSeek-R1-Distill-Qwen-14B-AWQ/stage3: 630/850 done, 2.7s/item, elapsed 28.4 min, VRAM peak 81.4%, ETA 2026-08-22 00:11:54 UTC (in 9.9 min)
2026-08-22 00:02:25 UTC INFO    __workspace___hf__models__DeepSeek-R1-Distill-Qwen-14B-AWQ/stage3: 640/850 done, 2.7s/item, elapsed 28.8 min, VRAM peak 81.4%, ETA 2026-08-22 00:11:53 UTC (in 9.5 min)
2026-08-22 00:02:52 UTC INFO    __workspace___hf__models__DeepSeek-R1-Distill-Qwen-14B-AWQ/stage3: 650/850 done, 2.7s/item, elapsed 29.2 min, VRAM peak 81.4%, ETA 2026-08-22 00:11:52 UTC (in 9.0 min)
2026-08-22 00:03:18 UTC INFO    __workspace___hf__models__DeepSeek-R1-Distill-Qwen-14B-AWQ/stage3: 660/850 done, 2.7s/item, elapsed 29.7 min, VRAM peak 81.4%, ETA 2026-08-22 00:11:51 UTC (in 8.5 min)
2026-08-22 00:03:47 UTC INFO    __workspace___hf__models__DeepSeek-R1-Distill-Qwen-14B-AWQ/stage3: 670/850 done, 2.7s/item, elapsed 30.2 min, VRAM peak 81.4%, ETA 2026-08-22 00:11:53 UTC (in 8.1 min)
2026-08-22 00:04:13 UTC INFO    __workspace___hf__models__DeepSeek-R1-Distill-Qwen-14B-AWQ/stage3: 680/850 done, 2.7s/item, elapsed 30.6 min, VRAM peak 81.4%, ETA 2026-08-22 00:11:52 UTC (in 7.7 min)
2026-08-22 00:04:39 UTC INFO    __workspace___hf__models__DeepSeek-R1-Distill-Qwen-14B-AWQ/stage3: 690/850 done, 2.7s/item, elapsed 31.0 min, VRAM peak 81.4%, ETA 2026-08-22 00:11:51 UTC (in 7.2 min)
2026-08-22 00:05:06 UTC INFO    __workspace___hf__models__DeepSeek-R1-Distill-Qwen-14B-AWQ/stage3: 700/850 done, 2.7s/item, elapsed 31.5 min, VRAM peak 81.4%, ETA 2026-08-22 00:11:51 UTC (in 6.7 min)
2026-08-22 00:05:32 UTC INFO    __workspace___hf__models__DeepSeek-R1-Distill-Qwen-14B-AWQ/stage3: 710/850 done, 2.7s/item, elapsed 31.9 min, VRAM peak 81.4%, ETA 2026-08-22 00:11:50 UTC (in 6.3 min)
2026-08-22 00:06:00 UTC INFO    __workspace___hf__models__DeepSeek-R1-Distill-Qwen-14B-AWQ/stage3: 720/850 done, 2.7s/item, elapsed 32.4 min, VRAM peak 81.4%, ETA 2026-08-22 00:11:51 UTC (in 5.8 min)
2026-08-22 00:06:27 UTC INFO    __workspace___hf__models__DeepSeek-R1-Distill-Qwen-14B-AWQ/stage3: 730/850 done, 2.7s/item, elapsed 32.8 min, VRAM peak 81.4%, ETA 2026-08-22 00:11:51 UTC (in 5.4 min)
2026-08-22 00:06:54 UTC INFO    __workspace___hf__models__DeepSeek-R1-Distill-Qwen-14B-AWQ/stage3: 740/850 done, 2.7s/item, elapsed 33.3 min, VRAM peak 81.4%, ETA 2026-08-22 00:11:50 UTC (in 4.9 min)
2026-08-22 00:07:21 UTC INFO    __workspace___hf__models__DeepSeek-R1-Distill-Qwen-14B-AWQ/stage3: 750/850 done, 2.7s/item, elapsed 33.7 min, VRAM peak 81.4%, ETA 2026-08-22 00:11:51 UTC (in 4.5 min)
2026-08-22 00:07:48 UTC INFO    __workspace___hf__models__DeepSeek-R1-Distill-Qwen-14B-AWQ/stage3: 760/850 done, 2.7s/item, elapsed 34.2 min, VRAM peak 81.4%, ETA 2026-08-22 00:11:51 UTC (in 4.0 min)
2026-08-22 00:08:15 UTC INFO    __workspace___hf__models__DeepSeek-R1-Distill-Qwen-14B-AWQ/stage3: 770/850 done, 2.7s/item, elapsed 34.6 min, VRAM peak 81.4%, ETA 2026-08-22 00:11:51 UTC (in 3.6 min)
2026-08-22 00:08:42 UTC INFO    __workspace___hf__models__DeepSeek-R1-Distill-Qwen-14B-AWQ/stage3: 780/850 done, 2.7s/item, elapsed 35.1 min, VRAM peak 81.4%, ETA 2026-08-22 00:11:51 UTC (in 3.1 min)
2026-08-22 00:09:11 UTC INFO    __workspace___hf__models__DeepSeek-R1-Distill-Qwen-14B-AWQ/stage3: 790/850 done, 2.7s/item, elapsed 35.6 min, VRAM peak 81.4%, ETA 2026-08-22 00:11:53 UTC (in 2.7 min)
2026-08-22 00:09:37 UTC INFO    __workspace___hf__models__DeepSeek-R1-Distill-Qwen-14B-AWQ/stage3: 800/850 done, 2.7s/item, elapsed 36.0 min, VRAM peak 81.4%, ETA 2026-08-22 00:11:52 UTC (in 2.3 min)
2026-08-22 00:10:04 UTC INFO    __workspace___hf__models__DeepSeek-R1-Distill-Qwen-14B-AWQ/stage3: 810/850 done, 2.7s/item, elapsed 36.5 min, VRAM peak 81.4%, ETA 2026-08-22 00:11:52 UTC (in 1.8 min)
2026-08-22 00:10:32 UTC INFO    __workspace___hf__models__DeepSeek-R1-Distill-Qwen-14B-AWQ/stage3: 820/850 done, 2.7s/item, elapsed 36.9 min, VRAM peak 81.4%, ETA 2026-08-22 00:11:53 UTC (in 1.4 min)
2026-08-22 00:10:59 UTC INFO    __workspace___hf__models__DeepSeek-R1-Distill-Qwen-14B-AWQ/stage3: 830/850 done, 2.7s/item, elapsed 37.4 min, VRAM peak 81.4%, ETA 2026-08-22 00:11:53 UTC (in 0.9 min)
2026-08-22 00:11:27 UTC INFO    __workspace___hf__models__DeepSeek-R1-Distill-Qwen-14B-AWQ/stage3: 840/850 done, 2.7s/item, elapsed 37.8 min, VRAM peak 81.4%, ETA 2026-08-22 00:11:54 UTC (in 0.5 min)
2026-08-22 00:11:54 UTC INFO    __workspace___hf__models__DeepSeek-R1-Distill-Qwen-14B-AWQ/stage3: 850/850 done, 2.7s/item, elapsed 38.3 min, VRAM peak 81.4%, ETA 2026-08-22 00:11:54 UTC (in 0.0 min)
2026-08-22 00:11:54 UTC INFO    GPU ledger: +2296.9s for __workspace___hf__models__DeepSeek-R1-Distill-Qwen-14B-AWQ/stage3, cumulative 40582.3s (11.27 h, 56.4% of the 20 h allowance)
2026-08-22 00:11:54 UTC INFO    /workspace/.hf/models/DeepSeek-R1-Distill-Qwen-14B-AWQ stage3: {"n_items": 85, "condition_counts": {"R0": {"chosen_rival": 0, "unreadable": 0, "n": 85}, "R1": {"chosen_rival": 4, "unreadable": 3, "n": 85}, "R2": {"chosen_rival": 3, "unreadable": 3, "n": 85}, "R3": {"chosen_rival": 0, "unreadable": 2, "n": 85}, "R4": {"chosen_rival": 0, "unreadable": 3, "n": 85}}, "abort_reason": null, "elapsed_min": 38.28}
2026-08-22 00:11:54 UTC INFO    wrote results/exp3b/experiment_summary.json
