2026-08-21 00:35:15 UTC INFO    started 2026-08-21 00:35:15 UTC on Linux-6.8.0-57-generic-x86_64-with-glibc2.35
2026-08-21 00:35:15 UTC INFO    loading framolfese/2WikiMultihopQA [validation], scanning 40000 records
2026-08-21 00:35:16 UTC INFO    PyTorch version 2.4.0 available.
2026-08-21 00:35:26 UTC INFO    built 1800 items from 12576 records
2026-08-21 00:35:30 UTC INFO    longest prompt about 2507 tokens; max_model_len=4096 (floor 2048, cap 8192)
2026-08-21 00:35:30 UTC INFO    detected 23.5 GiB of VRAM, capability (8, 6) -> the 3090ti roster
2026-08-21 00:36:05 UTC INFO    /workspace/.hf/models/Qwen2.5-7B-Instruct loaded: bfloat16, max_model_len=4096, mem target 0.85, eager=False, VRAM now 79.9%
2026-08-21 00:36:05 UTC INFO    /workspace/.hf/models/Qwen2.5-7B-Instruct ready via the vllm backend
2026-08-21 00:36:17 UTC INFO    __workspace___hf__models__Qwen2_5-7B-Instruct/stage1: 5/1800 done, 2.4s/item, elapsed 0.2 min, VRAM peak 80.7%, ETA 2026-08-21 01:47:30 UTC (in 71.2 min)
2026-08-21 00:36:28 UTC INFO    __workspace___hf__models__Qwen2_5-7B-Instruct/stage1: 10/1800 done, 2.3s/item, elapsed 0.4 min, VRAM peak 81.1%, ETA 2026-08-21 01:44:42 UTC (in 68.2 min)
2026-08-21 00:36:40 UTC INFO    __workspace___hf__models__Qwen2_5-7B-Instruct/stage1: 15/1800 done, 2.4s/item, elapsed 0.6 min, VRAM peak 81.1%, ETA 2026-08-21 01:46:59 UTC (in 70.3 min)
2026-08-21 00:36:52 UTC INFO    __workspace___hf__models__Qwen2_5-7B-Instruct/stage1: 20/1800 done, 2.4s/item, elapsed 0.8 min, VRAM peak 81.1%, ETA 2026-08-21 01:46:45 UTC (in 69.9 min)
2026-08-21 00:37:03 UTC INFO    __workspace___hf__models__Qwen2_5-7B-Instruct/stage1: 25/1800 done, 2.3s/item, elapsed 1.0 min, VRAM peak 81.1%, ETA 2026-08-21 01:45:54 UTC (in 68.8 min)
2026-08-21 00:37:15 UTC INFO    __workspace___hf__models__Qwen2_5-7B-Instruct/stage1: 30/1800 done, 2.3s/item, elapsed 1.2 min, VRAM peak 81.1%, ETA 2026-08-21 01:46:04 UTC (in 68.8 min)
2026-08-21 00:37:26 UTC INFO    __workspace___hf__models__Qwen2_5-7B-Instruct/stage1: 35/1800 done, 2.3s/item, elapsed 1.4 min, VRAM peak 81.1%, ETA 2026-08-21 01:45:49 UTC (in 68.4 min)
2026-08-21 00:37:37 UTC INFO    __workspace___hf__models__Qwen2_5-7B-Instruct/stage1: 40/1800 done, 2.3s/item, elapsed 1.5 min, VRAM peak 81.1%, ETA 2026-08-21 01:45:20 UTC (in 67.7 min)
2026-08-21 00:37:48 UTC INFO    __workspace___hf__models__Qwen2_5-7B-Instruct/stage1: 45/1800 done, 2.3s/item, elapsed 1.7 min, VRAM peak 81.1%, ETA 2026-08-21 01:44:59 UTC (in 67.2 min)
2026-08-21 00:38:00 UTC INFO    __workspace___hf__models__Qwen2_5-7B-Instruct/stage1: 50/1800 done, 2.3s/item, elapsed 1.9 min, VRAM peak 81.1%, ETA 2026-08-21 01:44:50 UTC (in 66.8 min)
2026-08-21 00:38:11 UTC INFO    __workspace___hf__models__Qwen2_5-7B-Instruct/stage1: 55/1800 done, 2.3s/item, elapsed 2.1 min, VRAM peak 81.1%, ETA 2026-08-21 01:45:05 UTC (in 66.9 min)
2026-08-21 00:38:23 UTC INFO    __workspace___hf__models__Qwen2_5-7B-Instruct/stage1: 60/1800 done, 2.3s/item, elapsed 2.3 min, VRAM peak 81.1%, ETA 2026-08-21 01:45:15 UTC (in 66.9 min)
2026-08-21 00:38:33 UTC INFO    __workspace___hf__models__Qwen2_5-7B-Instruct/stage1: 65/1800 done, 2.3s/item, elapsed 2.5 min, VRAM peak 81.1%, ETA 2026-08-21 01:44:34 UTC (in 66.0 min)
2026-08-21 00:38:46 UTC INFO    __workspace___hf__models__Qwen2_5-7B-Instruct/stage1: 70/1800 done, 2.3s/item, elapsed 2.7 min, VRAM peak 81.1%, ETA 2026-08-21 01:45:13 UTC (in 66.4 min)
2026-08-21 00:39:00 UTC INFO    __workspace___hf__models__Qwen2_5-7B-Instruct/stage1: 75/1800 done, 2.3s/item, elapsed 2.9 min, VRAM peak 81.1%, ETA 2026-08-21 01:46:06 UTC (in 67.1 min)
2026-08-21 00:39:12 UTC INFO    __workspace___hf__models__Qwen2_5-7B-Instruct/stage1: 80/1800 done, 2.3s/item, elapsed 3.1 min, VRAM peak 81.1%, ETA 2026-08-21 01:46:05 UTC (in 66.9 min)
2026-08-21 00:39:24 UTC INFO    __workspace___hf__models__Qwen2_5-7B-Instruct/stage1: 85/1800 done, 2.3s/item, elapsed 3.3 min, VRAM peak 81.1%, ETA 2026-08-21 01:46:18 UTC (in 66.9 min)
2026-08-21 00:39:37 UTC INFO    __workspace___hf__models__Qwen2_5-7B-Instruct/stage1: 90/1800 done, 2.4s/item, elapsed 3.5 min, VRAM peak 81.1%, ETA 2026-08-21 01:46:50 UTC (in 67.2 min)
2026-08-21 00:39:49 UTC INFO    __workspace___hf__models__Qwen2_5-7B-Instruct/stage1: 95/1800 done, 2.4s/item, elapsed 3.7 min, VRAM peak 81.1%, ETA 2026-08-21 01:46:47 UTC (in 67.0 min)
2026-08-21 00:39:59 UTC INFO    __workspace___hf__models__Qwen2_5-7B-Instruct/stage1: 100/1800 done, 2.3s/item, elapsed 3.9 min, VRAM peak 81.1%, ETA 2026-08-21 01:46:22 UTC (in 66.4 min)
2026-08-21 00:40:10 UTC INFO    __workspace___hf__models__Qwen2_5-7B-Instruct/stage1: 105/1800 done, 2.3s/item, elapsed 4.1 min, VRAM peak 81.1%, ETA 2026-08-21 01:46:00 UTC (in 65.8 min)
2026-08-21 00:40:21 UTC INFO    __workspace___hf__models__Qwen2_5-7B-Instruct/stage1: 110/1800 done, 2.3s/item, elapsed 4.3 min, VRAM peak 81.1%, ETA 2026-08-21 01:45:58 UTC (in 65.6 min)
2026-08-21 00:40:34 UTC INFO    __workspace___hf__models__Qwen2_5-7B-Instruct/stage1: 115/1800 done, 2.3s/item, elapsed 4.5 min, VRAM peak 81.1%, ETA 2026-08-21 01:46:13 UTC (in 65.7 min)
2026-08-21 00:40:47 UTC INFO    __workspace___hf__models__Qwen2_5-7B-Instruct/stage1: 120/1800 done, 2.3s/item, elapsed 4.7 min, VRAM peak 81.1%, ETA 2026-08-21 01:46:33 UTC (in 65.8 min)
2026-08-21 00:41:00 UTC INFO    __workspace___hf__models__Qwen2_5-7B-Instruct/stage1: 125/1800 done, 2.4s/item, elapsed 4.9 min, VRAM peak 81.1%, ETA 2026-08-21 01:46:50 UTC (in 65.8 min)
2026-08-21 00:41:11 UTC INFO    __workspace___hf__models__Qwen2_5-7B-Instruct/stage1: 130/1800 done, 2.4s/item, elapsed 5.1 min, VRAM peak 81.1%, ETA 2026-08-21 01:46:48 UTC (in 65.6 min)
2026-08-21 00:41:25 UTC INFO    __workspace___hf__models__Qwen2_5-7B-Instruct/stage1: 135/1800 done, 2.4s/item, elapsed 5.3 min, VRAM peak 81.1%, ETA 2026-08-21 01:47:09 UTC (in 65.7 min)
2026-08-21 00:41:38 UTC INFO    __workspace___hf__models__Qwen2_5-7B-Instruct/stage1: 140/1800 done, 2.4s/item, elapsed 5.6 min, VRAM peak 81.1%, ETA 2026-08-21 01:47:28 UTC (in 65.8 min)
2026-08-21 00:41:48 UTC INFO    __workspace___hf__models__Qwen2_5-7B-Instruct/stage1: 145/1800 done, 2.4s/item, elapsed 5.7 min, VRAM peak 81.1%, ETA 2026-08-21 01:47:09 UTC (in 65.3 min)
2026-08-21 00:42:02 UTC INFO    __workspace___hf__models__Qwen2_5-7B-Instruct/stage1: 150/1800 done, 2.4s/item, elapsed 6.0 min, VRAM peak 81.1%, ETA 2026-08-21 01:47:32 UTC (in 65.5 min)
2026-08-21 00:42:14 UTC INFO    __workspace___hf__models__Qwen2_5-7B-Instruct/stage1: 155/1800 done, 2.4s/item, elapsed 6.1 min, VRAM peak 81.1%, ETA 2026-08-21 01:47:28 UTC (in 65.2 min)
2026-08-21 00:42:26 UTC INFO    __workspace___hf__models__Qwen2_5-7B-Instruct/stage1: 160/1800 done, 2.4s/item, elapsed 6.4 min, VRAM peak 81.1%, ETA 2026-08-21 01:47:34 UTC (in 65.1 min)
2026-08-21 00:42:39 UTC INFO    __workspace___hf__models__Qwen2_5-7B-Instruct/stage1: 165/1800 done, 2.4s/item, elapsed 6.6 min, VRAM peak 81.1%, ETA 2026-08-21 01:47:41 UTC (in 65.0 min)
2026-08-21 00:42:52 UTC INFO    __workspace___hf__models__Qwen2_5-7B-Instruct/stage1: 170/1800 done, 2.4s/item, elapsed 6.8 min, VRAM peak 81.1%, ETA 2026-08-21 01:47:52 UTC (in 65.0 min)
2026-08-21 00:43:03 UTC INFO    __workspace___hf__models__Qwen2_5-7B-Instruct/stage1: 175/1800 done, 2.4s/item, elapsed 7.0 min, VRAM peak 81.1%, ETA 2026-08-21 01:47:49 UTC (in 64.8 min)
2026-08-21 00:43:17 UTC INFO    __workspace___hf__models__Qwen2_5-7B-Instruct/stage1: 180/1800 done, 2.4s/item, elapsed 7.2 min, VRAM peak 81.1%, ETA 2026-08-21 01:48:07 UTC (in 64.8 min)
2026-08-21 00:43:30 UTC INFO    __workspace___hf__models__Qwen2_5-7B-Instruct/stage1: 185/1800 done, 2.4s/item, elapsed 7.4 min, VRAM peak 81.1%, ETA 2026-08-21 01:48:11 UTC (in 64.7 min)
2026-08-21 00:43:42 UTC INFO    __workspace___hf__models__Qwen2_5-7B-Instruct/stage1: 190/1800 done, 2.4s/item, elapsed 7.6 min, VRAM peak 81.1%, ETA 2026-08-21 01:48:12 UTC (in 64.5 min)
2026-08-21 00:43:53 UTC INFO    __workspace___hf__models__Qwen2_5-7B-Instruct/stage1: 195/1800 done, 2.4s/item, elapsed 7.8 min, VRAM peak 81.1%, ETA 2026-08-21 01:48:03 UTC (in 64.2 min)
2026-08-21 00:44:05 UTC INFO    __workspace___hf__models__Qwen2_5-7B-Instruct/stage1: 200/1800 done, 2.4s/item, elapsed 8.0 min, VRAM peak 81.1%, ETA 2026-08-21 01:48:02 UTC (in 64.0 min)
2026-08-21 00:44:17 UTC INFO    __workspace___hf__models__Qwen2_5-7B-Instruct/stage1: 205/1800 done, 2.4s/item, elapsed 8.2 min, VRAM peak 81.5%, ETA 2026-08-21 01:48:08 UTC (in 63.8 min)
2026-08-21 00:44:28 UTC INFO    __workspace___hf__models__Qwen2_5-7B-Instruct/stage1: 210/1800 done, 2.4s/item, elapsed 8.4 min, VRAM peak 81.5%, ETA 2026-08-21 01:47:57 UTC (in 63.5 min)
2026-08-21 00:44:40 UTC INFO    __workspace___hf__models__Qwen2_5-7B-Instruct/stage1: 215/1800 done, 2.4s/item, elapsed 8.6 min, VRAM peak 81.5%, ETA 2026-08-21 01:48:00 UTC (in 63.3 min)
2026-08-21 00:44:51 UTC INFO    __workspace___hf__models__Qwen2_5-7B-Instruct/stage1: 220/1800 done, 2.4s/item, elapsed 8.8 min, VRAM peak 81.5%, ETA 2026-08-21 01:47:52 UTC (in 63.0 min)
2026-08-21 00:45:03 UTC INFO    __workspace___hf__models__Qwen2_5-7B-Instruct/stage1: 225/1800 done, 2.4s/item, elapsed 9.0 min, VRAM peak 81.5%, ETA 2026-08-21 01:47:51 UTC (in 62.8 min)
2026-08-21 00:45:17 UTC INFO    __workspace___hf__models__Qwen2_5-7B-Instruct/stage1: 230/1800 done, 2.4s/item, elapsed 9.2 min, VRAM peak 81.5%, ETA 2026-08-21 01:48:08 UTC (in 62.8 min)
2026-08-21 00:45:30 UTC INFO    __workspace___hf__models__Qwen2_5-7B-Instruct/stage1: 235/1800 done, 2.4s/item, elapsed 9.4 min, VRAM peak 81.5%, ETA 2026-08-21 01:48:16 UTC (in 62.8 min)
2026-08-21 00:45:43 UTC INFO    __workspace___hf__models__Qwen2_5-7B-Instruct/stage1: 240/1800 done, 2.4s/item, elapsed 9.6 min, VRAM peak 81.5%, ETA 2026-08-21 01:48:18 UTC (in 62.6 min)
2026-08-21 00:45:53 UTC INFO    __workspace___hf__models__Qwen2_5-7B-Instruct/stage1: 245/1800 done, 2.4s/item, elapsed 9.8 min, VRAM peak 81.5%, ETA 2026-08-21 01:48:07 UTC (in 62.2 min)
2026-08-21 00:46:04 UTC INFO    __workspace___hf__models__Qwen2_5-7B-Instruct/stage1: 250/1800 done, 2.4s/item, elapsed 10.0 min, VRAM peak 81.5%, ETA 2026-08-21 01:47:58 UTC (in 61.9 min)
2026-08-21 00:46:15 UTC INFO    __workspace___hf__models__Qwen2_5-7B-Instruct/stage1: 255/1800 done, 2.4s/item, elapsed 10.2 min, VRAM peak 81.5%, ETA 2026-08-21 01:47:53 UTC (in 61.6 min)
2026-08-21 00:46:27 UTC INFO    __workspace___hf__models__Qwen2_5-7B-Instruct/stage1: 260/1800 done, 2.4s/item, elapsed 10.4 min, VRAM peak 81.5%, ETA 2026-08-21 01:47:50 UTC (in 61.4 min)
2026-08-21 00:46:39 UTC INFO    __workspace___hf__models__Qwen2_5-7B-Instruct/stage1: 265/1800 done, 2.4s/item, elapsed 10.6 min, VRAM peak 81.5%, ETA 2026-08-21 01:47:50 UTC (in 61.2 min)
2026-08-21 00:46:49 UTC INFO    __workspace___hf__models__Qwen2_5-7B-Instruct/stage1: 270/1800 done, 2.4s/item, elapsed 10.7 min, VRAM peak 81.5%, ETA 2026-08-21 01:47:40 UTC (in 60.9 min)
2026-08-21 00:47:01 UTC INFO    __workspace___hf__models__Qwen2_5-7B-Instruct/stage1: 275/1800 done, 2.4s/item, elapsed 10.9 min, VRAM peak 81.5%, ETA 2026-08-21 01:47:38 UTC (in 60.6 min)
2026-08-21 00:47:10 UTC INFO    __workspace___hf__models__Qwen2_5-7B-Instruct/stage1: 280/1800 done, 2.4s/item, elapsed 11.1 min, VRAM peak 81.5%, ETA 2026-08-21 01:47:22 UTC (in 60.2 min)
2026-08-21 00:47:23 UTC INFO    __workspace___hf__models__Qwen2_5-7B-Instruct/stage1: 285/1800 done, 2.4s/item, elapsed 11.3 min, VRAM peak 81.5%, ETA 2026-08-21 01:47:27 UTC (in 60.1 min)
2026-08-21 00:47:37 UTC INFO    __workspace___hf__models__Qwen2_5-7B-Instruct/stage1: 290/1800 done, 2.4s/item, elapsed 11.5 min, VRAM peak 81.5%, ETA 2026-08-21 01:47:38 UTC (in 60.0 min)
2026-08-21 00:47:48 UTC INFO    __workspace___hf__models__Qwen2_5-7B-Instruct/stage1: 295/1800 done, 2.4s/item, elapsed 11.7 min, VRAM peak 81.5%, ETA 2026-08-21 01:47:37 UTC (in 59.8 min)
2026-08-21 00:48:01 UTC INFO    __workspace___hf__models__Qwen2_5-7B-Instruct/stage1: 300/1800 done, 2.4s/item, elapsed 11.9 min, VRAM peak 81.5%, ETA 2026-08-21 01:47:40 UTC (in 59.7 min)
2026-08-21 00:48:15 UTC INFO    __workspace___hf__models__Qwen2_5-7B-Instruct/stage1: 305/1800 done, 2.4s/item, elapsed 12.2 min, VRAM peak 81.5%, ETA 2026-08-21 01:47:51 UTC (in 59.6 min)
2026-08-21 00:48:25 UTC INFO    __workspace___hf__models__Qwen2_5-7B-Instruct/stage1: 310/1800 done, 2.4s/item, elapsed 12.3 min, VRAM peak 81.5%, ETA 2026-08-21 01:47:43 UTC (in 59.3 min)
2026-08-21 00:48:39 UTC INFO    __workspace___hf__models__Qwen2_5-7B-Instruct/stage1: 315/1800 done, 2.4s/item, elapsed 12.6 min, VRAM peak 81.5%, ETA 2026-08-21 01:47:54 UTC (in 59.3 min)
2026-08-21 00:48:51 UTC INFO    __workspace___hf__models__Qwen2_5-7B-Instruct/stage1: 320/1800 done, 2.4s/item, elapsed 12.8 min, VRAM peak 81.5%, ETA 2026-08-21 01:47:54 UTC (in 59.1 min)
2026-08-21 00:49:03 UTC INFO    __workspace___hf__models__Qwen2_5-7B-Instruct/stage1: 325/1800 done, 2.4s/item, elapsed 13.0 min, VRAM peak 82.0%, ETA 2026-08-21 01:47:53 UTC (in 58.8 min)
2026-08-21 00:49:12 UTC INFO    __workspace___hf__models__Qwen2_5-7B-Instruct/stage1: 330/1800 done, 2.4s/item, elapsed 13.1 min, VRAM peak 82.0%, ETA 2026-08-21 01:47:39 UTC (in 58.4 min)
2026-08-21 00:49:24 UTC INFO    __workspace___hf__models__Qwen2_5-7B-Instruct/stage1: 335/1800 done, 2.4s/item, elapsed 13.3 min, VRAM peak 82.0%, ETA 2026-08-21 01:47:38 UTC (in 58.2 min)
2026-08-21 00:49:35 UTC INFO    __workspace___hf__models__Qwen2_5-7B-Instruct/stage1: 340/1800 done, 2.4s/item, elapsed 13.5 min, VRAM peak 82.0%, ETA 2026-08-21 01:47:35 UTC (in 58.0 min)
2026-08-21 00:49:49 UTC INFO    __workspace___hf__models__Qwen2_5-7B-Instruct/stage1: 345/1800 done, 2.4s/item, elapsed 13.7 min, VRAM peak 82.0%, ETA 2026-08-21 01:47:46 UTC (in 57.9 min)
2026-08-21 00:50:01 UTC INFO    __workspace___hf__models__Qwen2_5-7B-Instruct/stage1: 350/1800 done, 2.4s/item, elapsed 13.9 min, VRAM peak 82.0%, ETA 2026-08-21 01:47:43 UTC (in 57.7 min)
2026-08-21 00:50:11 UTC INFO    __workspace___hf__models__Qwen2_5-7B-Instruct/stage1: 355/1800 done, 2.4s/item, elapsed 14.1 min, VRAM peak 82.0%, ETA 2026-08-21 01:47:37 UTC (in 57.4 min)
2026-08-21 00:50:26 UTC INFO    __workspace___hf__models__Qwen2_5-7B-Instruct/stage1: 360/1800 done, 2.4s/item, elapsed 14.3 min, VRAM peak 82.0%, ETA 2026-08-21 01:47:48 UTC (in 57.4 min)
2026-08-21 00:50:37 UTC INFO    __workspace___hf__models__Qwen2_5-7B-Instruct/stage1: 365/1800 done, 2.4s/item, elapsed 14.5 min, VRAM peak 82.0%, ETA 2026-08-21 01:47:46 UTC (in 57.2 min)
2026-08-21 00:50:48 UTC INFO    __workspace___hf__models__Qwen2_5-7B-Instruct/stage1: 370/1800 done, 2.4s/item, elapsed 14.7 min, VRAM peak 82.0%, ETA 2026-08-21 01:47:39 UTC (in 56.9 min)
2026-08-21 00:50:58 UTC INFO    __workspace___hf__models__Qwen2_5-7B-Instruct/stage1: 375/1800 done, 2.4s/item, elapsed 14.9 min, VRAM peak 82.0%, ETA 2026-08-21 01:47:32 UTC (in 56.6 min)
2026-08-21 00:51:14 UTC INFO    __workspace___hf__models__Qwen2_5-7B-Instruct/stage1: 380/1800 done, 2.4s/item, elapsed 15.1 min, VRAM peak 82.0%, ETA 2026-08-21 01:47:49 UTC (in 56.6 min)
2026-08-21 00:51:27 UTC INFO    __workspace___hf__models__Qwen2_5-7B-Instruct/stage1: 385/1800 done, 2.4s/item, elapsed 15.4 min, VRAM peak 82.0%, ETA 2026-08-21 01:47:57 UTC (in 56.5 min)
2026-08-21 00:51:37 UTC INFO    __workspace___hf__models__Qwen2_5-7B-Instruct/stage1: 390/1800 done, 2.4s/item, elapsed 15.5 min, VRAM peak 82.0%, ETA 2026-08-21 01:47:48 UTC (in 56.2 min)
2026-08-21 00:51:48 UTC INFO    __workspace___hf__models__Qwen2_5-7B-Instruct/stage1: 395/1800 done, 2.4s/item, elapsed 15.7 min, VRAM peak 82.0%, ETA 2026-08-21 01:47:44 UTC (in 55.9 min)
2026-08-21 00:52:00 UTC INFO    __workspace___hf__models__Qwen2_5-7B-Instruct/stage1: 400/1800 done, 2.4s/item, elapsed 15.9 min, VRAM peak 82.0%, ETA 2026-08-21 01:47:42 UTC (in 55.7 min)
2026-08-21 00:52:11 UTC INFO    __workspace___hf__models__Qwen2_5-7B-Instruct/stage1: 405/1800 done, 2.4s/item, elapsed 16.1 min, VRAM peak 82.0%, ETA 2026-08-21 01:47:37 UTC (in 55.4 min)
2026-08-21 00:52:22 UTC INFO    __workspace___hf__models__Qwen2_5-7B-Instruct/stage1: 410/1800 done, 2.4s/item, elapsed 16.3 min, VRAM peak 82.0%, ETA 2026-08-21 01:47:34 UTC (in 55.2 min)
2026-08-21 00:52:33 UTC INFO    __workspace___hf__models__Qwen2_5-7B-Instruct/stage1: 415/1800 done, 2.4s/item, elapsed 16.5 min, VRAM peak 82.0%, ETA 2026-08-21 01:47:29 UTC (in 54.9 min)
2026-08-21 00:52:43 UTC INFO    __workspace___hf__models__Qwen2_5-7B-Instruct/stage1: 420/1800 done, 2.4s/item, elapsed 16.6 min, VRAM peak 82.0%, ETA 2026-08-21 01:47:23 UTC (in 54.7 min)
2026-08-21 00:52:54 UTC INFO    __workspace___hf__models__Qwen2_5-7B-Instruct/stage1: 425/1800 done, 2.4s/item, elapsed 16.8 min, VRAM peak 82.0%, ETA 2026-08-21 01:47:18 UTC (in 54.4 min)
2026-08-21 00:53:07 UTC INFO    __workspace___hf__models__Qwen2_5-7B-Instruct/stage1: 430/1800 done, 2.4s/item, elapsed 17.0 min, VRAM peak 82.0%, ETA 2026-08-21 01:47:22 UTC (in 54.2 min)
2026-08-21 00:53:18 UTC INFO    __workspace___hf__models__Qwen2_5-7B-Instruct/stage1: 435/1800 done, 2.4s/item, elapsed 17.2 min, VRAM peak 82.0%, ETA 2026-08-21 01:47:20 UTC (in 54.0 min)
2026-08-21 00:53:30 UTC INFO    __workspace___hf__models__Qwen2_5-7B-Instruct/stage1: 440/1800 done, 2.4s/item, elapsed 17.4 min, VRAM peak 82.0%, ETA 2026-08-21 01:47:19 UTC (in 53.8 min)
2026-08-21 00:53:41 UTC INFO    __workspace___hf__models__Qwen2_5-7B-Instruct/stage1: 445/1800 done, 2.4s/item, elapsed 17.6 min, VRAM peak 82.0%, ETA 2026-08-21 01:47:16 UTC (in 53.6 min)
2026-08-21 00:53:52 UTC INFO    __workspace___hf__models__Qwen2_5-7B-Instruct/stage1: 450/1800 done, 2.4s/item, elapsed 17.8 min, VRAM peak 82.5%, ETA 2026-08-21 01:47:14 UTC (in 53.4 min)
2026-08-21 00:54:04 UTC INFO    __workspace___hf__models__Qwen2_5-7B-Instruct/stage1: 455/1800 done, 2.4s/item, elapsed 18.0 min, VRAM peak 82.5%, ETA 2026-08-21 01:47:14 UTC (in 53.2 min)
2026-08-21 00:54:15 UTC INFO    __workspace___hf__models__Qwen2_5-7B-Instruct/stage1: 460/1800 done, 2.4s/item, elapsed 18.2 min, VRAM peak 82.5%, ETA 2026-08-21 01:47:11 UTC (in 52.9 min)
2026-08-21 00:54:26 UTC INFO    __workspace___hf__models__Qwen2_5-7B-Instruct/stage1: 465/1800 done, 2.4s/item, elapsed 18.3 min, VRAM peak 82.5%, ETA 2026-08-21 01:47:06 UTC (in 52.7 min)
2026-08-21 00:54:39 UTC INFO    __workspace___hf__models__Qwen2_5-7B-Instruct/stage1: 470/1800 done, 2.4s/item, elapsed 18.6 min, VRAM peak 82.5%, ETA 2026-08-21 01:47:13 UTC (in 52.6 min)
2026-08-21 00:54:49 UTC INFO    __workspace___hf__models__Qwen2_5-7B-Instruct/stage1: 475/1800 done, 2.4s/item, elapsed 18.7 min, VRAM peak 82.5%, ETA 2026-08-21 01:47:06 UTC (in 52.3 min)
2026-08-21 00:55:02 UTC INFO    __workspace___hf__models__Qwen2_5-7B-Instruct/stage1: 480/1800 done, 2.4s/item, elapsed 18.9 min, VRAM peak 82.5%, ETA 2026-08-21 01:47:08 UTC (in 52.1 min)
2026-08-21 00:55:14 UTC INFO    __workspace___hf__models__Qwen2_5-7B-Instruct/stage1: 485/1800 done, 2.4s/item, elapsed 19.1 min, VRAM peak 82.5%, ETA 2026-08-21 01:47:09 UTC (in 51.9 min)
2026-08-21 00:55:24 UTC INFO    __workspace___hf__models__Qwen2_5-7B-Instruct/stage1: 490/1800 done, 2.4s/item, elapsed 19.3 min, VRAM peak 82.5%, ETA 2026-08-21 01:47:04 UTC (in 51.7 min)
2026-08-21 00:55:35 UTC INFO    __workspace___hf__models__Qwen2_5-7B-Instruct/stage1: 495/1800 done, 2.4s/item, elapsed 19.5 min, VRAM peak 82.5%, ETA 2026-08-21 01:47:01 UTC (in 51.4 min)
2026-08-21 00:55:47 UTC INFO    __workspace___hf__models__Qwen2_5-7B-Instruct/stage1: 500/1800 done, 2.4s/item, elapsed 19.7 min, VRAM peak 82.5%, ETA 2026-08-21 01:47:01 UTC (in 51.2 min)
2026-08-21 00:56:01 UTC INFO    __workspace___hf__models__Qwen2_5-7B-Instruct/stage1: 505/1800 done, 2.4s/item, elapsed 19.9 min, VRAM peak 82.5%, ETA 2026-08-21 01:47:10 UTC (in 51.1 min)
2026-08-21 00:56:12 UTC INFO    __workspace___hf__models__Qwen2_5-7B-Instruct/stage1: 510/1800 done, 2.4s/item, elapsed 20.1 min, VRAM peak 82.5%, ETA 2026-08-21 01:47:05 UTC (in 50.9 min)
2026-08-21 00:56:24 UTC INFO    __workspace___hf__models__Qwen2_5-7B-Instruct/stage1: 515/1800 done, 2.4s/item, elapsed 20.3 min, VRAM peak 82.5%, ETA 2026-08-21 01:47:07 UTC (in 50.7 min)
2026-08-21 00:56:39 UTC INFO    __workspace___hf__models__Qwen2_5-7B-Instruct/stage1: 520/1800 done, 2.4s/item, elapsed 20.6 min, VRAM peak 82.5%, ETA 2026-08-21 01:47:16 UTC (in 50.6 min)
2026-08-21 00:56:51 UTC INFO    __workspace___hf__models__Qwen2_5-7B-Instruct/stage1: 525/1800 done, 2.4s/item, elapsed 20.8 min, VRAM peak 82.5%, ETA 2026-08-21 01:47:17 UTC (in 50.4 min)
2026-08-21 00:57:05 UTC INFO    __workspace___hf__models__Qwen2_5-7B-Instruct/stage1: 530/1800 done, 2.4s/item, elapsed 21.0 min, VRAM peak 82.5%, ETA 2026-08-21 01:47:24 UTC (in 50.3 min)
2026-08-21 00:57:15 UTC INFO    __workspace___hf__models__Qwen2_5-7B-Instruct/stage1: 535/1800 done, 2.4s/item, elapsed 21.2 min, VRAM peak 82.5%, ETA 2026-08-21 01:47:18 UTC (in 50.0 min)
2026-08-21 00:57:28 UTC INFO    __workspace___hf__models__Qwen2_5-7B-Instruct/stage1: 540/1800 done, 2.4s/item, elapsed 21.4 min, VRAM peak 82.5%, ETA 2026-08-21 01:47:20 UTC (in 49.9 min)
2026-08-21 00:57:37 UTC INFO    __workspace___hf__models__Qwen2_5-7B-Instruct/stage1: 545/1800 done, 2.4s/item, elapsed 21.5 min, VRAM peak 82.5%, ETA 2026-08-21 01:47:14 UTC (in 49.6 min)
2026-08-21 00:57:48 UTC INFO    __workspace___hf__models__Qwen2_5-7B-Instruct/stage1: 550/1800 done, 2.4s/item, elapsed 21.7 min, VRAM peak 82.5%, ETA 2026-08-21 01:47:11 UTC (in 49.4 min)
2026-08-21 00:58:00 UTC INFO    __workspace___hf__models__Qwen2_5-7B-Instruct/stage1: 555/1800 done, 2.4s/item, elapsed 21.9 min, VRAM peak 82.5%, ETA 2026-08-21 01:47:10 UTC (in 49.2 min)
2026-08-21 00:58:14 UTC INFO    __workspace___hf__models__Qwen2_5-7B-Instruct/stage1: 560/1800 done, 2.4s/item, elapsed 22.2 min, VRAM peak 82.5%, ETA 2026-08-21 01:47:18 UTC (in 49.1 min)
2026-08-21 00:58:28 UTC INFO    __workspace___hf__models__Qwen2_5-7B-Instruct/stage1: 565/1800 done, 2.4s/item, elapsed 22.4 min, VRAM peak 82.5%, ETA 2026-08-21 01:47:23 UTC (in 48.9 min)
2026-08-21 00:58:40 UTC INFO    __workspace___hf__models__Qwen2_5-7B-Instruct/stage1: 570/1800 done, 2.4s/item, elapsed 22.6 min, VRAM peak 82.5%, ETA 2026-08-21 01:47:23 UTC (in 48.7 min)
2026-08-21 00:58:51 UTC INFO    __workspace___hf__models__Qwen2_5-7B-Instruct/stage1: 575/1800 done, 2.4s/item, elapsed 22.8 min, VRAM peak 82.5%, ETA 2026-08-21 01:47:20 UTC (in 48.5 min)
2026-08-21 00:59:05 UTC INFO    __workspace___hf__models__Qwen2_5-7B-Instruct/stage1: 580/1800 done, 2.4s/item, elapsed 23.0 min, VRAM peak 82.5%, ETA 2026-08-21 01:47:26 UTC (in 48.4 min)
2026-08-21 00:59:17 UTC INFO    __workspace___hf__models__Qwen2_5-7B-Instruct/stage1: 585/1800 done, 2.4s/item, elapsed 23.2 min, VRAM peak 82.5%, ETA 2026-08-21 01:47:27 UTC (in 48.2 min)
2026-08-21 00:59:28 UTC INFO    __workspace___hf__models__Qwen2_5-7B-Instruct/stage1: 590/1800 done, 2.4s/item, elapsed 23.4 min, VRAM peak 82.5%, ETA 2026-08-21 01:47:27 UTC (in 48.0 min)
2026-08-21 00:59:42 UTC INFO    __workspace___hf__models__Qwen2_5-7B-Instruct/stage1: 595/1800 done, 2.4s/item, elapsed 23.6 min, VRAM peak 82.5%, ETA 2026-08-21 01:47:33 UTC (in 47.8 min)
2026-08-21 00:59:54 UTC INFO    __workspace___hf__models__Qwen2_5-7B-Instruct/stage1: 600/1800 done, 2.4s/item, elapsed 23.8 min, VRAM peak 82.5%, ETA 2026-08-21 01:47:32 UTC (in 47.6 min)
2026-08-21 01:00:05 UTC INFO    __workspace___hf__models__Qwen2_5-7B-Instruct/stage1: 605/1800 done, 2.4s/item, elapsed 24.0 min, VRAM peak 82.5%, ETA 2026-08-21 01:47:28 UTC (in 47.4 min)
2026-08-21 01:00:18 UTC INFO    __workspace___hf__models__Qwen2_5-7B-Instruct/stage1: 610/1800 done, 2.4s/item, elapsed 24.2 min, VRAM peak 82.5%, ETA 2026-08-21 01:47:31 UTC (in 47.2 min)
2026-08-21 01:00:28 UTC INFO    __workspace___hf__models__Qwen2_5-7B-Instruct/stage1: 615/1800 done, 2.4s/item, elapsed 24.4 min, VRAM peak 82.5%, ETA 2026-08-21 01:47:28 UTC (in 47.0 min)
2026-08-21 01:00:39 UTC INFO    __workspace___hf__models__Qwen2_5-7B-Instruct/stage1: 620/1800 done, 2.4s/item, elapsed 24.6 min, VRAM peak 82.5%, ETA 2026-08-21 01:47:25 UTC (in 46.8 min)
2026-08-21 01:00:50 UTC INFO    __workspace___hf__models__Qwen2_5-7B-Instruct/stage1: 625/1800 done, 2.4s/item, elapsed 24.7 min, VRAM peak 82.5%, ETA 2026-08-21 01:47:21 UTC (in 46.5 min)
2026-08-21 01:00:59 UTC INFO    __workspace___hf__models__Qwen2_5-7B-Instruct/stage1: 630/1800 done, 2.4s/item, elapsed 24.9 min, VRAM peak 82.5%, ETA 2026-08-21 01:47:13 UTC (in 46.2 min)
2026-08-21 01:01:09 UTC INFO    __workspace___hf__models__Qwen2_5-7B-Instruct/stage1: 635/1800 done, 2.4s/item, elapsed 25.1 min, VRAM peak 82.5%, ETA 2026-08-21 01:47:09 UTC (in 46.0 min)
2026-08-21 01:01:21 UTC INFO    __workspace___hf__models__Qwen2_5-7B-Instruct/stage1: 640/1800 done, 2.4s/item, elapsed 25.3 min, VRAM peak 82.5%, ETA 2026-08-21 01:47:09 UTC (in 45.8 min)
2026-08-21 01:01:33 UTC INFO    __workspace___hf__models__Qwen2_5-7B-Instruct/stage1: 645/1800 done, 2.4s/item, elapsed 25.5 min, VRAM peak 82.5%, ETA 2026-08-21 01:47:09 UTC (in 45.6 min)
2026-08-21 01:01:43 UTC INFO    __workspace___hf__models__Qwen2_5-7B-Instruct/stage1: 650/1800 done, 2.4s/item, elapsed 25.6 min, VRAM peak 82.5%, ETA 2026-08-21 01:47:05 UTC (in 45.4 min)
2026-08-21 01:01:55 UTC INFO    __workspace___hf__models__Qwen2_5-7B-Instruct/stage1: 655/1800 done, 2.4s/item, elapsed 25.8 min, VRAM peak 82.5%, ETA 2026-08-21 01:47:04 UTC (in 45.2 min)
2026-08-21 01:02:08 UTC INFO    __workspace___hf__models__Qwen2_5-7B-Instruct/stage1: 660/1800 done, 2.4s/item, elapsed 26.0 min, VRAM peak 82.5%, ETA 2026-08-21 01:47:06 UTC (in 45.0 min)
2026-08-21 01:02:19 UTC INFO    __workspace___hf__models__Qwen2_5-7B-Instruct/stage1: 665/1800 done, 2.4s/item, elapsed 26.2 min, VRAM peak 82.5%, ETA 2026-08-21 01:47:05 UTC (in 44.8 min)
2026-08-21 01:02:30 UTC INFO    __workspace___hf__models__Qwen2_5-7B-Instruct/stage1: 670/1800 done, 2.4s/item, elapsed 26.4 min, VRAM peak 82.5%, ETA 2026-08-21 01:47:04 UTC (in 44.6 min)
2026-08-21 01:02:42 UTC INFO    __workspace___hf__models__Qwen2_5-7B-Instruct/stage1: 675/1800 done, 2.4s/item, elapsed 26.6 min, VRAM peak 82.5%, ETA 2026-08-21 01:47:04 UTC (in 44.4 min)
2026-08-21 01:02:54 UTC INFO    __workspace___hf__models__Qwen2_5-7B-Instruct/stage1: 680/1800 done, 2.4s/item, elapsed 26.8 min, VRAM peak 82.5%, ETA 2026-08-21 01:47:04 UTC (in 44.2 min)
2026-08-21 01:03:07 UTC INFO    __workspace___hf__models__Qwen2_5-7B-Instruct/stage1: 685/1800 done, 2.4s/item, elapsed 27.0 min, VRAM peak 82.5%, ETA 2026-08-21 01:47:08 UTC (in 44.0 min)
2026-08-21 01:03:18 UTC INFO    __workspace___hf__models__Qwen2_5-7B-Instruct/stage1: 690/1800 done, 2.4s/item, elapsed 27.2 min, VRAM peak 82.5%, ETA 2026-08-21 01:47:06 UTC (in 43.8 min)
2026-08-21 01:03:33 UTC INFO    __workspace___hf__models__Qwen2_5-7B-Instruct/stage1: 695/1800 done, 2.4s/item, elapsed 27.5 min, VRAM peak 82.5%, ETA 2026-08-21 01:47:13 UTC (in 43.7 min)
2026-08-21 01:03:45 UTC INFO    __workspace___hf__models__Qwen2_5-7B-Instruct/stage1: 700/1800 done, 2.4s/item, elapsed 27.7 min, VRAM peak 82.5%, ETA 2026-08-21 01:47:14 UTC (in 43.5 min)
2026-08-21 01:03:55 UTC INFO    __workspace___hf__models__Qwen2_5-7B-Instruct/stage1: 705/1800 done, 2.4s/item, elapsed 27.8 min, VRAM peak 82.5%, ETA 2026-08-21 01:47:10 UTC (in 43.2 min)
2026-08-21 01:04:06 UTC INFO    __workspace___hf__models__Qwen2_5-7B-Instruct/stage1: 710/1800 done, 2.4s/item, elapsed 28.0 min, VRAM peak 82.5%, ETA 2026-08-21 01:47:08 UTC (in 43.0 min)
2026-08-21 01:04:17 UTC INFO    __workspace___hf__models__Qwen2_5-7B-Instruct/stage1: 715/1800 done, 2.4s/item, elapsed 28.2 min, VRAM peak 82.5%, ETA 2026-08-21 01:47:04 UTC (in 42.8 min)
2026-08-21 01:04:28 UTC INFO    __workspace___hf__models__Qwen2_5-7B-Instruct/stage1: 720/1800 done, 2.4s/item, elapsed 28.4 min, VRAM peak 82.5%, ETA 2026-08-21 01:47:02 UTC (in 42.6 min)
2026-08-21 01:04:40 UTC INFO    __workspace___hf__models__Qwen2_5-7B-Instruct/stage1: 725/1800 done, 2.4s/item, elapsed 28.6 min, VRAM peak 82.5%, ETA 2026-08-21 01:47:02 UTC (in 42.4 min)
2026-08-21 01:04:51 UTC INFO    __workspace___hf__models__Qwen2_5-7B-Instruct/stage1: 730/1800 done, 2.4s/item, elapsed 28.8 min, VRAM peak 82.5%, ETA 2026-08-21 01:47:01 UTC (in 42.2 min)
2026-08-21 01:05:02 UTC INFO    __workspace___hf__models__Qwen2_5-7B-Instruct/stage1: 735/1800 done, 2.4s/item, elapsed 29.0 min, VRAM peak 82.5%, ETA 2026-08-21 01:46:59 UTC (in 42.0 min)
2026-08-21 01:05:15 UTC INFO    __workspace___hf__models__Qwen2_5-7B-Instruct/stage1: 740/1800 done, 2.4s/item, elapsed 29.2 min, VRAM peak 82.5%, ETA 2026-08-21 01:47:03 UTC (in 41.8 min)
2026-08-21 01:05:29 UTC INFO    __workspace___hf__models__Qwen2_5-7B-Instruct/stage1: 745/1800 done, 2.4s/item, elapsed 29.4 min, VRAM peak 82.5%, ETA 2026-08-21 01:47:08 UTC (in 41.6 min)
2026-08-21 01:05:41 UTC INFO    __workspace___hf__models__Qwen2_5-7B-Instruct/stage1: 750/1800 done, 2.4s/item, elapsed 29.6 min, VRAM peak 82.5%, ETA 2026-08-21 01:47:08 UTC (in 41.4 min)
2026-08-21 01:05:53 UTC INFO    __workspace___hf__models__Qwen2_5-7B-Instruct/stage1: 755/1800 done, 2.4s/item, elapsed 29.8 min, VRAM peak 82.5%, ETA 2026-08-21 01:47:07 UTC (in 41.2 min)
2026-08-21 01:06:04 UTC INFO    __workspace___hf__models__Qwen2_5-7B-Instruct/stage1: 760/1800 done, 2.4s/item, elapsed 30.0 min, VRAM peak 82.5%, ETA 2026-08-21 01:47:06 UTC (in 41.0 min)
2026-08-21 01:06:15 UTC INFO    __workspace___hf__models__Qwen2_5-7B-Instruct/stage1: 765/1800 done, 2.4s/item, elapsed 30.2 min, VRAM peak 82.5%, ETA 2026-08-21 01:47:04 UTC (in 40.8 min)
2026-08-21 01:06:26 UTC INFO    __workspace___hf__models__Qwen2_5-7B-Instruct/stage1: 770/1800 done, 2.4s/item, elapsed 30.4 min, VRAM peak 82.5%, ETA 2026-08-21 01:47:02 UTC (in 40.6 min)
2026-08-21 01:06:38 UTC INFO    __workspace___hf__models__Qwen2_5-7B-Instruct/stage1: 775/1800 done, 2.4s/item, elapsed 30.6 min, VRAM peak 82.5%, ETA 2026-08-21 01:47:03 UTC (in 40.4 min)
2026-08-21 01:06:51 UTC INFO    __workspace___hf__models__Qwen2_5-7B-Instruct/stage1: 780/1800 done, 2.4s/item, elapsed 30.8 min, VRAM peak 82.5%, ETA 2026-08-21 01:47:06 UTC (in 40.2 min)
2026-08-21 01:07:05 UTC INFO    __workspace___hf__models__Qwen2_5-7B-Instruct/stage1: 785/1800 done, 2.4s/item, elapsed 31.0 min, VRAM peak 82.5%, ETA 2026-08-21 01:47:11 UTC (in 40.1 min)
2026-08-21 01:07:18 UTC INFO    __workspace___hf__models__Qwen2_5-7B-Instruct/stage1: 790/1800 done, 2.4s/item, elapsed 31.2 min, VRAM peak 82.5%, ETA 2026-08-21 01:47:12 UTC (in 39.9 min)
2026-08-21 01:07:34 UTC INFO    __workspace___hf__models__Qwen2_5-7B-Instruct/stage1: 795/1800 done, 2.4s/item, elapsed 31.5 min, VRAM peak 82.5%, ETA 2026-08-21 01:47:22 UTC (in 39.8 min)
2026-08-21 01:07:46 UTC INFO    __workspace___hf__models__Qwen2_5-7B-Instruct/stage1: 800/1800 done, 2.4s/item, elapsed 31.7 min, VRAM peak 82.5%, ETA 2026-08-21 01:47:23 UTC (in 39.6 min)
2026-08-21 01:07:56 UTC INFO    __workspace___hf__models__Qwen2_5-7B-Instruct/stage1: 805/1800 done, 2.4s/item, elapsed 31.9 min, VRAM peak 82.5%, ETA 2026-08-21 01:47:18 UTC (in 39.4 min)
2026-08-21 01:08:11 UTC INFO    __workspace___hf__models__Qwen2_5-7B-Instruct/stage1: 810/1800 done, 2.4s/item, elapsed 32.1 min, VRAM peak 82.5%, ETA 2026-08-21 01:47:24 UTC (in 39.2 min)
2026-08-21 01:08:23 UTC INFO    __workspace___hf__models__Qwen2_5-7B-Instruct/stage1: 815/1800 done, 2.4s/item, elapsed 32.3 min, VRAM peak 82.5%, ETA 2026-08-21 01:47:26 UTC (in 39.0 min)
2026-08-21 01:08:35 UTC INFO    __workspace___hf__models__Qwen2_5-7B-Instruct/stage1: 820/1800 done, 2.4s/item, elapsed 32.5 min, VRAM peak 82.5%, ETA 2026-08-21 01:47:25 UTC (in 38.8 min)
2026-08-21 01:08:47 UTC INFO    __workspace___hf__models__Qwen2_5-7B-Instruct/stage1: 825/1800 done, 2.4s/item, elapsed 32.7 min, VRAM peak 82.5%, ETA 2026-08-21 01:47:25 UTC (in 38.6 min)
2026-08-21 01:08:59 UTC INFO    __workspace___hf__models__Qwen2_5-7B-Instruct/stage1: 830/1800 done, 2.4s/item, elapsed 32.9 min, VRAM peak 82.5%, ETA 2026-08-21 01:47:26 UTC (in 38.4 min)
2026-08-21 01:09:10 UTC INFO    __workspace___hf__models__Qwen2_5-7B-Instruct/stage1: 835/1800 done, 2.4s/item, elapsed 33.1 min, VRAM peak 82.5%, ETA 2026-08-21 01:47:24 UTC (in 38.2 min)
2026-08-21 01:09:23 UTC INFO    __workspace___hf__models__Qwen2_5-7B-Instruct/stage1: 840/1800 done, 2.4s/item, elapsed 33.3 min, VRAM peak 82.5%, ETA 2026-08-21 01:47:27 UTC (in 38.1 min)
2026-08-21 01:09:36 UTC INFO    __workspace___hf__models__Qwen2_5-7B-Instruct/stage1: 845/1800 done, 2.4s/item, elapsed 33.5 min, VRAM peak 82.5%, ETA 2026-08-21 01:47:28 UTC (in 37.9 min)
2026-08-21 01:09:47 UTC INFO    __workspace___hf__models__Qwen2_5-7B-Instruct/stage1: 850/1800 done, 2.4s/item, elapsed 33.7 min, VRAM peak 82.5%, ETA 2026-08-21 01:47:27 UTC (in 37.7 min)
2026-08-21 01:10:00 UTC INFO    __workspace___hf__models__Qwen2_5-7B-Instruct/stage1: 855/1800 done, 2.4s/item, elapsed 33.9 min, VRAM peak 82.5%, ETA 2026-08-21 01:47:28 UTC (in 37.5 min)
2026-08-21 01:10:10 UTC INFO    __workspace___hf__models__Qwen2_5-7B-Instruct/stage1: 860/1800 done, 2.4s/item, elapsed 34.1 min, VRAM peak 82.5%, ETA 2026-08-21 01:47:26 UTC (in 37.3 min)
2026-08-21 01:10:21 UTC INFO    __workspace___hf__models__Qwen2_5-7B-Instruct/stage1: 865/1800 done, 2.4s/item, elapsed 34.3 min, VRAM peak 82.5%, ETA 2026-08-21 01:47:23 UTC (in 37.0 min)
2026-08-21 01:10:36 UTC INFO    __workspace___hf__models__Qwen2_5-7B-Instruct/stage1: 870/1800 done, 2.4s/item, elapsed 34.5 min, VRAM peak 82.5%, ETA 2026-08-21 01:47:29 UTC (in 36.9 min)
2026-08-21 01:10:47 UTC INFO    __workspace___hf__models__Qwen2_5-7B-Instruct/stage1: 875/1800 done, 2.4s/item, elapsed 34.7 min, VRAM peak 82.5%, ETA 2026-08-21 01:47:28 UTC (in 36.7 min)
2026-08-21 01:11:00 UTC INFO    __workspace___hf__models__Qwen2_5-7B-Instruct/stage1: 880/1800 done, 2.4s/item, elapsed 34.9 min, VRAM peak 82.5%, ETA 2026-08-21 01:47:30 UTC (in 36.5 min)
2026-08-21 01:11:09 UTC INFO    __workspace___hf__models__Qwen2_5-7B-Instruct/stage1: 885/1800 done, 2.4s/item, elapsed 35.1 min, VRAM peak 82.5%, ETA 2026-08-21 01:47:25 UTC (in 36.3 min)
2026-08-21 01:11:19 UTC INFO    __workspace___hf__models__Qwen2_5-7B-Instruct/stage1: 890/1800 done, 2.4s/item, elapsed 35.2 min, VRAM peak 82.5%, ETA 2026-08-21 01:47:20 UTC (in 36.0 min)
2026-08-21 01:11:30 UTC INFO    __workspace___hf__models__Qwen2_5-7B-Instruct/stage1: 895/1800 done, 2.4s/item, elapsed 35.4 min, VRAM peak 82.5%, ETA 2026-08-21 01:47:18 UTC (in 35.8 min)
2026-08-21 01:11:42 UTC INFO    __workspace___hf__models__Qwen2_5-7B-Instruct/stage1: 900/1800 done, 2.4s/item, elapsed 35.6 min, VRAM peak 82.5%, ETA 2026-08-21 01:47:18 UTC (in 35.6 min)
2026-08-21 01:11:55 UTC INFO    __workspace___hf__models__Qwen2_5-7B-Instruct/stage1: 905/1800 done, 2.4s/item, elapsed 35.8 min, VRAM peak 82.5%, ETA 2026-08-21 01:47:20 UTC (in 35.4 min)
2026-08-21 01:12:08 UTC INFO    __workspace___hf__models__Qwen2_5-7B-Instruct/stage1: 910/1800 done, 2.4s/item, elapsed 36.0 min, VRAM peak 82.5%, ETA 2026-08-21 01:47:23 UTC (in 35.3 min)
2026-08-21 01:12:21 UTC INFO    __workspace___hf__models__Qwen2_5-7B-Instruct/stage1: 915/1800 done, 2.4s/item, elapsed 36.3 min, VRAM peak 82.5%, ETA 2026-08-21 01:47:26 UTC (in 35.1 min)
2026-08-21 01:12:34 UTC INFO    __workspace___hf__models__Qwen2_5-7B-Instruct/stage1: 920/1800 done, 2.4s/item, elapsed 36.5 min, VRAM peak 82.5%, ETA 2026-08-21 01:47:28 UTC (in 34.9 min)
2026-08-21 01:12:47 UTC INFO    __workspace___hf__models__Qwen2_5-7B-Instruct/stage1: 925/1800 done, 2.4s/item, elapsed 36.7 min, VRAM peak 82.5%, ETA 2026-08-21 01:47:31 UTC (in 34.7 min)
2026-08-21 01:12:58 UTC INFO    __workspace___hf__models__Qwen2_5-7B-Instruct/stage1: 930/1800 done, 2.4s/item, elapsed 36.9 min, VRAM peak 82.5%, ETA 2026-08-21 01:47:28 UTC (in 34.5 min)
2026-08-21 01:13:08 UTC INFO    __workspace___hf__models__Qwen2_5-7B-Instruct/stage1: 935/1800 done, 2.4s/item, elapsed 37.0 min, VRAM peak 82.5%, ETA 2026-08-21 01:47:24 UTC (in 34.3 min)
2026-08-21 01:13:21 UTC INFO    __workspace___hf__models__Qwen2_5-7B-Instruct/stage1: 940/1800 done, 2.4s/item, elapsed 37.3 min, VRAM peak 82.5%, ETA 2026-08-21 01:47:26 UTC (in 34.1 min)
2026-08-21 01:13:32 UTC INFO    __workspace___hf__models__Qwen2_5-7B-Instruct/stage1: 945/1800 done, 2.4s/item, elapsed 37.5 min, VRAM peak 82.5%, ETA 2026-08-21 01:47:25 UTC (in 33.9 min)
2026-08-21 01:13:45 UTC INFO    __workspace___hf__models__Qwen2_5-7B-Instruct/stage1: 950/1800 done, 2.4s/item, elapsed 37.7 min, VRAM peak 82.5%, ETA 2026-08-21 01:47:28 UTC (in 33.7 min)
2026-08-21 01:13:59 UTC INFO    __workspace___hf__models__Qwen2_5-7B-Instruct/stage1: 955/1800 done, 2.4s/item, elapsed 37.9 min, VRAM peak 82.5%, ETA 2026-08-21 01:47:31 UTC (in 33.5 min)
2026-08-21 01:14:11 UTC INFO    __workspace___hf__models__Qwen2_5-7B-Instruct/stage1: 960/1800 done, 2.4s/item, elapsed 38.1 min, VRAM peak 82.5%, ETA 2026-08-21 01:47:31 UTC (in 33.3 min)
2026-08-21 01:14:22 UTC INFO    __workspace___hf__models__Qwen2_5-7B-Instruct/stage1: 965/1800 done, 2.4s/item, elapsed 38.3 min, VRAM peak 82.5%, ETA 2026-08-21 01:47:29 UTC (in 33.1 min)
2026-08-21 01:14:33 UTC INFO    __workspace___hf__models__Qwen2_5-7B-Instruct/stage1: 970/1800 done, 2.4s/item, elapsed 38.5 min, VRAM peak 82.5%, ETA 2026-08-21 01:47:29 UTC (in 32.9 min)
2026-08-21 01:14:44 UTC INFO    __workspace___hf__models__Qwen2_5-7B-Instruct/stage1: 975/1800 done, 2.4s/item, elapsed 38.7 min, VRAM peak 82.5%, ETA 2026-08-21 01:47:26 UTC (in 32.7 min)
2026-08-21 01:14:56 UTC INFO    __workspace___hf__models__Qwen2_5-7B-Instruct/stage1: 980/1800 done, 2.4s/item, elapsed 38.8 min, VRAM peak 82.5%, ETA 2026-08-21 01:47:26 UTC (in 32.5 min)
2026-08-21 01:15:07 UTC INFO    __workspace___hf__models__Qwen2_5-7B-Instruct/stage1: 985/1800 done, 2.4s/item, elapsed 39.0 min, VRAM peak 82.5%, ETA 2026-08-21 01:47:25 UTC (in 32.3 min)
2026-08-21 01:15:20 UTC INFO    __workspace___hf__models__Qwen2_5-7B-Instruct/stage1: 990/1800 done, 2.4s/item, elapsed 39.3 min, VRAM peak 82.5%, ETA 2026-08-21 01:47:28 UTC (in 32.1 min)
2026-08-21 01:15:33 UTC INFO    __workspace___hf__models__Qwen2_5-7B-Instruct/stage1: 995/1800 done, 2.4s/item, elapsed 39.5 min, VRAM peak 82.5%, ETA 2026-08-21 01:47:29 UTC (in 31.9 min)
2026-08-21 01:15:44 UTC INFO    __workspace___hf__models__Qwen2_5-7B-Instruct/stage1: 1000/1800 done, 2.4s/item, elapsed 39.7 min, VRAM peak 82.5%, ETA 2026-08-21 01:47:28 UTC (in 31.7 min)
2026-08-21 01:15:58 UTC INFO    __workspace___hf__models__Qwen2_5-7B-Instruct/stage1: 1005/1800 done, 2.4s/item, elapsed 39.9 min, VRAM peak 82.5%, ETA 2026-08-21 01:47:30 UTC (in 31.5 min)
2026-08-21 01:16:09 UTC INFO    __workspace___hf__models__Qwen2_5-7B-Instruct/stage1: 1010/1800 done, 2.4s/item, elapsed 40.1 min, VRAM peak 82.5%, ETA 2026-08-21 01:47:29 UTC (in 31.3 min)
2026-08-21 01:16:20 UTC INFO    __workspace___hf__models__Qwen2_5-7B-Instruct/stage1: 1015/1800 done, 2.4s/item, elapsed 40.3 min, VRAM peak 82.5%, ETA 2026-08-21 01:47:28 UTC (in 31.1 min)
2026-08-21 01:16:31 UTC INFO    __workspace___hf__models__Qwen2_5-7B-Instruct/stage1: 1020/1800 done, 2.4s/item, elapsed 40.4 min, VRAM peak 82.5%, ETA 2026-08-21 01:47:26 UTC (in 30.9 min)
2026-08-21 01:16:42 UTC INFO    __workspace___hf__models__Qwen2_5-7B-Instruct/stage1: 1025/1800 done, 2.4s/item, elapsed 40.6 min, VRAM peak 82.5%, ETA 2026-08-21 01:47:24 UTC (in 30.7 min)
2026-08-21 01:16:54 UTC INFO    __workspace___hf__models__Qwen2_5-7B-Instruct/stage1: 1030/1800 done, 2.4s/item, elapsed 40.8 min, VRAM peak 82.5%, ETA 2026-08-21 01:47:25 UTC (in 30.5 min)
2026-08-21 01:17:06 UTC INFO    __workspace___hf__models__Qwen2_5-7B-Instruct/stage1: 1035/1800 done, 2.4s/item, elapsed 41.0 min, VRAM peak 82.5%, ETA 2026-08-21 01:47:26 UTC (in 30.3 min)
2026-08-21 01:17:18 UTC INFO    __workspace___hf__models__Qwen2_5-7B-Instruct/stage1: 1040/1800 done, 2.4s/item, elapsed 41.2 min, VRAM peak 82.5%, ETA 2026-08-21 01:47:24 UTC (in 30.1 min)
2026-08-21 01:17:29 UTC INFO    __workspace___hf__models__Qwen2_5-7B-Instruct/stage1: 1045/1800 done, 2.4s/item, elapsed 41.4 min, VRAM peak 82.5%, ETA 2026-08-21 01:47:24 UTC (in 29.9 min)
2026-08-21 01:17:42 UTC INFO    __workspace___hf__models__Qwen2_5-7B-Instruct/stage1: 1050/1800 done, 2.4s/item, elapsed 41.6 min, VRAM peak 82.5%, ETA 2026-08-21 01:47:26 UTC (in 29.7 min)
2026-08-21 01:17:52 UTC INFO    __workspace___hf__models__Qwen2_5-7B-Instruct/stage1: 1055/1800 done, 2.4s/item, elapsed 41.8 min, VRAM peak 82.5%, ETA 2026-08-21 01:47:23 UTC (in 29.5 min)
2026-08-21 01:18:05 UTC INFO    __workspace___hf__models__Qwen2_5-7B-Instruct/stage1: 1060/1800 done, 2.4s/item, elapsed 42.0 min, VRAM peak 82.5%, ETA 2026-08-21 01:47:25 UTC (in 29.3 min)
2026-08-21 01:18:16 UTC INFO    __workspace___hf__models__Qwen2_5-7B-Instruct/stage1: 1065/1800 done, 2.4s/item, elapsed 42.2 min, VRAM peak 82.5%, ETA 2026-08-21 01:47:23 UTC (in 29.1 min)
2026-08-21 01:18:28 UTC INFO    __workspace___hf__models__Qwen2_5-7B-Instruct/stage1: 1070/1800 done, 2.4s/item, elapsed 42.4 min, VRAM peak 82.5%, ETA 2026-08-21 01:47:23 UTC (in 28.9 min)
2026-08-21 01:18:42 UTC INFO    __workspace___hf__models__Qwen2_5-7B-Instruct/stage1: 1075/1800 done, 2.4s/item, elapsed 42.6 min, VRAM peak 82.5%, ETA 2026-08-21 01:47:27 UTC (in 28.7 min)
2026-08-21 01:18:52 UTC INFO    __workspace___hf__models__Qwen2_5-7B-Instruct/stage1: 1080/1800 done, 2.4s/item, elapsed 42.8 min, VRAM peak 82.5%, ETA 2026-08-21 01:47:24 UTC (in 28.5 min)
2026-08-21 01:19:04 UTC INFO    __workspace___hf__models__Qwen2_5-7B-Instruct/stage1: 1085/1800 done, 2.4s/item, elapsed 43.0 min, VRAM peak 82.5%, ETA 2026-08-21 01:47:24 UTC (in 28.3 min)
2026-08-21 01:19:18 UTC INFO    __workspace___hf__models__Qwen2_5-7B-Instruct/stage1: 1090/1800 done, 2.4s/item, elapsed 43.2 min, VRAM peak 82.5%, ETA 2026-08-21 01:47:26 UTC (in 28.1 min)
2026-08-21 01:19:29 UTC INFO    __workspace___hf__models__Qwen2_5-7B-Instruct/stage1: 1095/1800 done, 2.4s/item, elapsed 43.4 min, VRAM peak 82.5%, ETA 2026-08-21 01:47:26 UTC (in 27.9 min)
2026-08-21 01:19:38 UTC INFO    __workspace___hf__models__Qwen2_5-7B-Instruct/stage1: 1100/1800 done, 2.4s/item, elapsed 43.6 min, VRAM peak 82.5%, ETA 2026-08-21 01:47:22 UTC (in 27.7 min)
2026-08-21 01:19:50 UTC INFO    __workspace___hf__models__Qwen2_5-7B-Instruct/stage1: 1105/1800 done, 2.4s/item, elapsed 43.8 min, VRAM peak 82.5%, ETA 2026-08-21 01:47:21 UTC (in 27.5 min)
2026-08-21 01:20:01 UTC INFO    __workspace___hf__models__Qwen2_5-7B-Instruct/stage1: 1110/1800 done, 2.4s/item, elapsed 43.9 min, VRAM peak 82.5%, ETA 2026-08-21 01:47:20 UTC (in 27.3 min)
2026-08-21 01:20:14 UTC INFO    __workspace___hf__models__Qwen2_5-7B-Instruct/stage1: 1115/1800 done, 2.4s/item, elapsed 44.1 min, VRAM peak 82.5%, ETA 2026-08-21 01:47:21 UTC (in 27.1 min)
2026-08-21 01:20:27 UTC INFO    __workspace___hf__models__Qwen2_5-7B-Instruct/stage1: 1120/1800 done, 2.4s/item, elapsed 44.4 min, VRAM peak 82.5%, ETA 2026-08-21 01:47:23 UTC (in 26.9 min)
2026-08-21 01:20:38 UTC INFO    __workspace___hf__models__Qwen2_5-7B-Instruct/stage1: 1125/1800 done, 2.4s/item, elapsed 44.6 min, VRAM peak 82.5%, ETA 2026-08-21 01:47:22 UTC (in 26.7 min)
2026-08-21 01:20:48 UTC INFO    __workspace___hf__models__Qwen2_5-7B-Instruct/stage1: 1130/1800 done, 2.4s/item, elapsed 44.7 min, VRAM peak 82.5%, ETA 2026-08-21 01:47:18 UTC (in 26.5 min)
2026-08-21 01:20:59 UTC INFO    __workspace___hf__models__Qwen2_5-7B-Instruct/stage1: 1135/1800 done, 2.4s/item, elapsed 44.9 min, VRAM peak 82.5%, ETA 2026-08-21 01:47:18 UTC (in 26.3 min)
2026-08-21 01:21:12 UTC INFO    __workspace___hf__models__Qwen2_5-7B-Instruct/stage1: 1140/1800 done, 2.4s/item, elapsed 45.1 min, VRAM peak 82.5%, ETA 2026-08-21 01:47:20 UTC (in 26.1 min)
2026-08-21 01:21:23 UTC INFO    __workspace___hf__models__Qwen2_5-7B-Instruct/stage1: 1145/1800 done, 2.4s/item, elapsed 45.3 min, VRAM peak 82.5%, ETA 2026-08-21 01:47:18 UTC (in 25.9 min)
2026-08-21 01:21:34 UTC INFO    __workspace___hf__models__Qwen2_5-7B-Instruct/stage1: 1150/1800 done, 2.4s/item, elapsed 45.5 min, VRAM peak 82.5%, ETA 2026-08-21 01:47:16 UTC (in 25.7 min)
2026-08-21 01:21:44 UTC INFO    __workspace___hf__models__Qwen2_5-7B-Instruct/stage1: 1155/1800 done, 2.4s/item, elapsed 45.6 min, VRAM peak 82.5%, ETA 2026-08-21 01:47:13 UTC (in 25.5 min)
2026-08-21 01:21:56 UTC INFO    __workspace___hf__models__Qwen2_5-7B-Instruct/stage1: 1160/1800 done, 2.4s/item, elapsed 45.9 min, VRAM peak 82.5%, ETA 2026-08-21 01:47:14 UTC (in 25.3 min)
2026-08-21 01:22:08 UTC INFO    __workspace___hf__models__Qwen2_5-7B-Instruct/stage1: 1165/1800 done, 2.4s/item, elapsed 46.0 min, VRAM peak 82.5%, ETA 2026-08-21 01:47:14 UTC (in 25.1 min)
2026-08-21 01:22:18 UTC INFO    __workspace___hf__models__Qwen2_5-7B-Instruct/stage1: 1170/1800 done, 2.4s/item, elapsed 46.2 min, VRAM peak 82.5%, ETA 2026-08-21 01:47:11 UTC (in 24.9 min)
2026-08-21 01:22:31 UTC INFO    __workspace___hf__models__Qwen2_5-7B-Instruct/stage1: 1175/1800 done, 2.4s/item, elapsed 46.4 min, VRAM peak 82.5%, ETA 2026-08-21 01:47:13 UTC (in 24.7 min)
2026-08-21 01:22:42 UTC INFO    __workspace___hf__models__Qwen2_5-7B-Instruct/stage1: 1180/1800 done, 2.4s/item, elapsed 46.6 min, VRAM peak 82.5%, ETA 2026-08-21 01:47:11 UTC (in 24.5 min)
2026-08-21 01:22:53 UTC INFO    __workspace___hf__models__Qwen2_5-7B-Instruct/stage1: 1185/1800 done, 2.4s/item, elapsed 46.8 min, VRAM peak 82.5%, ETA 2026-08-21 01:47:11 UTC (in 24.3 min)
2026-08-21 01:23:06 UTC INFO    __workspace___hf__models__Qwen2_5-7B-Instruct/stage1: 1190/1800 done, 2.4s/item, elapsed 47.0 min, VRAM peak 82.5%, ETA 2026-08-21 01:47:12 UTC (in 24.1 min)
2026-08-21 01:23:18 UTC INFO    __workspace___hf__models__Qwen2_5-7B-Instruct/stage1: 1195/1800 done, 2.4s/item, elapsed 47.2 min, VRAM peak 82.5%, ETA 2026-08-21 01:47:12 UTC (in 23.9 min)
2026-08-21 01:23:28 UTC INFO    __workspace___hf__models__Qwen2_5-7B-Instruct/stage1: 1200/1800 done, 2.4s/item, elapsed 47.4 min, VRAM peak 82.5%, ETA 2026-08-21 01:47:09 UTC (in 23.7 min)
2026-08-21 01:23:39 UTC INFO    __workspace___hf__models__Qwen2_5-7B-Instruct/stage1: 1205/1800 done, 2.4s/item, elapsed 47.6 min, VRAM peak 82.5%, ETA 2026-08-21 01:47:09 UTC (in 23.5 min)
2026-08-21 01:23:49 UTC INFO    __workspace___hf__models__Qwen2_5-7B-Instruct/stage1: 1210/1800 done, 2.4s/item, elapsed 47.7 min, VRAM peak 82.5%, ETA 2026-08-21 01:47:06 UTC (in 23.3 min)
2026-08-21 01:24:02 UTC INFO    __workspace___hf__models__Qwen2_5-7B-Instruct/stage1: 1215/1800 done, 2.4s/item, elapsed 47.9 min, VRAM peak 82.5%, ETA 2026-08-21 01:47:07 UTC (in 23.1 min)
2026-08-21 01:24:13 UTC INFO    __workspace___hf__models__Qwen2_5-7B-Instruct/stage1: 1220/1800 done, 2.4s/item, elapsed 48.1 min, VRAM peak 82.5%, ETA 2026-08-21 01:47:07 UTC (in 22.9 min)
2026-08-21 01:24:25 UTC INFO    __workspace___hf__models__Qwen2_5-7B-Instruct/stage1: 1225/1800 done, 2.4s/item, elapsed 48.3 min, VRAM peak 82.5%, ETA 2026-08-21 01:47:06 UTC (in 22.7 min)
2026-08-21 01:24:36 UTC INFO    __workspace___hf__models__Qwen2_5-7B-Instruct/stage1: 1230/1800 done, 2.4s/item, elapsed 48.5 min, VRAM peak 82.5%, ETA 2026-08-21 01:47:05 UTC (in 22.5 min)
2026-08-21 01:24:48 UTC INFO    __workspace___hf__models__Qwen2_5-7B-Instruct/stage1: 1235/1800 done, 2.4s/item, elapsed 48.7 min, VRAM peak 82.5%, ETA 2026-08-21 01:47:05 UTC (in 22.3 min)
2026-08-21 01:24:59 UTC INFO    __workspace___hf__models__Qwen2_5-7B-Instruct/stage1: 1240/1800 done, 2.4s/item, elapsed 48.9 min, VRAM peak 82.5%, ETA 2026-08-21 01:47:04 UTC (in 22.1 min)
2026-08-21 01:25:11 UTC INFO    __workspace___hf__models__Qwen2_5-7B-Instruct/stage1: 1245/1800 done, 2.4s/item, elapsed 49.1 min, VRAM peak 82.5%, ETA 2026-08-21 01:47:04 UTC (in 21.9 min)
2026-08-21 01:25:21 UTC INFO    __workspace___hf__models__Qwen2_5-7B-Instruct/stage1: 1250/1800 done, 2.4s/item, elapsed 49.3 min, VRAM peak 82.5%, ETA 2026-08-21 01:47:02 UTC (in 21.7 min)
2026-08-21 01:25:32 UTC INFO    __workspace___hf__models__Qwen2_5-7B-Instruct/stage1: 1255/1800 done, 2.4s/item, elapsed 49.4 min, VRAM peak 82.5%, ETA 2026-08-21 01:47:00 UTC (in 21.5 min)
2026-08-21 01:25:45 UTC INFO    __workspace___hf__models__Qwen2_5-7B-Instruct/stage1: 1260/1800 done, 2.4s/item, elapsed 49.7 min, VRAM peak 82.5%, ETA 2026-08-21 01:47:01 UTC (in 21.3 min)
2026-08-21 01:25:55 UTC INFO    __workspace___hf__models__Qwen2_5-7B-Instruct/stage1: 1265/1800 done, 2.4s/item, elapsed 49.8 min, VRAM peak 82.5%, ETA 2026-08-21 01:47:00 UTC (in 21.1 min)
2026-08-21 01:26:06 UTC INFO    __workspace___hf__models__Qwen2_5-7B-Instruct/stage1: 1270/1800 done, 2.4s/item, elapsed 50.0 min, VRAM peak 82.5%, ETA 2026-08-21 01:46:58 UTC (in 20.9 min)
2026-08-21 01:26:20 UTC INFO    __workspace___hf__models__Qwen2_5-7B-Instruct/stage1: 1275/1800 done, 2.4s/item, elapsed 50.3 min, VRAM peak 82.5%, ETA 2026-08-21 01:47:01 UTC (in 20.7 min)
2026-08-21 01:26:31 UTC INFO    __workspace___hf__models__Qwen2_5-7B-Instruct/stage1: 1280/1800 done, 2.4s/item, elapsed 50.4 min, VRAM peak 82.5%, ETA 2026-08-21 01:47:00 UTC (in 20.5 min)
2026-08-21 01:26:42 UTC INFO    __workspace___hf__models__Qwen2_5-7B-Instruct/stage1: 1285/1800 done, 2.4s/item, elapsed 50.6 min, VRAM peak 82.5%, ETA 2026-08-21 01:47:00 UTC (in 20.3 min)
2026-08-21 01:26:54 UTC INFO    __workspace___hf__models__Qwen2_5-7B-Instruct/stage1: 1290/1800 done, 2.4s/item, elapsed 50.8 min, VRAM peak 82.5%, ETA 2026-08-21 01:46:59 UTC (in 20.1 min)
2026-08-21 01:27:07 UTC INFO    __workspace___hf__models__Qwen2_5-7B-Instruct/stage1: 1295/1800 done, 2.4s/item, elapsed 51.0 min, VRAM peak 82.5%, ETA 2026-08-21 01:47:01 UTC (in 19.9 min)
2026-08-21 01:27:20 UTC INFO    __workspace___hf__models__Qwen2_5-7B-Instruct/stage1: 1300/1800 done, 2.4s/item, elapsed 51.3 min, VRAM peak 82.5%, ETA 2026-08-21 01:47:03 UTC (in 19.7 min)
2026-08-21 01:27:31 UTC INFO    __workspace___hf__models__Qwen2_5-7B-Instruct/stage1: 1305/1800 done, 2.4s/item, elapsed 51.4 min, VRAM peak 82.5%, ETA 2026-08-21 01:47:01 UTC (in 19.5 min)
2026-08-21 01:27:42 UTC INFO    __workspace___hf__models__Qwen2_5-7B-Instruct/stage1: 1310/1800 done, 2.4s/item, elapsed 51.6 min, VRAM peak 82.5%, ETA 2026-08-21 01:47:00 UTC (in 19.3 min)
2026-08-21 01:27:52 UTC INFO    __workspace___hf__models__Qwen2_5-7B-Instruct/stage1: 1315/1800 done, 2.4s/item, elapsed 51.8 min, VRAM peak 82.5%, ETA 2026-08-21 01:46:58 UTC (in 19.1 min)
2026-08-21 01:28:06 UTC INFO    __workspace___hf__models__Qwen2_5-7B-Instruct/stage1: 1320/1800 done, 2.4s/item, elapsed 52.0 min, VRAM peak 82.5%, ETA 2026-08-21 01:47:01 UTC (in 18.9 min)
2026-08-21 01:28:17 UTC INFO    __workspace___hf__models__Qwen2_5-7B-Instruct/stage1: 1325/1800 done, 2.4s/item, elapsed 52.2 min, VRAM peak 82.5%, ETA 2026-08-21 01:47:00 UTC (in 18.7 min)
2026-08-21 01:28:30 UTC INFO    __workspace___hf__models__Qwen2_5-7B-Instruct/stage1: 1330/1800 done, 2.4s/item, elapsed 52.4 min, VRAM peak 82.5%, ETA 2026-08-21 01:47:01 UTC (in 18.5 min)
2026-08-21 01:28:41 UTC INFO    __workspace___hf__models__Qwen2_5-7B-Instruct/stage1: 1335/1800 done, 2.4s/item, elapsed 52.6 min, VRAM peak 82.5%, ETA 2026-08-21 01:47:00 UTC (in 18.3 min)
2026-08-21 01:28:55 UTC INFO    __workspace___hf__models__Qwen2_5-7B-Instruct/stage1: 1340/1800 done, 2.4s/item, elapsed 52.8 min, VRAM peak 82.5%, ETA 2026-08-21 01:47:04 UTC (in 18.1 min)
2026-08-21 01:29:09 UTC INFO    __workspace___hf__models__Qwen2_5-7B-Instruct/stage1: 1345/1800 done, 2.4s/item, elapsed 53.1 min, VRAM peak 82.5%, ETA 2026-08-21 01:47:06 UTC (in 18.0 min)
2026-08-21 01:29:20 UTC INFO    __workspace___hf__models__Qwen2_5-7B-Instruct/stage1: 1350/1800 done, 2.4s/item, elapsed 53.2 min, VRAM peak 82.5%, ETA 2026-08-21 01:47:04 UTC (in 17.7 min)
2026-08-21 01:29:33 UTC INFO    __workspace___hf__models__Qwen2_5-7B-Instruct/stage1: 1355/1800 done, 2.4s/item, elapsed 53.5 min, VRAM peak 82.5%, ETA 2026-08-21 01:47:06 UTC (in 17.6 min)
2026-08-21 01:29:44 UTC INFO    __workspace___hf__models__Qwen2_5-7B-Instruct/stage1: 1360/1800 done, 2.4s/item, elapsed 53.6 min, VRAM peak 82.5%, ETA 2026-08-21 01:47:05 UTC (in 17.4 min)
2026-08-21 01:29:55 UTC INFO    __workspace___hf__models__Qwen2_5-7B-Instruct/stage1: 1365/1800 done, 2.4s/item, elapsed 53.8 min, VRAM peak 82.5%, ETA 2026-08-21 01:47:04 UTC (in 17.2 min)
2026-08-21 01:30:05 UTC INFO    __workspace___hf__models__Qwen2_5-7B-Instruct/stage1: 1370/1800 done, 2.4s/item, elapsed 54.0 min, VRAM peak 82.5%, ETA 2026-08-21 01:47:02 UTC (in 17.0 min)
2026-08-21 01:30:16 UTC INFO    __workspace___hf__models__Qwen2_5-7B-Instruct/stage1: 1375/1800 done, 2.4s/item, elapsed 54.2 min, VRAM peak 82.5%, ETA 2026-08-21 01:47:01 UTC (in 16.7 min)
2026-08-21 01:30:32 UTC INFO    __workspace___hf__models__Qwen2_5-7B-Instruct/stage1: 1380/1800 done, 2.4s/item, elapsed 54.4 min, VRAM peak 83.1%, ETA 2026-08-21 01:47:06 UTC (in 16.6 min)
2026-08-21 01:30:42 UTC INFO    __workspace___hf__models__Qwen2_5-7B-Instruct/stage1: 1385/1800 done, 2.4s/item, elapsed 54.6 min, VRAM peak 83.1%, ETA 2026-08-21 01:47:04 UTC (in 16.4 min)
2026-08-21 01:30:52 UTC INFO    __workspace___hf__models__Qwen2_5-7B-Instruct/stage1: 1390/1800 done, 2.4s/item, elapsed 54.8 min, VRAM peak 83.1%, ETA 2026-08-21 01:47:02 UTC (in 16.2 min)
2026-08-21 01:31:04 UTC INFO    __workspace___hf__models__Qwen2_5-7B-Instruct/stage1: 1395/1800 done, 2.4s/item, elapsed 55.0 min, VRAM peak 83.1%, ETA 2026-08-21 01:47:02 UTC (in 16.0 min)
2026-08-21 01:31:15 UTC INFO    __workspace___hf__models__Qwen2_5-7B-Instruct/stage1: 1400/1800 done, 2.4s/item, elapsed 55.2 min, VRAM peak 83.1%, ETA 2026-08-21 01:47:01 UTC (in 15.8 min)
2026-08-21 01:31:27 UTC INFO    __workspace___hf__models__Qwen2_5-7B-Instruct/stage1: 1405/1800 done, 2.4s/item, elapsed 55.4 min, VRAM peak 83.1%, ETA 2026-08-21 01:47:01 UTC (in 15.6 min)
2026-08-21 01:31:38 UTC INFO    __workspace___hf__models__Qwen2_5-7B-Instruct/stage1: 1410/1800 done, 2.4s/item, elapsed 55.5 min, VRAM peak 83.1%, ETA 2026-08-21 01:47:00 UTC (in 15.4 min)
2026-08-21 01:31:47 UTC INFO    __workspace___hf__models__Qwen2_5-7B-Instruct/stage1: 1415/1800 done, 2.4s/item, elapsed 55.7 min, VRAM peak 83.1%, ETA 2026-08-21 01:46:56 UTC (in 15.2 min)
2026-08-21 01:31:57 UTC INFO    __workspace___hf__models__Qwen2_5-7B-Instruct/stage1: 1420/1800 done, 2.4s/item, elapsed 55.9 min, VRAM peak 83.1%, ETA 2026-08-21 01:46:54 UTC (in 15.0 min)
2026-08-21 01:32:10 UTC INFO    __workspace___hf__models__Qwen2_5-7B-Instruct/stage1: 1425/1800 done, 2.4s/item, elapsed 56.1 min, VRAM peak 83.1%, ETA 2026-08-21 01:46:55 UTC (in 14.8 min)
2026-08-21 01:32:21 UTC INFO    __workspace___hf__models__Qwen2_5-7B-Instruct/stage1: 1430/1800 done, 2.4s/item, elapsed 56.3 min, VRAM peak 83.1%, ETA 2026-08-21 01:46:54 UTC (in 14.6 min)
2026-08-21 01:32:32 UTC INFO    __workspace___hf__models__Qwen2_5-7B-Instruct/stage1: 1435/1800 done, 2.4s/item, elapsed 56.4 min, VRAM peak 83.1%, ETA 2026-08-21 01:46:53 UTC (in 14.4 min)
2026-08-21 01:32:43 UTC INFO    __workspace___hf__models__Qwen2_5-7B-Instruct/stage1: 1440/1800 done, 2.4s/item, elapsed 56.6 min, VRAM peak 83.1%, ETA 2026-08-21 01:46:53 UTC (in 14.2 min)
2026-08-21 01:32:53 UTC INFO    __workspace___hf__models__Qwen2_5-7B-Instruct/stage1: 1445/1800 done, 2.4s/item, elapsed 56.8 min, VRAM peak 83.1%, ETA 2026-08-21 01:46:51 UTC (in 14.0 min)
2026-08-21 01:33:04 UTC INFO    __workspace___hf__models__Qwen2_5-7B-Instruct/stage1: 1450/1800 done, 2.4s/item, elapsed 57.0 min, VRAM peak 83.1%, ETA 2026-08-21 01:46:50 UTC (in 13.8 min)
2026-08-21 01:33:17 UTC INFO    __workspace___hf__models__Qwen2_5-7B-Instruct/stage1: 1455/1800 done, 2.4s/item, elapsed 57.2 min, VRAM peak 83.1%, ETA 2026-08-21 01:46:51 UTC (in 13.6 min)
2026-08-21 01:33:29 UTC INFO    __workspace___hf__models__Qwen2_5-7B-Instruct/stage1: 1460/1800 done, 2.4s/item, elapsed 57.4 min, VRAM peak 83.1%, ETA 2026-08-21 01:46:51 UTC (in 13.4 min)
2026-08-21 01:33:39 UTC INFO    __workspace___hf__models__Qwen2_5-7B-Instruct/stage1: 1465/1800 done, 2.4s/item, elapsed 57.6 min, VRAM peak 83.1%, ETA 2026-08-21 01:46:49 UTC (in 13.2 min)
2026-08-21 01:33:51 UTC INFO    __workspace___hf__models__Qwen2_5-7B-Instruct/stage1: 1470/1800 done, 2.4s/item, elapsed 57.8 min, VRAM peak 83.1%, ETA 2026-08-21 01:46:50 UTC (in 13.0 min)
2026-08-21 01:34:03 UTC INFO    __workspace___hf__models__Qwen2_5-7B-Instruct/stage1: 1475/1800 done, 2.4s/item, elapsed 58.0 min, VRAM peak 83.1%, ETA 2026-08-21 01:46:50 UTC (in 12.8 min)
2026-08-21 01:34:16 UTC INFO    __workspace___hf__models__Qwen2_5-7B-Instruct/stage1: 1480/1800 done, 2.4s/item, elapsed 58.2 min, VRAM peak 83.1%, ETA 2026-08-21 01:46:51 UTC (in 12.6 min)
2026-08-21 01:34:30 UTC INFO    __workspace___hf__models__Qwen2_5-7B-Instruct/stage1: 1485/1800 done, 2.4s/item, elapsed 58.4 min, VRAM peak 83.1%, ETA 2026-08-21 01:46:54 UTC (in 12.4 min)
2026-08-21 01:34:42 UTC INFO    __workspace___hf__models__Qwen2_5-7B-Instruct/stage1: 1490/1800 done, 2.4s/item, elapsed 58.6 min, VRAM peak 83.1%, ETA 2026-08-21 01:46:54 UTC (in 12.2 min)
2026-08-21 01:34:55 UTC INFO    __workspace___hf__models__Qwen2_5-7B-Instruct/stage1: 1495/1800 done, 2.4s/item, elapsed 58.8 min, VRAM peak 83.1%, ETA 2026-08-21 01:46:55 UTC (in 12.0 min)
2026-08-21 01:35:07 UTC INFO    __workspace___hf__models__Qwen2_5-7B-Instruct/stage1: 1500/1800 done, 2.4s/item, elapsed 59.0 min, VRAM peak 83.1%, ETA 2026-08-21 01:46:55 UTC (in 11.8 min)
2026-08-21 01:35:19 UTC INFO    __workspace___hf__models__Qwen2_5-7B-Instruct/stage1: 1505/1800 done, 2.4s/item, elapsed 59.2 min, VRAM peak 83.1%, ETA 2026-08-21 01:46:55 UTC (in 11.6 min)
2026-08-21 01:35:34 UTC INFO    __workspace___hf__models__Qwen2_5-7B-Instruct/stage1: 1510/1800 done, 2.4s/item, elapsed 59.5 min, VRAM peak 83.1%, ETA 2026-08-21 01:46:59 UTC (in 11.4 min)
2026-08-21 01:35:45 UTC INFO    __workspace___hf__models__Qwen2_5-7B-Instruct/stage1: 1515/1800 done, 2.4s/item, elapsed 59.7 min, VRAM peak 83.1%, ETA 2026-08-21 01:46:58 UTC (in 11.2 min)
2026-08-21 01:35:54 UTC INFO    __workspace___hf__models__Qwen2_5-7B-Instruct/stage1: 1520/1800 done, 2.4s/item, elapsed 59.8 min, VRAM peak 83.1%, ETA 2026-08-21 01:46:55 UTC (in 11.0 min)
2026-08-21 01:36:04 UTC INFO    __workspace___hf__models__Qwen2_5-7B-Instruct/stage1: 1525/1800 done, 2.4s/item, elapsed 60.0 min, VRAM peak 83.1%, ETA 2026-08-21 01:46:53 UTC (in 10.8 min)
2026-08-21 01:36:16 UTC INFO    __workspace___hf__models__Qwen2_5-7B-Instruct/stage1: 1530/1800 done, 2.4s/item, elapsed 60.2 min, VRAM peak 83.1%, ETA 2026-08-21 01:46:54 UTC (in 10.6 min)
2026-08-21 01:36:27 UTC INFO    __workspace___hf__models__Qwen2_5-7B-Instruct/stage1: 1535/1800 done, 2.4s/item, elapsed 60.4 min, VRAM peak 83.1%, ETA 2026-08-21 01:46:52 UTC (in 10.4 min)
2026-08-21 01:36:38 UTC INFO    __workspace___hf__models__Qwen2_5-7B-Instruct/stage1: 1540/1800 done, 2.4s/item, elapsed 60.5 min, VRAM peak 83.1%, ETA 2026-08-21 01:46:51 UTC (in 10.2 min)
2026-08-21 01:36:49 UTC INFO    __workspace___hf__models__Qwen2_5-7B-Instruct/stage1: 1545/1800 done, 2.4s/item, elapsed 60.7 min, VRAM peak 83.1%, ETA 2026-08-21 01:46:50 UTC (in 10.0 min)
2026-08-21 01:37:01 UTC INFO    __workspace___hf__models__Qwen2_5-7B-Instruct/stage1: 1550/1800 done, 2.4s/item, elapsed 60.9 min, VRAM peak 83.1%, ETA 2026-08-21 01:46:51 UTC (in 9.8 min)
2026-08-21 01:37:11 UTC INFO    __workspace___hf__models__Qwen2_5-7B-Instruct/stage1: 1555/1800 done, 2.4s/item, elapsed 61.1 min, VRAM peak 83.1%, ETA 2026-08-21 01:46:49 UTC (in 9.6 min)
2026-08-21 01:37:23 UTC INFO    __workspace___hf__models__Qwen2_5-7B-Instruct/stage1: 1560/1800 done, 2.4s/item, elapsed 61.3 min, VRAM peak 83.1%, ETA 2026-08-21 01:46:49 UTC (in 9.4 min)
2026-08-21 01:37:35 UTC INFO    __workspace___hf__models__Qwen2_5-7B-Instruct/stage1: 1565/1800 done, 2.4s/item, elapsed 61.5 min, VRAM peak 83.1%, ETA 2026-08-21 01:46:49 UTC (in 9.2 min)
2026-08-21 01:37:48 UTC INFO    __workspace___hf__models__Qwen2_5-7B-Instruct/stage1: 1570/1800 done, 2.4s/item, elapsed 61.7 min, VRAM peak 83.1%, ETA 2026-08-21 01:46:51 UTC (in 9.0 min)
2026-08-21 01:38:00 UTC INFO    __workspace___hf__models__Qwen2_5-7B-Instruct/stage1: 1575/1800 done, 2.4s/item, elapsed 61.9 min, VRAM peak 83.1%, ETA 2026-08-21 01:46:51 UTC (in 8.8 min)
2026-08-21 01:38:11 UTC INFO    __workspace___hf__models__Qwen2_5-7B-Instruct/stage1: 1580/1800 done, 2.4s/item, elapsed 62.1 min, VRAM peak 83.1%, ETA 2026-08-21 01:46:50 UTC (in 8.6 min)
2026-08-21 01:38:24 UTC INFO    __workspace___hf__models__Qwen2_5-7B-Instruct/stage1: 1585/1800 done, 2.4s/item, elapsed 62.3 min, VRAM peak 83.1%, ETA 2026-08-21 01:46:51 UTC (in 8.5 min)
2026-08-21 01:38:35 UTC INFO    __workspace___hf__models__Qwen2_5-7B-Instruct/stage1: 1590/1800 done, 2.4s/item, elapsed 62.5 min, VRAM peak 83.1%, ETA 2026-08-21 01:46:50 UTC (in 8.3 min)
2026-08-21 01:38:47 UTC INFO    __workspace___hf__models__Qwen2_5-7B-Instruct/stage1: 1595/1800 done, 2.4s/item, elapsed 62.7 min, VRAM peak 83.7%, ETA 2026-08-21 01:46:50 UTC (in 8.1 min)
2026-08-21 01:38:57 UTC INFO    __workspace___hf__models__Qwen2_5-7B-Instruct/stage1: 1600/1800 done, 2.4s/item, elapsed 62.9 min, VRAM peak 83.7%, ETA 2026-08-21 01:46:48 UTC (in 7.9 min)
2026-08-21 01:39:09 UTC INFO    __workspace___hf__models__Qwen2_5-7B-Instruct/stage1: 1605/1800 done, 2.4s/item, elapsed 63.1 min, VRAM peak 83.7%, ETA 2026-08-21 01:46:48 UTC (in 7.7 min)
2026-08-21 01:39:20 UTC INFO    __workspace___hf__models__Qwen2_5-7B-Instruct/stage1: 1610/1800 done, 2.4s/item, elapsed 63.3 min, VRAM peak 83.7%, ETA 2026-08-21 01:46:48 UTC (in 7.5 min)
2026-08-21 01:39:32 UTC INFO    __workspace___hf__models__Qwen2_5-7B-Instruct/stage1: 1615/1800 done, 2.4s/item, elapsed 63.4 min, VRAM peak 83.7%, ETA 2026-08-21 01:46:48 UTC (in 7.3 min)
2026-08-21 01:39:43 UTC INFO    __workspace___hf__models__Qwen2_5-7B-Instruct/stage1: 1620/1800 done, 2.4s/item, elapsed 63.6 min, VRAM peak 83.7%, ETA 2026-08-21 01:46:47 UTC (in 7.1 min)
2026-08-21 01:39:53 UTC INFO    __workspace___hf__models__Qwen2_5-7B-Instruct/stage1: 1625/1800 done, 2.4s/item, elapsed 63.8 min, VRAM peak 83.7%, ETA 2026-08-21 01:46:45 UTC (in 6.9 min)
2026-08-21 01:40:04 UTC INFO    __workspace___hf__models__Qwen2_5-7B-Instruct/stage1: 1630/1800 done, 2.4s/item, elapsed 64.0 min, VRAM peak 83.7%, ETA 2026-08-21 01:46:45 UTC (in 6.7 min)
2026-08-21 01:40:16 UTC INFO    __workspace___hf__models__Qwen2_5-7B-Instruct/stage1: 1635/1800 done, 2.4s/item, elapsed 64.2 min, VRAM peak 83.7%, ETA 2026-08-21 01:46:45 UTC (in 6.5 min)
2026-08-21 01:40:28 UTC INFO    __workspace___hf__models__Qwen2_5-7B-Instruct/stage1: 1640/1800 done, 2.4s/item, elapsed 64.4 min, VRAM peak 83.7%, ETA 2026-08-21 01:46:45 UTC (in 6.3 min)
2026-08-21 01:40:41 UTC INFO    __workspace___hf__models__Qwen2_5-7B-Instruct/stage1: 1645/1800 done, 2.4s/item, elapsed 64.6 min, VRAM peak 83.7%, ETA 2026-08-21 01:46:46 UTC (in 6.1 min)
2026-08-21 01:40:52 UTC INFO    __workspace___hf__models__Qwen2_5-7B-Instruct/stage1: 1650/1800 done, 2.4s/item, elapsed 64.8 min, VRAM peak 83.7%, ETA 2026-08-21 01:46:45 UTC (in 5.9 min)
2026-08-21 01:41:04 UTC INFO    __workspace___hf__models__Qwen2_5-7B-Instruct/stage1: 1655/1800 done, 2.4s/item, elapsed 65.0 min, VRAM peak 83.7%, ETA 2026-08-21 01:46:45 UTC (in 5.7 min)
2026-08-21 01:41:15 UTC INFO    __workspace___hf__models__Qwen2_5-7B-Instruct/stage1: 1660/1800 done, 2.4s/item, elapsed 65.2 min, VRAM peak 83.7%, ETA 2026-08-21 01:46:44 UTC (in 5.5 min)
2026-08-21 01:41:26 UTC INFO    __workspace___hf__models__Qwen2_5-7B-Instruct/stage1: 1665/1800 done, 2.4s/item, elapsed 65.3 min, VRAM peak 83.7%, ETA 2026-08-21 01:46:44 UTC (in 5.3 min)
2026-08-21 01:41:39 UTC INFO    __workspace___hf__models__Qwen2_5-7B-Instruct/stage1: 1670/1800 done, 2.4s/item, elapsed 65.6 min, VRAM peak 83.7%, ETA 2026-08-21 01:46:45 UTC (in 5.1 min)
2026-08-21 01:41:50 UTC INFO    __workspace___hf__models__Qwen2_5-7B-Instruct/stage1: 1675/1800 done, 2.4s/item, elapsed 65.7 min, VRAM peak 83.7%, ETA 2026-08-21 01:46:44 UTC (in 4.9 min)
2026-08-21 01:42:01 UTC INFO    __workspace___hf__models__Qwen2_5-7B-Instruct/stage1: 1680/1800 done, 2.4s/item, elapsed 65.9 min, VRAM peak 83.7%, ETA 2026-08-21 01:46:43 UTC (in 4.7 min)
2026-08-21 01:42:15 UTC INFO    __workspace___hf__models__Qwen2_5-7B-Instruct/stage1: 1685/1800 done, 2.4s/item, elapsed 66.2 min, VRAM peak 83.7%, ETA 2026-08-21 01:46:46 UTC (in 4.5 min)
2026-08-21 01:42:27 UTC INFO    __workspace___hf__models__Qwen2_5-7B-Instruct/stage1: 1690/1800 done, 2.4s/item, elapsed 66.4 min, VRAM peak 83.7%, ETA 2026-08-21 01:46:46 UTC (in 4.3 min)
2026-08-21 01:42:40 UTC INFO    __workspace___hf__models__Qwen2_5-7B-Instruct/stage1: 1695/1800 done, 2.4s/item, elapsed 66.6 min, VRAM peak 83.7%, ETA 2026-08-21 01:46:47 UTC (in 4.1 min)
2026-08-21 01:42:52 UTC INFO    __workspace___hf__models__Qwen2_5-7B-Instruct/stage1: 1700/1800 done, 2.4s/item, elapsed 66.8 min, VRAM peak 83.7%, ETA 2026-08-21 01:46:48 UTC (in 3.9 min)
2026-08-21 01:43:02 UTC INFO    __workspace___hf__models__Qwen2_5-7B-Instruct/stage1: 1705/1800 done, 2.4s/item, elapsed 66.9 min, VRAM peak 83.7%, ETA 2026-08-21 01:46:46 UTC (in 3.7 min)
2026-08-21 01:43:14 UTC INFO    __workspace___hf__models__Qwen2_5-7B-Instruct/stage1: 1710/1800 done, 2.4s/item, elapsed 67.1 min, VRAM peak 83.7%, ETA 2026-08-21 01:46:46 UTC (in 3.5 min)
2026-08-21 01:43:26 UTC INFO    __workspace___hf__models__Qwen2_5-7B-Instruct/stage1: 1715/1800 done, 2.4s/item, elapsed 67.3 min, VRAM peak 83.7%, ETA 2026-08-21 01:46:46 UTC (in 3.3 min)
2026-08-21 01:43:37 UTC INFO    __workspace___hf__models__Qwen2_5-7B-Instruct/stage1: 1720/1800 done, 2.4s/item, elapsed 67.5 min, VRAM peak 83.7%, ETA 2026-08-21 01:46:46 UTC (in 3.1 min)
2026-08-21 01:43:51 UTC INFO    __workspace___hf__models__Qwen2_5-7B-Instruct/stage1: 1725/1800 done, 2.4s/item, elapsed 67.8 min, VRAM peak 83.7%, ETA 2026-08-21 01:46:48 UTC (in 2.9 min)
2026-08-21 01:44:02 UTC INFO    __workspace___hf__models__Qwen2_5-7B-Instruct/stage1: 1730/1800 done, 2.4s/item, elapsed 68.0 min, VRAM peak 83.7%, ETA 2026-08-21 01:46:47 UTC (in 2.7 min)
2026-08-21 01:44:16 UTC INFO    __workspace___hf__models__Qwen2_5-7B-Instruct/stage1: 1735/1800 done, 2.4s/item, elapsed 68.2 min, VRAM peak 83.7%, ETA 2026-08-21 01:46:50 UTC (in 2.6 min)
2026-08-21 01:44:28 UTC INFO    __workspace___hf__models__Qwen2_5-7B-Instruct/stage1: 1740/1800 done, 2.4s/item, elapsed 68.4 min, VRAM peak 83.7%, ETA 2026-08-21 01:46:50 UTC (in 2.4 min)
2026-08-21 01:44:41 UTC INFO    __workspace___hf__models__Qwen2_5-7B-Instruct/stage1: 1745/1800 done, 2.4s/item, elapsed 68.6 min, VRAM peak 83.7%, ETA 2026-08-21 01:46:51 UTC (in 2.2 min)
2026-08-21 01:44:53 UTC INFO    __workspace___hf__models__Qwen2_5-7B-Instruct/stage1: 1750/1800 done, 2.4s/item, elapsed 68.8 min, VRAM peak 83.7%, ETA 2026-08-21 01:46:51 UTC (in 2.0 min)
2026-08-21 01:45:06 UTC INFO    __workspace___hf__models__Qwen2_5-7B-Instruct/stage1: 1755/1800 done, 2.4s/item, elapsed 69.0 min, VRAM peak 83.7%, ETA 2026-08-21 01:46:52 UTC (in 1.8 min)
2026-08-21 01:45:19 UTC INFO    __workspace___hf__models__Qwen2_5-7B-Instruct/stage1: 1760/1800 done, 2.4s/item, elapsed 69.2 min, VRAM peak 83.7%, ETA 2026-08-21 01:46:53 UTC (in 1.6 min)
2026-08-21 01:45:31 UTC INFO    __workspace___hf__models__Qwen2_5-7B-Instruct/stage1: 1765/1800 done, 2.4s/item, elapsed 69.4 min, VRAM peak 83.7%, ETA 2026-08-21 01:46:54 UTC (in 1.4 min)
2026-08-21 01:45:43 UTC INFO    __workspace___hf__models__Qwen2_5-7B-Instruct/stage1: 1770/1800 done, 2.4s/item, elapsed 69.6 min, VRAM peak 83.7%, ETA 2026-08-21 01:46:54 UTC (in 1.2 min)
2026-08-21 01:45:58 UTC INFO    __workspace___hf__models__Qwen2_5-7B-Instruct/stage1: 1775/1800 done, 2.4s/item, elapsed 69.9 min, VRAM peak 83.7%, ETA 2026-08-21 01:46:57 UTC (in 1.0 min)
2026-08-21 01:46:08 UTC INFO    __workspace___hf__models__Qwen2_5-7B-Instruct/stage1: 1780/1800 done, 2.4s/item, elapsed 70.0 min, VRAM peak 83.7%, ETA 2026-08-21 01:46:55 UTC (in 0.8 min)
2026-08-21 01:46:19 UTC INFO    __workspace___hf__models__Qwen2_5-7B-Instruct/stage1: 1785/1800 done, 2.4s/item, elapsed 70.2 min, VRAM peak 83.7%, ETA 2026-08-21 01:46:55 UTC (in 0.6 min)
2026-08-21 01:46:32 UTC INFO    __workspace___hf__models__Qwen2_5-7B-Instruct/stage1: 1790/1800 done, 2.4s/item, elapsed 70.4 min, VRAM peak 83.7%, ETA 2026-08-21 01:46:55 UTC (in 0.4 min)
2026-08-21 01:46:44 UTC INFO    __workspace___hf__models__Qwen2_5-7B-Instruct/stage1: 1795/1800 done, 2.4s/item, elapsed 70.6 min, VRAM peak 83.7%, ETA 2026-08-21 01:46:56 UTC (in 0.2 min)
2026-08-21 01:46:55 UTC INFO    __workspace___hf__models__Qwen2_5-7B-Instruct/stage1: 1800/1800 done, 2.4s/item, elapsed 70.8 min, VRAM peak 83.7%, ETA 2026-08-21 01:46:55 UTC (in 0.0 min)
2026-08-21 01:46:55 UTC INFO    GPU ledger: +4250.1s for __workspace___hf__models__Qwen2_5-7B-Instruct/stage1, cumulative 7815.1s (2.17 h, 10.9% of the 20 h allowance)
2026-08-21 01:46:55 UTC INFO    /workspace/.hf/models/Qwen2.5-7B-Instruct stage1: {"items": 1800, "unreadable_choice": 40, "usable": 375, "abort_reason": null, "elapsed_min": 70.84, "vram_peak_pct": 83.7}
2026-08-21 01:46:56 UTC INFO    wrote results/exp2/experiment_summary.json
2026-08-21 01:47:49 UTC INFO    started 2026-08-21 01:47:49 UTC on Linux-6.8.0-57-generic-x86_64-with-glibc2.35
2026-08-21 01:47:49 UTC INFO    loading framolfese/2WikiMultihopQA [validation], scanning 40000 records
2026-08-21 01:47:50 UTC INFO    PyTorch version 2.4.0 available.
2026-08-21 01:48:01 UTC INFO    built 1800 items from 12576 records
2026-08-21 01:48:05 UTC INFO    longest prompt about 2507 tokens; max_model_len=4096 (floor 2048, cap 8192)
2026-08-21 01:48:05 UTC INFO    detected 23.5 GiB of VRAM, capability (8, 6) -> the 3090ti roster
2026-08-21 01:48:44 UTC INFO    /workspace/.hf/models/Llama-3.1-8B-Instruct loaded: bfloat16, max_model_len=4096, mem target 0.85, eager=False, VRAM now 81.0%
2026-08-21 01:48:44 UTC INFO    /workspace/.hf/models/Llama-3.1-8B-Instruct ready via the vllm backend
2026-08-21 01:48:55 UTC INFO    __workspace___hf__models__Llama-3_1-8B-Instruct/stage1: 5/1800 done, 2.1s/item, elapsed 0.2 min, VRAM peak 81.7%, ETA 2026-08-21 02:51:25 UTC (in 62.5 min)
2026-08-21 01:49:03 UTC INFO    __workspace___hf__models__Llama-3_1-8B-Instruct/stage1: 10/1800 done, 1.9s/item, elapsed 0.3 min, VRAM peak 82.0%, ETA 2026-08-21 02:45:44 UTC (in 56.7 min)
2026-08-21 01:49:13 UTC INFO    __workspace___hf__models__Llama-3_1-8B-Instruct/stage1: 15/1800 done, 1.9s/item, elapsed 0.5 min, VRAM peak 82.0%, ETA 2026-08-21 02:47:05 UTC (in 57.9 min)
2026-08-21 01:49:24 UTC INFO    __workspace___hf__models__Llama-3_1-8B-Instruct/stage1: 20/1800 done, 2.0s/item, elapsed 0.7 min, VRAM peak 82.0%, ETA 2026-08-21 02:48:23 UTC (in 59.0 min)
2026-08-21 01:49:33 UTC INFO    __workspace___hf__models__Llama-3_1-8B-Instruct/stage1: 25/1800 done, 1.9s/item, elapsed 0.8 min, VRAM peak 82.0%, ETA 2026-08-21 02:47:03 UTC (in 57.5 min)
2026-08-21 01:49:42 UTC INFO    __workspace___hf__models__Llama-3_1-8B-Instruct/stage1: 30/1800 done, 1.9s/item, elapsed 1.0 min, VRAM peak 82.0%, ETA 2026-08-21 02:46:55 UTC (in 57.2 min)
2026-08-21 01:49:53 UTC INFO    __workspace___hf__models__Llama-3_1-8B-Instruct/stage1: 35/1800 done, 2.0s/item, elapsed 1.1 min, VRAM peak 82.0%, ETA 2026-08-21 02:47:32 UTC (in 57.6 min)
2026-08-21 01:50:03 UTC INFO    __workspace___hf__models__Llama-3_1-8B-Instruct/stage1: 40/1800 done, 2.0s/item, elapsed 1.3 min, VRAM peak 82.0%, ETA 2026-08-21 02:47:35 UTC (in 57.5 min)
2026-08-21 01:50:13 UTC INFO    __workspace___hf__models__Llama-3_1-8B-Instruct/stage1: 45/1800 done, 2.0s/item, elapsed 1.5 min, VRAM peak 82.0%, ETA 2026-08-21 02:47:42 UTC (in 57.5 min)
2026-08-21 01:50:22 UTC INFO    __workspace___hf__models__Llama-3_1-8B-Instruct/stage1: 50/1800 done, 2.0s/item, elapsed 1.6 min, VRAM peak 82.0%, ETA 2026-08-21 02:47:31 UTC (in 57.1 min)
2026-08-21 01:50:31 UTC INFO    __workspace___hf__models__Llama-3_1-8B-Instruct/stage1: 55/1800 done, 1.9s/item, elapsed 1.8 min, VRAM peak 82.0%, ETA 2026-08-21 02:46:53 UTC (in 56.4 min)
2026-08-21 01:50:43 UTC INFO    __workspace___hf__models__Llama-3_1-8B-Instruct/stage1: 60/1800 done, 2.0s/item, elapsed 2.0 min, VRAM peak 82.0%, ETA 2026-08-21 02:47:56 UTC (in 57.2 min)
2026-08-21 01:50:51 UTC INFO    __workspace___hf__models__Llama-3_1-8B-Instruct/stage1: 65/1800 done, 2.0s/item, elapsed 2.1 min, VRAM peak 82.0%, ETA 2026-08-21 02:47:19 UTC (in 56.5 min)
2026-08-21 01:51:00 UTC INFO    __workspace___hf__models__Llama-3_1-8B-Instruct/stage1: 70/1800 done, 1.9s/item, elapsed 2.3 min, VRAM peak 82.0%, ETA 2026-08-21 02:46:48 UTC (in 55.8 min)
2026-08-21 01:51:15 UTC INFO    __workspace___hf__models__Llama-3_1-8B-Instruct/stage1: 75/1800 done, 2.0s/item, elapsed 2.5 min, VRAM peak 82.0%, ETA 2026-08-21 02:49:08 UTC (in 57.9 min)
2026-08-21 01:51:25 UTC INFO    __workspace___hf__models__Llama-3_1-8B-Instruct/stage1: 80/1800 done, 2.0s/item, elapsed 2.7 min, VRAM peak 82.0%, ETA 2026-08-21 02:48:55 UTC (in 57.5 min)
2026-08-21 01:51:35 UTC INFO    __workspace___hf__models__Llama-3_1-8B-Instruct/stage1: 85/1800 done, 2.0s/item, elapsed 2.9 min, VRAM peak 82.0%, ETA 2026-08-21 02:49:06 UTC (in 57.5 min)
2026-08-21 01:51:48 UTC INFO    __workspace___hf__models__Llama-3_1-8B-Instruct/stage1: 90/1800 done, 2.0s/item, elapsed 3.1 min, VRAM peak 82.0%, ETA 2026-08-21 02:49:51 UTC (in 58.1 min)
2026-08-21 01:51:58 UTC INFO    __workspace___hf__models__Llama-3_1-8B-Instruct/stage1: 95/1800 done, 2.0s/item, elapsed 3.2 min, VRAM peak 82.0%, ETA 2026-08-21 02:50:02 UTC (in 58.1 min)
2026-08-21 01:52:07 UTC INFO    __workspace___hf__models__Llama-3_1-8B-Instruct/stage1: 100/1800 done, 2.0s/item, elapsed 3.4 min, VRAM peak 82.0%, ETA 2026-08-21 02:49:33 UTC (in 57.4 min)
2026-08-21 01:52:17 UTC INFO    __workspace___hf__models__Llama-3_1-8B-Instruct/stage1: 105/1800 done, 2.0s/item, elapsed 3.6 min, VRAM peak 82.0%, ETA 2026-08-21 02:49:36 UTC (in 57.3 min)
2026-08-21 01:52:25 UTC INFO    __workspace___hf__models__Llama-3_1-8B-Instruct/stage1: 110/1800 done, 2.0s/item, elapsed 3.7 min, VRAM peak 82.0%, ETA 2026-08-21 02:48:58 UTC (in 56.5 min)
2026-08-21 01:52:37 UTC INFO    __workspace___hf__models__Llama-3_1-8B-Instruct/stage1: 115/1800 done, 2.0s/item, elapsed 3.9 min, VRAM peak 82.0%, ETA 2026-08-21 02:49:32 UTC (in 56.9 min)
2026-08-21 01:52:51 UTC INFO    __workspace___hf__models__Llama-3_1-8B-Instruct/stage1: 120/1800 done, 2.1s/item, elapsed 4.1 min, VRAM peak 82.0%, ETA 2026-08-21 02:50:25 UTC (in 57.6 min)
2026-08-21 01:53:01 UTC INFO    __workspace___hf__models__Llama-3_1-8B-Instruct/stage1: 125/1800 done, 2.1s/item, elapsed 4.3 min, VRAM peak 82.0%, ETA 2026-08-21 02:50:18 UTC (in 57.3 min)
2026-08-21 01:53:13 UTC INFO    __workspace___hf__models__Llama-3_1-8B-Instruct/stage1: 130/1800 done, 2.1s/item, elapsed 4.5 min, VRAM peak 82.0%, ETA 2026-08-21 02:50:43 UTC (in 57.5 min)
2026-08-21 01:53:23 UTC INFO    __workspace___hf__models__Llama-3_1-8B-Instruct/stage1: 135/1800 done, 2.1s/item, elapsed 4.7 min, VRAM peak 82.0%, ETA 2026-08-21 02:50:45 UTC (in 57.4 min)
2026-08-21 01:53:35 UTC INFO    __workspace___hf__models__Llama-3_1-8B-Instruct/stage1: 140/1800 done, 2.1s/item, elapsed 4.9 min, VRAM peak 82.0%, ETA 2026-08-21 02:51:07 UTC (in 57.5 min)
2026-08-21 01:53:47 UTC INFO    __workspace___hf__models__Llama-3_1-8B-Instruct/stage1: 145/1800 done, 2.1s/item, elapsed 5.0 min, VRAM peak 82.0%, ETA 2026-08-21 02:51:25 UTC (in 57.6 min)
2026-08-21 01:53:57 UTC INFO    __workspace___hf__models__Llama-3_1-8B-Instruct/stage1: 150/1800 done, 2.1s/item, elapsed 5.2 min, VRAM peak 82.0%, ETA 2026-08-21 02:51:24 UTC (in 57.4 min)
2026-08-21 01:54:10 UTC INFO    __workspace___hf__models__Llama-3_1-8B-Instruct/stage1: 155/1800 done, 2.1s/item, elapsed 5.4 min, VRAM peak 82.0%, ETA 2026-08-21 02:51:48 UTC (in 57.6 min)
2026-08-21 01:54:20 UTC INFO    __workspace___hf__models__Llama-3_1-8B-Instruct/stage1: 160/1800 done, 2.1s/item, elapsed 5.6 min, VRAM peak 82.0%, ETA 2026-08-21 02:51:45 UTC (in 57.4 min)
2026-08-21 01:54:32 UTC INFO    __workspace___hf__models__Llama-3_1-8B-Instruct/stage1: 165/1800 done, 2.1s/item, elapsed 5.8 min, VRAM peak 82.0%, ETA 2026-08-21 02:51:57 UTC (in 57.4 min)
2026-08-21 01:54:46 UTC INFO    __workspace___hf__models__Llama-3_1-8B-Instruct/stage1: 170/1800 done, 2.1s/item, elapsed 6.0 min, VRAM peak 82.0%, ETA 2026-08-21 02:52:32 UTC (in 57.8 min)
2026-08-21 01:54:56 UTC INFO    __workspace___hf__models__Llama-3_1-8B-Instruct/stage1: 175/1800 done, 2.1s/item, elapsed 6.2 min, VRAM peak 82.0%, ETA 2026-08-21 02:52:33 UTC (in 57.6 min)
2026-08-21 01:55:07 UTC INFO    __workspace___hf__models__Llama-3_1-8B-Instruct/stage1: 180/1800 done, 2.1s/item, elapsed 6.4 min, VRAM peak 82.0%, ETA 2026-08-21 02:52:35 UTC (in 57.5 min)
2026-08-21 01:55:18 UTC INFO    __workspace___hf__models__Llama-3_1-8B-Instruct/stage1: 185/1800 done, 2.1s/item, elapsed 6.6 min, VRAM peak 82.0%, ETA 2026-08-21 02:52:32 UTC (in 57.2 min)
2026-08-21 01:55:26 UTC INFO    __workspace___hf__models__Llama-3_1-8B-Instruct/stage1: 190/1800 done, 2.1s/item, elapsed 6.7 min, VRAM peak 82.0%, ETA 2026-08-21 02:52:14 UTC (in 56.8 min)
2026-08-21 01:55:36 UTC INFO    __workspace___hf__models__Llama-3_1-8B-Instruct/stage1: 195/1800 done, 2.1s/item, elapsed 6.9 min, VRAM peak 82.0%, ETA 2026-08-21 02:52:08 UTC (in 56.5 min)
2026-08-21 01:55:51 UTC INFO    __workspace___hf__models__Llama-3_1-8B-Instruct/stage1: 200/1800 done, 2.1s/item, elapsed 7.1 min, VRAM peak 82.0%, ETA 2026-08-21 02:52:47 UTC (in 56.9 min)
2026-08-21 01:56:04 UTC INFO    __workspace___hf__models__Llama-3_1-8B-Instruct/stage1: 205/1800 done, 2.1s/item, elapsed 7.3 min, VRAM peak 82.3%, ETA 2026-08-21 02:53:05 UTC (in 57.0 min)
2026-08-21 01:56:13 UTC INFO    __workspace___hf__models__Llama-3_1-8B-Instruct/stage1: 210/1800 done, 2.1s/item, elapsed 7.5 min, VRAM peak 82.3%, ETA 2026-08-21 02:52:51 UTC (in 56.6 min)
2026-08-21 01:56:22 UTC INFO    __workspace___hf__models__Llama-3_1-8B-Instruct/stage1: 215/1800 done, 2.1s/item, elapsed 7.6 min, VRAM peak 82.3%, ETA 2026-08-21 02:52:35 UTC (in 56.2 min)
2026-08-21 01:56:32 UTC INFO    __workspace___hf__models__Llama-3_1-8B-Instruct/stage1: 220/1800 done, 2.1s/item, elapsed 7.8 min, VRAM peak 82.3%, ETA 2026-08-21 02:52:35 UTC (in 56.0 min)
2026-08-21 01:56:44 UTC INFO    __workspace___hf__models__Llama-3_1-8B-Instruct/stage1: 225/1800 done, 2.1s/item, elapsed 8.0 min, VRAM peak 82.3%, ETA 2026-08-21 02:52:39 UTC (in 55.9 min)
2026-08-21 01:56:54 UTC INFO    __workspace___hf__models__Llama-3_1-8B-Instruct/stage1: 230/1800 done, 2.1s/item, elapsed 8.2 min, VRAM peak 82.3%, ETA 2026-08-21 02:52:41 UTC (in 55.8 min)
2026-08-21 01:57:04 UTC INFO    __workspace___hf__models__Llama-3_1-8B-Instruct/stage1: 235/1800 done, 2.1s/item, elapsed 8.3 min, VRAM peak 82.3%, ETA 2026-08-21 02:52:30 UTC (in 55.4 min)
2026-08-21 01:57:12 UTC INFO    __workspace___hf__models__Llama-3_1-8B-Instruct/stage1: 240/1800 done, 2.1s/item, elapsed 8.5 min, VRAM peak 82.3%, ETA 2026-08-21 02:52:16 UTC (in 55.1 min)
2026-08-21 01:57:21 UTC INFO    __workspace___hf__models__Llama-3_1-8B-Instruct/stage1: 245/1800 done, 2.1s/item, elapsed 8.6 min, VRAM peak 82.3%, ETA 2026-08-21 02:52:04 UTC (in 54.7 min)
2026-08-21 01:57:32 UTC INFO    __workspace___hf__models__Llama-3_1-8B-Instruct/stage1: 250/1800 done, 2.1s/item, elapsed 8.8 min, VRAM peak 82.3%, ETA 2026-08-21 02:52:07 UTC (in 54.6 min)
2026-08-21 01:57:41 UTC INFO    __workspace___hf__models__Llama-3_1-8B-Instruct/stage1: 255/1800 done, 2.1s/item, elapsed 8.9 min, VRAM peak 82.3%, ETA 2026-08-21 02:51:50 UTC (in 54.2 min)
2026-08-21 01:57:52 UTC INFO    __workspace___hf__models__Llama-3_1-8B-Instruct/stage1: 260/1800 done, 2.1s/item, elapsed 9.1 min, VRAM peak 82.3%, ETA 2026-08-21 02:51:57 UTC (in 54.1 min)
2026-08-21 01:58:03 UTC INFO    __workspace___hf__models__Llama-3_1-8B-Instruct/stage1: 265/1800 done, 2.1s/item, elapsed 9.3 min, VRAM peak 82.3%, ETA 2026-08-21 02:51:57 UTC (in 53.9 min)
2026-08-21 01:58:13 UTC INFO    __workspace___hf__models__Llama-3_1-8B-Instruct/stage1: 270/1800 done, 2.1s/item, elapsed 9.5 min, VRAM peak 82.3%, ETA 2026-08-21 02:51:55 UTC (in 53.7 min)
2026-08-21 01:58:23 UTC INFO    __workspace___hf__models__Llama-3_1-8B-Instruct/stage1: 275/1800 done, 2.1s/item, elapsed 9.6 min, VRAM peak 82.3%, ETA 2026-08-21 02:51:52 UTC (in 53.5 min)
2026-08-21 01:58:33 UTC INFO    __workspace___hf__models__Llama-3_1-8B-Instruct/stage1: 280/1800 done, 2.1s/item, elapsed 9.8 min, VRAM peak 82.3%, ETA 2026-08-21 02:51:49 UTC (in 53.3 min)
2026-08-21 01:58:43 UTC INFO    __workspace___hf__models__Llama-3_1-8B-Instruct/stage1: 285/1800 done, 2.1s/item, elapsed 10.0 min, VRAM peak 82.3%, ETA 2026-08-21 02:51:46 UTC (in 53.1 min)
2026-08-21 01:58:53 UTC INFO    __workspace___hf__models__Llama-3_1-8B-Instruct/stage1: 290/1800 done, 2.1s/item, elapsed 10.1 min, VRAM peak 82.3%, ETA 2026-08-21 02:51:42 UTC (in 52.8 min)
2026-08-21 01:59:01 UTC INFO    __workspace___hf__models__Llama-3_1-8B-Instruct/stage1: 295/1800 done, 2.1s/item, elapsed 10.3 min, VRAM peak 82.3%, ETA 2026-08-21 02:51:28 UTC (in 52.5 min)
2026-08-21 01:59:10 UTC INFO    __workspace___hf__models__Llama-3_1-8B-Instruct/stage1: 300/1800 done, 2.1s/item, elapsed 10.4 min, VRAM peak 82.3%, ETA 2026-08-21 02:51:17 UTC (in 52.1 min)
2026-08-21 01:59:20 UTC INFO    __workspace___hf__models__Llama-3_1-8B-Instruct/stage1: 305/1800 done, 2.1s/item, elapsed 10.6 min, VRAM peak 82.3%, ETA 2026-08-21 02:51:15 UTC (in 51.9 min)
2026-08-21 01:59:32 UTC INFO    __workspace___hf__models__Llama-3_1-8B-Instruct/stage1: 310/1800 done, 2.1s/item, elapsed 10.8 min, VRAM peak 82.3%, ETA 2026-08-21 02:51:24 UTC (in 51.9 min)
2026-08-21 01:59:43 UTC INFO    __workspace___hf__models__Llama-3_1-8B-Instruct/stage1: 315/1800 done, 2.1s/item, elapsed 11.0 min, VRAM peak 82.3%, ETA 2026-08-21 02:51:27 UTC (in 51.7 min)
2026-08-21 01:59:56 UTC INFO    __workspace___hf__models__Llama-3_1-8B-Instruct/stage1: 320/1800 done, 2.1s/item, elapsed 11.2 min, VRAM peak 82.3%, ETA 2026-08-21 02:51:42 UTC (in 51.8 min)
2026-08-21 02:00:07 UTC INFO    __workspace___hf__models__Llama-3_1-8B-Instruct/stage1: 325/1800 done, 2.1s/item, elapsed 11.4 min, VRAM peak 82.7%, ETA 2026-08-21 02:51:44 UTC (in 51.6 min)
2026-08-21 02:00:15 UTC INFO    __workspace___hf__models__Llama-3_1-8B-Instruct/stage1: 330/1800 done, 2.1s/item, elapsed 11.5 min, VRAM peak 82.7%, ETA 2026-08-21 02:51:34 UTC (in 51.3 min)
2026-08-21 02:00:25 UTC INFO    __workspace___hf__models__Llama-3_1-8B-Instruct/stage1: 335/1800 done, 2.1s/item, elapsed 11.7 min, VRAM peak 82.7%, ETA 2026-08-21 02:51:31 UTC (in 51.1 min)
2026-08-21 02:00:35 UTC INFO    __workspace___hf__models__Llama-3_1-8B-Instruct/stage1: 340/1800 done, 2.1s/item, elapsed 11.8 min, VRAM peak 82.7%, ETA 2026-08-21 02:51:26 UTC (in 50.9 min)
2026-08-21 02:00:47 UTC INFO    __workspace___hf__models__Llama-3_1-8B-Instruct/stage1: 345/1800 done, 2.1s/item, elapsed 12.0 min, VRAM peak 82.7%, ETA 2026-08-21 02:51:35 UTC (in 50.8 min)
2026-08-21 02:00:58 UTC INFO    __workspace___hf__models__Llama-3_1-8B-Instruct/stage1: 350/1800 done, 2.1s/item, elapsed 12.2 min, VRAM peak 82.7%, ETA 2026-08-21 02:51:38 UTC (in 50.7 min)
2026-08-21 02:01:07 UTC INFO    __workspace___hf__models__Llama-3_1-8B-Instruct/stage1: 355/1800 done, 2.1s/item, elapsed 12.4 min, VRAM peak 82.7%, ETA 2026-08-21 02:51:29 UTC (in 50.4 min)
2026-08-21 02:01:19 UTC INFO    __workspace___hf__models__Llama-3_1-8B-Instruct/stage1: 360/1800 done, 2.1s/item, elapsed 12.6 min, VRAM peak 82.7%, ETA 2026-08-21 02:51:40 UTC (in 50.3 min)
2026-08-21 02:01:31 UTC INFO    __workspace___hf__models__Llama-3_1-8B-Instruct/stage1: 365/1800 done, 2.1s/item, elapsed 12.8 min, VRAM peak 82.7%, ETA 2026-08-21 02:51:48 UTC (in 50.3 min)
2026-08-21 02:01:41 UTC INFO    __workspace___hf__models__Llama-3_1-8B-Instruct/stage1: 370/1800 done, 2.1s/item, elapsed 12.9 min, VRAM peak 82.7%, ETA 2026-08-21 02:51:41 UTC (in 50.0 min)
2026-08-21 02:01:50 UTC INFO    __workspace___hf__models__Llama-3_1-8B-Instruct/stage1: 375/1800 done, 2.1s/item, elapsed 13.1 min, VRAM peak 82.7%, ETA 2026-08-21 02:51:37 UTC (in 49.8 min)
2026-08-21 02:02:01 UTC INFO    __workspace___hf__models__Llama-3_1-8B-Instruct/stage1: 380/1800 done, 2.1s/item, elapsed 13.3 min, VRAM peak 82.7%, ETA 2026-08-21 02:51:38 UTC (in 49.6 min)
2026-08-21 02:02:16 UTC INFO    __workspace___hf__models__Llama-3_1-8B-Instruct/stage1: 385/1800 done, 2.1s/item, elapsed 13.5 min, VRAM peak 82.7%, ETA 2026-08-21 02:51:59 UTC (in 49.7 min)
2026-08-21 02:02:25 UTC INFO    __workspace___hf__models__Llama-3_1-8B-Instruct/stage1: 390/1800 done, 2.1s/item, elapsed 13.7 min, VRAM peak 82.7%, ETA 2026-08-21 02:51:51 UTC (in 49.4 min)
2026-08-21 02:02:35 UTC INFO    __workspace___hf__models__Llama-3_1-8B-Instruct/stage1: 395/1800 done, 2.1s/item, elapsed 13.8 min, VRAM peak 82.7%, ETA 2026-08-21 02:51:49 UTC (in 49.2 min)
2026-08-21 02:02:46 UTC INFO    __workspace___hf__models__Llama-3_1-8B-Instruct/stage1: 400/1800 done, 2.1s/item, elapsed 14.0 min, VRAM peak 82.7%, ETA 2026-08-21 02:51:51 UTC (in 49.1 min)
2026-08-21 02:02:54 UTC INFO    __workspace___hf__models__Llama-3_1-8B-Instruct/stage1: 405/1800 done, 2.1s/item, elapsed 14.2 min, VRAM peak 82.7%, ETA 2026-08-21 02:51:43 UTC (in 48.8 min)
2026-08-21 02:03:02 UTC INFO    __workspace___hf__models__Llama-3_1-8B-Instruct/stage1: 410/1800 done, 2.1s/item, elapsed 14.3 min, VRAM peak 82.7%, ETA 2026-08-21 02:51:32 UTC (in 48.5 min)
2026-08-21 02:03:12 UTC INFO    __workspace___hf__models__Llama-3_1-8B-Instruct/stage1: 415/1800 done, 2.1s/item, elapsed 14.5 min, VRAM peak 82.7%, ETA 2026-08-21 02:51:28 UTC (in 48.3 min)
2026-08-21 02:03:22 UTC INFO    __workspace___hf__models__Llama-3_1-8B-Instruct/stage1: 420/1800 done, 2.1s/item, elapsed 14.6 min, VRAM peak 82.7%, ETA 2026-08-21 02:51:28 UTC (in 48.1 min)
2026-08-21 02:03:32 UTC INFO    __workspace___hf__models__Llama-3_1-8B-Instruct/stage1: 425/1800 done, 2.1s/item, elapsed 14.8 min, VRAM peak 82.7%, ETA 2026-08-21 02:51:23 UTC (in 47.9 min)
2026-08-21 02:03:41 UTC INFO    __workspace___hf__models__Llama-3_1-8B-Instruct/stage1: 430/1800 done, 2.1s/item, elapsed 14.9 min, VRAM peak 82.7%, ETA 2026-08-21 02:51:16 UTC (in 47.6 min)
2026-08-21 02:03:50 UTC INFO    __workspace___hf__models__Llama-3_1-8B-Instruct/stage1: 435/1800 done, 2.1s/item, elapsed 15.1 min, VRAM peak 82.7%, ETA 2026-08-21 02:51:13 UTC (in 47.4 min)
2026-08-21 02:04:02 UTC INFO    __workspace___hf__models__Llama-3_1-8B-Instruct/stage1: 440/1800 done, 2.1s/item, elapsed 15.3 min, VRAM peak 82.7%, ETA 2026-08-21 02:51:18 UTC (in 47.3 min)
2026-08-21 02:04:14 UTC INFO    __workspace___hf__models__Llama-3_1-8B-Instruct/stage1: 445/1800 done, 2.1s/item, elapsed 15.5 min, VRAM peak 82.7%, ETA 2026-08-21 02:51:26 UTC (in 47.2 min)
2026-08-21 02:04:25 UTC INFO    __workspace___hf__models__Llama-3_1-8B-Instruct/stage1: 450/1800 done, 2.1s/item, elapsed 15.7 min, VRAM peak 83.0%, ETA 2026-08-21 02:51:27 UTC (in 47.0 min)
2026-08-21 02:04:35 UTC INFO    __workspace___hf__models__Llama-3_1-8B-Instruct/stage1: 455/1800 done, 2.1s/item, elapsed 15.9 min, VRAM peak 83.0%, ETA 2026-08-21 02:51:27 UTC (in 46.9 min)
2026-08-21 02:04:44 UTC INFO    __workspace___hf__models__Llama-3_1-8B-Instruct/stage1: 460/1800 done, 2.1s/item, elapsed 16.0 min, VRAM peak 83.0%, ETA 2026-08-21 02:51:21 UTC (in 46.6 min)
2026-08-21 02:04:54 UTC INFO    __workspace___hf__models__Llama-3_1-8B-Instruct/stage1: 465/1800 done, 2.1s/item, elapsed 16.2 min, VRAM peak 83.0%, ETA 2026-08-21 02:51:17 UTC (in 46.4 min)
2026-08-21 02:05:04 UTC INFO    __workspace___hf__models__Llama-3_1-8B-Instruct/stage1: 470/1800 done, 2.1s/item, elapsed 16.3 min, VRAM peak 83.0%, ETA 2026-08-21 02:51:16 UTC (in 46.2 min)
2026-08-21 02:05:14 UTC INFO    __workspace___hf__models__Llama-3_1-8B-Instruct/stage1: 475/1800 done, 2.1s/item, elapsed 16.5 min, VRAM peak 83.0%, ETA 2026-08-21 02:51:14 UTC (in 46.0 min)
2026-08-21 02:05:24 UTC INFO    __workspace___hf__models__Llama-3_1-8B-Instruct/stage1: 480/1800 done, 2.1s/item, elapsed 16.7 min, VRAM peak 83.0%, ETA 2026-08-21 02:51:14 UTC (in 45.8 min)
2026-08-21 02:05:35 UTC INFO    __workspace___hf__models__Llama-3_1-8B-Instruct/stage1: 485/1800 done, 2.1s/item, elapsed 16.9 min, VRAM peak 83.0%, ETA 2026-08-21 02:51:17 UTC (in 45.7 min)
2026-08-21 02:05:44 UTC INFO    __workspace___hf__models__Llama-3_1-8B-Instruct/stage1: 490/1800 done, 2.1s/item, elapsed 17.0 min, VRAM peak 83.0%, ETA 2026-08-21 02:51:12 UTC (in 45.5 min)
2026-08-21 02:05:54 UTC INFO    __workspace___hf__models__Llama-3_1-8B-Instruct/stage1: 495/1800 done, 2.1s/item, elapsed 17.2 min, VRAM peak 83.0%, ETA 2026-08-21 02:51:08 UTC (in 45.2 min)
2026-08-21 02:06:02 UTC INFO    __workspace___hf__models__Llama-3_1-8B-Instruct/stage1: 500/1800 done, 2.1s/item, elapsed 17.3 min, VRAM peak 83.0%, ETA 2026-08-21 02:51:00 UTC (in 45.0 min)
2026-08-21 02:06:11 UTC INFO    __workspace___hf__models__Llama-3_1-8B-Instruct/stage1: 505/1800 done, 2.1s/item, elapsed 17.4 min, VRAM peak 83.0%, ETA 2026-08-21 02:50:54 UTC (in 44.7 min)
2026-08-21 02:06:21 UTC INFO    __workspace___hf__models__Llama-3_1-8B-Instruct/stage1: 510/1800 done, 2.1s/item, elapsed 17.6 min, VRAM peak 83.0%, ETA 2026-08-21 02:50:54 UTC (in 44.6 min)
2026-08-21 02:06:31 UTC INFO    __workspace___hf__models__Llama-3_1-8B-Instruct/stage1: 515/1800 done, 2.1s/item, elapsed 17.8 min, VRAM peak 83.0%, ETA 2026-08-21 02:50:55 UTC (in 44.4 min)
2026-08-21 02:06:41 UTC INFO    __workspace___hf__models__Llama-3_1-8B-Instruct/stage1: 520/1800 done, 2.1s/item, elapsed 18.0 min, VRAM peak 83.0%, ETA 2026-08-21 02:50:53 UTC (in 44.2 min)
2026-08-21 02:06:52 UTC INFO    __workspace___hf__models__Llama-3_1-8B-Instruct/stage1: 525/1800 done, 2.1s/item, elapsed 18.1 min, VRAM peak 83.0%, ETA 2026-08-21 02:50:55 UTC (in 44.0 min)
2026-08-21 02:07:04 UTC INFO    __workspace___hf__models__Llama-3_1-8B-Instruct/stage1: 530/1800 done, 2.1s/item, elapsed 18.3 min, VRAM peak 83.0%, ETA 2026-08-21 02:51:01 UTC (in 43.9 min)
2026-08-21 02:07:14 UTC INFO    __workspace___hf__models__Llama-3_1-8B-Instruct/stage1: 535/1800 done, 2.1s/item, elapsed 18.5 min, VRAM peak 83.0%, ETA 2026-08-21 02:50:57 UTC (in 43.7 min)
2026-08-21 02:07:24 UTC INFO    __workspace___hf__models__Llama-3_1-8B-Instruct/stage1: 540/1800 done, 2.1s/item, elapsed 18.7 min, VRAM peak 83.0%, ETA 2026-08-21 02:50:57 UTC (in 43.5 min)
2026-08-21 02:07:36 UTC INFO    __workspace___hf__models__Llama-3_1-8B-Instruct/stage1: 545/1800 done, 2.1s/item, elapsed 18.9 min, VRAM peak 83.0%, ETA 2026-08-21 02:51:03 UTC (in 43.4 min)
2026-08-21 02:07:45 UTC INFO    __workspace___hf__models__Llama-3_1-8B-Instruct/stage1: 550/1800 done, 2.1s/item, elapsed 19.0 min, VRAM peak 83.0%, ETA 2026-08-21 02:50:58 UTC (in 43.2 min)
2026-08-21 02:07:58 UTC INFO    __workspace___hf__models__Llama-3_1-8B-Instruct/stage1: 555/1800 done, 2.1s/item, elapsed 19.2 min, VRAM peak 83.0%, ETA 2026-08-21 02:51:06 UTC (in 43.1 min)
2026-08-21 02:08:10 UTC INFO    __workspace___hf__models__Llama-3_1-8B-Instruct/stage1: 560/1800 done, 2.1s/item, elapsed 19.4 min, VRAM peak 83.0%, ETA 2026-08-21 02:51:12 UTC (in 43.0 min)
2026-08-21 02:08:22 UTC INFO    __workspace___hf__models__Llama-3_1-8B-Instruct/stage1: 565/1800 done, 2.1s/item, elapsed 19.6 min, VRAM peak 83.0%, ETA 2026-08-21 02:51:16 UTC (in 42.9 min)
2026-08-21 02:08:32 UTC INFO    __workspace___hf__models__Llama-3_1-8B-Instruct/stage1: 570/1800 done, 2.1s/item, elapsed 19.8 min, VRAM peak 83.0%, ETA 2026-08-21 02:51:15 UTC (in 42.7 min)
2026-08-21 02:08:42 UTC INFO    __workspace___hf__models__Llama-3_1-8B-Instruct/stage1: 575/1800 done, 2.1s/item, elapsed 20.0 min, VRAM peak 83.0%, ETA 2026-08-21 02:51:14 UTC (in 42.5 min)
2026-08-21 02:08:53 UTC INFO    __workspace___hf__models__Llama-3_1-8B-Instruct/stage1: 580/1800 done, 2.1s/item, elapsed 20.1 min, VRAM peak 83.0%, ETA 2026-08-21 02:51:15 UTC (in 42.4 min)
2026-08-21 02:09:01 UTC INFO    __workspace___hf__models__Llama-3_1-8B-Instruct/stage1: 585/1800 done, 2.1s/item, elapsed 20.3 min, VRAM peak 83.0%, ETA 2026-08-21 02:51:09 UTC (in 42.1 min)
2026-08-21 02:09:11 UTC INFO    __workspace___hf__models__Llama-3_1-8B-Instruct/stage1: 590/1800 done, 2.1s/item, elapsed 20.4 min, VRAM peak 83.0%, ETA 2026-08-21 02:51:07 UTC (in 41.9 min)
2026-08-21 02:09:21 UTC INFO    __workspace___hf__models__Llama-3_1-8B-Instruct/stage1: 595/1800 done, 2.1s/item, elapsed 20.6 min, VRAM peak 83.0%, ETA 2026-08-21 02:51:05 UTC (in 41.7 min)
2026-08-21 02:09:31 UTC INFO    __workspace___hf__models__Llama-3_1-8B-Instruct/stage1: 600/1800 done, 2.1s/item, elapsed 20.8 min, VRAM peak 83.0%, ETA 2026-08-21 02:51:06 UTC (in 41.6 min)
2026-08-21 02:09:41 UTC INFO    __workspace___hf__models__Llama-3_1-8B-Instruct/stage1: 605/1800 done, 2.1s/item, elapsed 20.9 min, VRAM peak 83.0%, ETA 2026-08-21 02:51:03 UTC (in 41.4 min)
2026-08-21 02:09:50 UTC INFO    __workspace___hf__models__Llama-3_1-8B-Instruct/stage1: 610/1800 done, 2.1s/item, elapsed 21.1 min, VRAM peak 83.0%, ETA 2026-08-21 02:51:01 UTC (in 41.2 min)
2026-08-21 02:10:01 UTC INFO    __workspace___hf__models__Llama-3_1-8B-Instruct/stage1: 615/1800 done, 2.1s/item, elapsed 21.3 min, VRAM peak 83.0%, ETA 2026-08-21 02:51:00 UTC (in 41.0 min)
2026-08-21 02:10:11 UTC INFO    __workspace___hf__models__Llama-3_1-8B-Instruct/stage1: 620/1800 done, 2.1s/item, elapsed 21.4 min, VRAM peak 83.0%, ETA 2026-08-21 02:51:00 UTC (in 40.8 min)
2026-08-21 02:10:21 UTC INFO    __workspace___hf__models__Llama-3_1-8B-Instruct/stage1: 625/1800 done, 2.1s/item, elapsed 21.6 min, VRAM peak 83.0%, ETA 2026-08-21 02:50:59 UTC (in 40.6 min)
2026-08-21 02:10:31 UTC INFO    __workspace___hf__models__Llama-3_1-8B-Instruct/stage1: 630/1800 done, 2.1s/item, elapsed 21.8 min, VRAM peak 83.0%, ETA 2026-08-21 02:50:59 UTC (in 40.5 min)
2026-08-21 02:10:40 UTC INFO    __workspace___hf__models__Llama-3_1-8B-Instruct/stage1: 635/1800 done, 2.1s/item, elapsed 21.9 min, VRAM peak 83.0%, ETA 2026-08-21 02:50:55 UTC (in 40.2 min)
2026-08-21 02:10:51 UTC INFO    __workspace___hf__models__Llama-3_1-8B-Instruct/stage1: 640/1800 done, 2.1s/item, elapsed 22.1 min, VRAM peak 83.0%, ETA 2026-08-21 02:50:56 UTC (in 40.1 min)
2026-08-21 02:11:02 UTC INFO    __workspace___hf__models__Llama-3_1-8B-Instruct/stage1: 645/1800 done, 2.1s/item, elapsed 22.3 min, VRAM peak 83.0%, ETA 2026-08-21 02:50:57 UTC (in 39.9 min)
2026-08-21 02:11:12 UTC INFO    __workspace___hf__models__Llama-3_1-8B-Instruct/stage1: 650/1800 done, 2.1s/item, elapsed 22.5 min, VRAM peak 83.0%, ETA 2026-08-21 02:50:57 UTC (in 39.7 min)
2026-08-21 02:11:20 UTC INFO    __workspace___hf__models__Llama-3_1-8B-Instruct/stage1: 655/1800 done, 2.1s/item, elapsed 22.6 min, VRAM peak 83.0%, ETA 2026-08-21 02:50:50 UTC (in 39.5 min)
2026-08-21 02:11:31 UTC INFO    __workspace___hf__models__Llama-3_1-8B-Instruct/stage1: 660/1800 done, 2.1s/item, elapsed 22.8 min, VRAM peak 83.0%, ETA 2026-08-21 02:50:52 UTC (in 39.3 min)
2026-08-21 02:11:41 UTC INFO    __workspace___hf__models__Llama-3_1-8B-Instruct/stage1: 665/1800 done, 2.1s/item, elapsed 22.9 min, VRAM peak 83.0%, ETA 2026-08-21 02:50:51 UTC (in 39.2 min)
2026-08-21 02:11:52 UTC INFO    __workspace___hf__models__Llama-3_1-8B-Instruct/stage1: 670/1800 done, 2.1s/item, elapsed 23.1 min, VRAM peak 83.0%, ETA 2026-08-21 02:50:52 UTC (in 39.0 min)
2026-08-21 02:11:59 UTC INFO    __workspace___hf__models__Llama-3_1-8B-Instruct/stage1: 675/1800 done, 2.1s/item, elapsed 23.2 min, VRAM peak 83.0%, ETA 2026-08-21 02:50:43 UTC (in 38.7 min)
2026-08-21 02:12:08 UTC INFO    __workspace___hf__models__Llama-3_1-8B-Instruct/stage1: 680/1800 done, 2.1s/item, elapsed 23.4 min, VRAM peak 83.0%, ETA 2026-08-21 02:50:41 UTC (in 38.5 min)
2026-08-21 02:12:20 UTC INFO    __workspace___hf__models__Llama-3_1-8B-Instruct/stage1: 685/1800 done, 2.1s/item, elapsed 23.6 min, VRAM peak 83.0%, ETA 2026-08-21 02:50:43 UTC (in 38.4 min)
2026-08-21 02:12:31 UTC INFO    __workspace___hf__models__Llama-3_1-8B-Instruct/stage1: 690/1800 done, 2.1s/item, elapsed 23.8 min, VRAM peak 83.0%, ETA 2026-08-21 02:50:46 UTC (in 38.2 min)
2026-08-21 02:12:42 UTC INFO    __workspace___hf__models__Llama-3_1-8B-Instruct/stage1: 695/1800 done, 2.1s/item, elapsed 24.0 min, VRAM peak 83.0%, ETA 2026-08-21 02:50:48 UTC (in 38.1 min)
2026-08-21 02:12:52 UTC INFO    __workspace___hf__models__Llama-3_1-8B-Instruct/stage1: 700/1800 done, 2.1s/item, elapsed 24.1 min, VRAM peak 83.0%, ETA 2026-08-21 02:50:48 UTC (in 37.9 min)
2026-08-21 02:13:02 UTC INFO    __workspace___hf__models__Llama-3_1-8B-Instruct/stage1: 705/1800 done, 2.1s/item, elapsed 24.3 min, VRAM peak 83.0%, ETA 2026-08-21 02:50:47 UTC (in 37.7 min)
2026-08-21 02:13:14 UTC INFO    __workspace___hf__models__Llama-3_1-8B-Instruct/stage1: 710/1800 done, 2.1s/item, elapsed 24.5 min, VRAM peak 83.0%, ETA 2026-08-21 02:50:51 UTC (in 37.6 min)
2026-08-21 02:13:23 UTC INFO    __workspace___hf__models__Llama-3_1-8B-Instruct/stage1: 715/1800 done, 2.1s/item, elapsed 24.7 min, VRAM peak 83.0%, ETA 2026-08-21 02:50:48 UTC (in 37.4 min)
2026-08-21 02:13:34 UTC INFO    __workspace___hf__models__Llama-3_1-8B-Instruct/stage1: 720/1800 done, 2.1s/item, elapsed 24.8 min, VRAM peak 83.0%, ETA 2026-08-21 02:50:48 UTC (in 37.2 min)
2026-08-21 02:13:45 UTC INFO    __workspace___hf__models__Llama-3_1-8B-Instruct/stage1: 725/1800 done, 2.1s/item, elapsed 25.0 min, VRAM peak 83.0%, ETA 2026-08-21 02:50:51 UTC (in 37.1 min)
2026-08-21 02:13:54 UTC INFO    __workspace___hf__models__Llama-3_1-8B-Instruct/stage1: 730/1800 done, 2.1s/item, elapsed 25.2 min, VRAM peak 83.0%, ETA 2026-08-21 02:50:48 UTC (in 36.9 min)
2026-08-21 02:14:05 UTC INFO    __workspace___hf__models__Llama-3_1-8B-Instruct/stage1: 735/1800 done, 2.1s/item, elapsed 25.3 min, VRAM peak 83.0%, ETA 2026-08-21 02:50:49 UTC (in 36.7 min)
2026-08-21 02:14:15 UTC INFO    __workspace___hf__models__Llama-3_1-8B-Instruct/stage1: 740/1800 done, 2.1s/item, elapsed 25.5 min, VRAM peak 83.0%, ETA 2026-08-21 02:50:48 UTC (in 36.6 min)
2026-08-21 02:14:25 UTC INFO    __workspace___hf__models__Llama-3_1-8B-Instruct/stage1: 745/1800 done, 2.1s/item, elapsed 25.7 min, VRAM peak 83.0%, ETA 2026-08-21 02:50:47 UTC (in 36.4 min)
2026-08-21 02:14:33 UTC INFO    __workspace___hf__models__Llama-3_1-8B-Instruct/stage1: 750/1800 done, 2.1s/item, elapsed 25.8 min, VRAM peak 83.0%, ETA 2026-08-21 02:50:42 UTC (in 36.1 min)
2026-08-21 02:14:47 UTC INFO    __workspace___hf__models__Llama-3_1-8B-Instruct/stage1: 755/1800 done, 2.1s/item, elapsed 26.0 min, VRAM peak 83.0%, ETA 2026-08-21 02:50:49 UTC (in 36.0 min)
2026-08-21 02:14:56 UTC INFO    __workspace___hf__models__Llama-3_1-8B-Instruct/stage1: 760/1800 done, 2.1s/item, elapsed 26.2 min, VRAM peak 83.0%, ETA 2026-08-21 02:50:47 UTC (in 35.9 min)
2026-08-21 02:15:05 UTC INFO    __workspace___hf__models__Llama-3_1-8B-Instruct/stage1: 765/1800 done, 2.1s/item, elapsed 26.4 min, VRAM peak 83.0%, ETA 2026-08-21 02:50:45 UTC (in 35.7 min)
2026-08-21 02:15:14 UTC INFO    __workspace___hf__models__Llama-3_1-8B-Instruct/stage1: 770/1800 done, 2.1s/item, elapsed 26.5 min, VRAM peak 83.0%, ETA 2026-08-21 02:50:41 UTC (in 35.5 min)
2026-08-21 02:15:24 UTC INFO    __workspace___hf__models__Llama-3_1-8B-Instruct/stage1: 775/1800 done, 2.1s/item, elapsed 26.7 min, VRAM peak 83.0%, ETA 2026-08-21 02:50:41 UTC (in 35.3 min)
2026-08-21 02:15:35 UTC INFO    __workspace___hf__models__Llama-3_1-8B-Instruct/stage1: 780/1800 done, 2.1s/item, elapsed 26.8 min, VRAM peak 83.0%, ETA 2026-08-21 02:50:41 UTC (in 35.1 min)
2026-08-21 02:15:45 UTC INFO    __workspace___hf__models__Llama-3_1-8B-Instruct/stage1: 785/1800 done, 2.1s/item, elapsed 27.0 min, VRAM peak 83.0%, ETA 2026-08-21 02:50:41 UTC (in 34.9 min)
2026-08-21 02:15:54 UTC INFO    __workspace___hf__models__Llama-3_1-8B-Instruct/stage1: 790/1800 done, 2.1s/item, elapsed 27.2 min, VRAM peak 83.0%, ETA 2026-08-21 02:50:38 UTC (in 34.7 min)
2026-08-21 02:16:03 UTC INFO    __workspace___hf__models__Llama-3_1-8B-Instruct/stage1: 795/1800 done, 2.1s/item, elapsed 27.3 min, VRAM peak 83.0%, ETA 2026-08-21 02:50:35 UTC (in 34.5 min)
2026-08-21 02:16:12 UTC INFO    __workspace___hf__models__Llama-3_1-8B-Instruct/stage1: 800/1800 done, 2.1s/item, elapsed 27.5 min, VRAM peak 83.0%, ETA 2026-08-21 02:50:31 UTC (in 34.3 min)
2026-08-21 02:16:25 UTC INFO    __workspace___hf__models__Llama-3_1-8B-Instruct/stage1: 805/1800 done, 2.1s/item, elapsed 27.7 min, VRAM peak 83.0%, ETA 2026-08-21 02:50:37 UTC (in 34.2 min)
2026-08-21 02:16:36 UTC INFO    __workspace___hf__models__Llama-3_1-8B-Instruct/stage1: 810/1800 done, 2.1s/item, elapsed 27.9 min, VRAM peak 83.0%, ETA 2026-08-21 02:50:39 UTC (in 34.1 min)
2026-08-21 02:16:50 UTC INFO    __workspace___hf__models__Llama-3_1-8B-Instruct/stage1: 815/1800 done, 2.1s/item, elapsed 28.1 min, VRAM peak 83.0%, ETA 2026-08-21 02:50:48 UTC (in 34.0 min)
2026-08-21 02:17:03 UTC INFO    __workspace___hf__models__Llama-3_1-8B-Instruct/stage1: 820/1800 done, 2.1s/item, elapsed 28.3 min, VRAM peak 83.0%, ETA 2026-08-21 02:50:52 UTC (in 33.8 min)
2026-08-21 02:17:14 UTC INFO    __workspace___hf__models__Llama-3_1-8B-Instruct/stage1: 825/1800 done, 2.1s/item, elapsed 28.5 min, VRAM peak 83.0%, ETA 2026-08-21 02:50:54 UTC (in 33.7 min)
2026-08-21 02:17:24 UTC INFO    __workspace___hf__models__Llama-3_1-8B-Instruct/stage1: 830/1800 done, 2.1s/item, elapsed 28.7 min, VRAM peak 83.0%, ETA 2026-08-21 02:50:53 UTC (in 33.5 min)
2026-08-21 02:17:33 UTC INFO    __workspace___hf__models__Llama-3_1-8B-Instruct/stage1: 835/1800 done, 2.1s/item, elapsed 28.8 min, VRAM peak 83.0%, ETA 2026-08-21 02:50:50 UTC (in 33.3 min)
2026-08-21 02:17:42 UTC INFO    __workspace___hf__models__Llama-3_1-8B-Instruct/stage1: 840/1800 done, 2.1s/item, elapsed 29.0 min, VRAM peak 83.0%, ETA 2026-08-21 02:50:49 UTC (in 33.1 min)
2026-08-21 02:17:54 UTC INFO    __workspace___hf__models__Llama-3_1-8B-Instruct/stage1: 845/1800 done, 2.1s/item, elapsed 29.2 min, VRAM peak 83.0%, ETA 2026-08-21 02:50:53 UTC (in 33.0 min)
2026-08-21 02:18:04 UTC INFO    __workspace___hf__models__Llama-3_1-8B-Instruct/stage1: 850/1800 done, 2.1s/item, elapsed 29.3 min, VRAM peak 83.0%, ETA 2026-08-21 02:50:50 UTC (in 32.8 min)
2026-08-21 02:18:15 UTC INFO    __workspace___hf__models__Llama-3_1-8B-Instruct/stage1: 855/1800 done, 2.1s/item, elapsed 29.5 min, VRAM peak 83.0%, ETA 2026-08-21 02:50:52 UTC (in 32.6 min)
2026-08-21 02:18:26 UTC INFO    __workspace___hf__models__Llama-3_1-8B-Instruct/stage1: 860/1800 done, 2.1s/item, elapsed 29.7 min, VRAM peak 83.0%, ETA 2026-08-21 02:50:55 UTC (in 32.5 min)
2026-08-21 02:18:37 UTC INFO    __workspace___hf__models__Llama-3_1-8B-Instruct/stage1: 865/1800 done, 2.1s/item, elapsed 29.9 min, VRAM peak 83.0%, ETA 2026-08-21 02:50:54 UTC (in 32.3 min)
2026-08-21 02:18:47 UTC INFO    __workspace___hf__models__Llama-3_1-8B-Instruct/stage1: 870/1800 done, 2.1s/item, elapsed 30.0 min, VRAM peak 83.0%, ETA 2026-08-21 02:50:54 UTC (in 32.1 min)
2026-08-21 02:18:56 UTC INFO    __workspace___hf__models__Llama-3_1-8B-Instruct/stage1: 875/1800 done, 2.1s/item, elapsed 30.2 min, VRAM peak 83.0%, ETA 2026-08-21 02:50:52 UTC (in 31.9 min)
2026-08-21 02:19:09 UTC INFO    __workspace___hf__models__Llama-3_1-8B-Instruct/stage1: 880/1800 done, 2.1s/item, elapsed 30.4 min, VRAM peak 83.0%, ETA 2026-08-21 02:50:56 UTC (in 31.8 min)
2026-08-21 02:19:19 UTC INFO    __workspace___hf__models__Llama-3_1-8B-Instruct/stage1: 885/1800 done, 2.1s/item, elapsed 30.6 min, VRAM peak 83.0%, ETA 2026-08-21 02:50:56 UTC (in 31.6 min)
2026-08-21 02:19:29 UTC INFO    __workspace___hf__models__Llama-3_1-8B-Instruct/stage1: 890/1800 done, 2.1s/item, elapsed 30.8 min, VRAM peak 83.0%, ETA 2026-08-21 02:50:56 UTC (in 31.4 min)
2026-08-21 02:19:42 UTC INFO    __workspace___hf__models__Llama-3_1-8B-Instruct/stage1: 895/1800 done, 2.1s/item, elapsed 31.0 min, VRAM peak 83.0%, ETA 2026-08-21 02:51:01 UTC (in 31.3 min)
2026-08-21 02:19:52 UTC INFO    __workspace___hf__models__Llama-3_1-8B-Instruct/stage1: 900/1800 done, 2.1s/item, elapsed 31.1 min, VRAM peak 83.0%, ETA 2026-08-21 02:51:00 UTC (in 31.1 min)
2026-08-21 02:20:04 UTC INFO    __workspace___hf__models__Llama-3_1-8B-Instruct/stage1: 905/1800 done, 2.1s/item, elapsed 31.3 min, VRAM peak 83.0%, ETA 2026-08-21 02:51:02 UTC (in 31.0 min)
2026-08-21 02:20:16 UTC INFO    __workspace___hf__models__Llama-3_1-8B-Instruct/stage1: 910/1800 done, 2.1s/item, elapsed 31.5 min, VRAM peak 83.0%, ETA 2026-08-21 02:51:06 UTC (in 30.8 min)
2026-08-21 02:20:33 UTC INFO    __workspace___hf__models__Llama-3_1-8B-Instruct/stage1: 915/1800 done, 2.1s/item, elapsed 31.8 min, VRAM peak 83.0%, ETA 2026-08-21 02:51:18 UTC (in 30.8 min)
2026-08-21 02:20:42 UTC INFO    __workspace___hf__models__Llama-3_1-8B-Instruct/stage1: 920/1800 done, 2.1s/item, elapsed 32.0 min, VRAM peak 83.0%, ETA 2026-08-21 02:51:16 UTC (in 30.6 min)
2026-08-21 02:20:52 UTC INFO    __workspace___hf__models__Llama-3_1-8B-Instruct/stage1: 925/1800 done, 2.1s/item, elapsed 32.1 min, VRAM peak 83.0%, ETA 2026-08-21 02:51:15 UTC (in 30.4 min)
2026-08-21 02:21:00 UTC INFO    __workspace___hf__models__Llama-3_1-8B-Instruct/stage1: 930/1800 done, 2.1s/item, elapsed 32.3 min, VRAM peak 83.0%, ETA 2026-08-21 02:51:12 UTC (in 30.2 min)
2026-08-21 02:21:10 UTC INFO    __workspace___hf__models__Llama-3_1-8B-Instruct/stage1: 935/1800 done, 2.1s/item, elapsed 32.4 min, VRAM peak 83.0%, ETA 2026-08-21 02:51:10 UTC (in 30.0 min)
2026-08-21 02:21:20 UTC INFO    __workspace___hf__models__Llama-3_1-8B-Instruct/stage1: 940/1800 done, 2.1s/item, elapsed 32.6 min, VRAM peak 83.0%, ETA 2026-08-21 02:51:09 UTC (in 29.8 min)
2026-08-21 02:21:30 UTC INFO    __workspace___hf__models__Llama-3_1-8B-Instruct/stage1: 945/1800 done, 2.1s/item, elapsed 32.8 min, VRAM peak 83.0%, ETA 2026-08-21 02:51:09 UTC (in 29.6 min)
2026-08-21 02:21:40 UTC INFO    __workspace___hf__models__Llama-3_1-8B-Instruct/stage1: 950/1800 done, 2.1s/item, elapsed 32.9 min, VRAM peak 83.0%, ETA 2026-08-21 02:51:07 UTC (in 29.5 min)
2026-08-21 02:21:49 UTC INFO    __workspace___hf__models__Llama-3_1-8B-Instruct/stage1: 955/1800 done, 2.1s/item, elapsed 33.1 min, VRAM peak 83.0%, ETA 2026-08-21 02:51:06 UTC (in 29.3 min)
2026-08-21 02:21:59 UTC INFO    __workspace___hf__models__Llama-3_1-8B-Instruct/stage1: 960/1800 done, 2.1s/item, elapsed 33.2 min, VRAM peak 83.0%, ETA 2026-08-21 02:51:04 UTC (in 29.1 min)
2026-08-21 02:22:08 UTC INFO    __workspace___hf__models__Llama-3_1-8B-Instruct/stage1: 965/1800 done, 2.1s/item, elapsed 33.4 min, VRAM peak 83.0%, ETA 2026-08-21 02:51:02 UTC (in 28.9 min)
2026-08-21 02:22:17 UTC INFO    __workspace___hf__models__Llama-3_1-8B-Instruct/stage1: 970/1800 done, 2.1s/item, elapsed 33.5 min, VRAM peak 83.0%, ETA 2026-08-21 02:50:59 UTC (in 28.7 min)
2026-08-21 02:22:27 UTC INFO    __workspace___hf__models__Llama-3_1-8B-Instruct/stage1: 975/1800 done, 2.1s/item, elapsed 33.7 min, VRAM peak 83.0%, ETA 2026-08-21 02:50:58 UTC (in 28.5 min)
2026-08-21 02:22:37 UTC INFO    __workspace___hf__models__Llama-3_1-8B-Instruct/stage1: 980/1800 done, 2.1s/item, elapsed 33.9 min, VRAM peak 83.0%, ETA 2026-08-21 02:50:58 UTC (in 28.3 min)
2026-08-21 02:22:47 UTC INFO    __workspace___hf__models__Llama-3_1-8B-Instruct/stage1: 985/1800 done, 2.1s/item, elapsed 34.1 min, VRAM peak 83.0%, ETA 2026-08-21 02:50:58 UTC (in 28.2 min)
2026-08-21 02:22:57 UTC INFO    __workspace___hf__models__Llama-3_1-8B-Instruct/stage1: 990/1800 done, 2.1s/item, elapsed 34.2 min, VRAM peak 83.0%, ETA 2026-08-21 02:50:56 UTC (in 28.0 min)
2026-08-21 02:23:06 UTC INFO    __workspace___hf__models__Llama-3_1-8B-Instruct/stage1: 995/1800 done, 2.1s/item, elapsed 34.4 min, VRAM peak 83.0%, ETA 2026-08-21 02:50:54 UTC (in 27.8 min)
2026-08-21 02:23:15 UTC INFO    __workspace___hf__models__Llama-3_1-8B-Instruct/stage1: 1000/1800 done, 2.1s/item, elapsed 34.5 min, VRAM peak 83.0%, ETA 2026-08-21 02:50:51 UTC (in 27.6 min)
2026-08-21 02:23:25 UTC INFO    __workspace___hf__models__Llama-3_1-8B-Instruct/stage1: 1005/1800 done, 2.1s/item, elapsed 34.7 min, VRAM peak 83.0%, ETA 2026-08-21 02:50:52 UTC (in 27.4 min)
2026-08-21 02:23:36 UTC INFO    __workspace___hf__models__Llama-3_1-8B-Instruct/stage1: 1010/1800 done, 2.1s/item, elapsed 34.9 min, VRAM peak 83.0%, ETA 2026-08-21 02:50:51 UTC (in 27.3 min)
2026-08-21 02:23:45 UTC INFO    __workspace___hf__models__Llama-3_1-8B-Instruct/stage1: 1015/1800 done, 2.1s/item, elapsed 35.0 min, VRAM peak 83.0%, ETA 2026-08-21 02:50:49 UTC (in 27.1 min)
2026-08-21 02:23:55 UTC INFO    __workspace___hf__models__Llama-3_1-8B-Instruct/stage1: 1020/1800 done, 2.1s/item, elapsed 35.2 min, VRAM peak 83.0%, ETA 2026-08-21 02:50:49 UTC (in 26.9 min)
2026-08-21 02:24:06 UTC INFO    __workspace___hf__models__Llama-3_1-8B-Instruct/stage1: 1025/1800 done, 2.1s/item, elapsed 35.4 min, VRAM peak 83.0%, ETA 2026-08-21 02:50:50 UTC (in 26.7 min)
2026-08-21 02:24:15 UTC INFO    __workspace___hf__models__Llama-3_1-8B-Instruct/stage1: 1030/1800 done, 2.1s/item, elapsed 35.5 min, VRAM peak 83.0%, ETA 2026-08-21 02:50:47 UTC (in 26.5 min)
2026-08-21 02:24:25 UTC INFO    __workspace___hf__models__Llama-3_1-8B-Instruct/stage1: 1035/1800 done, 2.1s/item, elapsed 35.7 min, VRAM peak 83.0%, ETA 2026-08-21 02:50:47 UTC (in 26.4 min)
2026-08-21 02:24:37 UTC INFO    __workspace___hf__models__Llama-3_1-8B-Instruct/stage1: 1040/1800 done, 2.1s/item, elapsed 35.9 min, VRAM peak 83.0%, ETA 2026-08-21 02:50:49 UTC (in 26.2 min)
2026-08-21 02:24:47 UTC INFO    __workspace___hf__models__Llama-3_1-8B-Instruct/stage1: 1045/1800 done, 2.1s/item, elapsed 36.1 min, VRAM peak 83.0%, ETA 2026-08-21 02:50:50 UTC (in 26.0 min)
2026-08-21 02:24:59 UTC INFO    __workspace___hf__models__Llama-3_1-8B-Instruct/stage1: 1050/1800 done, 2.1s/item, elapsed 36.2 min, VRAM peak 83.0%, ETA 2026-08-21 02:50:52 UTC (in 25.9 min)
2026-08-21 02:25:08 UTC INFO    __workspace___hf__models__Llama-3_1-8B-Instruct/stage1: 1055/1800 done, 2.1s/item, elapsed 36.4 min, VRAM peak 83.0%, ETA 2026-08-21 02:50:50 UTC (in 25.7 min)
2026-08-21 02:25:19 UTC INFO    __workspace___hf__models__Llama-3_1-8B-Instruct/stage1: 1060/1800 done, 2.1s/item, elapsed 36.6 min, VRAM peak 83.0%, ETA 2026-08-21 02:50:51 UTC (in 25.5 min)
2026-08-21 02:25:29 UTC INFO    __workspace___hf__models__Llama-3_1-8B-Instruct/stage1: 1065/1800 done, 2.1s/item, elapsed 36.7 min, VRAM peak 83.0%, ETA 2026-08-21 02:50:50 UTC (in 25.4 min)
2026-08-21 02:25:39 UTC INFO    __workspace___hf__models__Llama-3_1-8B-Instruct/stage1: 1070/1800 done, 2.1s/item, elapsed 36.9 min, VRAM peak 83.0%, ETA 2026-08-21 02:50:50 UTC (in 25.2 min)
2026-08-21 02:25:49 UTC INFO    __workspace___hf__models__Llama-3_1-8B-Instruct/stage1: 1075/1800 done, 2.1s/item, elapsed 37.1 min, VRAM peak 83.0%, ETA 2026-08-21 02:50:49 UTC (in 25.0 min)
2026-08-21 02:26:00 UTC INFO    __workspace___hf__models__Llama-3_1-8B-Instruct/stage1: 1080/1800 done, 2.1s/item, elapsed 37.3 min, VRAM peak 83.0%, ETA 2026-08-21 02:50:51 UTC (in 24.8 min)
2026-08-21 02:26:11 UTC INFO    __workspace___hf__models__Llama-3_1-8B-Instruct/stage1: 1085/1800 done, 2.1s/item, elapsed 37.4 min, VRAM peak 83.0%, ETA 2026-08-21 02:50:52 UTC (in 24.7 min)
2026-08-21 02:26:20 UTC INFO    __workspace___hf__models__Llama-3_1-8B-Instruct/stage1: 1090/1800 done, 2.1s/item, elapsed 37.6 min, VRAM peak 83.0%, ETA 2026-08-21 02:50:49 UTC (in 24.5 min)
2026-08-21 02:26:31 UTC INFO    __workspace___hf__models__Llama-3_1-8B-Instruct/stage1: 1095/1800 done, 2.1s/item, elapsed 37.8 min, VRAM peak 83.0%, ETA 2026-08-21 02:50:50 UTC (in 24.3 min)
2026-08-21 02:26:41 UTC INFO    __workspace___hf__models__Llama-3_1-8B-Instruct/stage1: 1100/1800 done, 2.1s/item, elapsed 37.9 min, VRAM peak 83.0%, ETA 2026-08-21 02:50:49 UTC (in 24.1 min)
2026-08-21 02:26:50 UTC INFO    __workspace___hf__models__Llama-3_1-8B-Instruct/stage1: 1105/1800 done, 2.1s/item, elapsed 38.1 min, VRAM peak 83.0%, ETA 2026-08-21 02:50:48 UTC (in 24.0 min)
2026-08-21 02:27:03 UTC INFO    __workspace___hf__models__Llama-3_1-8B-Instruct/stage1: 1110/1800 done, 2.1s/item, elapsed 38.3 min, VRAM peak 83.0%, ETA 2026-08-21 02:50:51 UTC (in 23.8 min)
2026-08-21 02:27:12 UTC INFO    __workspace___hf__models__Llama-3_1-8B-Instruct/stage1: 1115/1800 done, 2.1s/item, elapsed 38.5 min, VRAM peak 83.0%, ETA 2026-08-21 02:50:49 UTC (in 23.6 min)
2026-08-21 02:27:23 UTC INFO    __workspace___hf__models__Llama-3_1-8B-Instruct/stage1: 1120/1800 done, 2.1s/item, elapsed 38.7 min, VRAM peak 83.0%, ETA 2026-08-21 02:50:51 UTC (in 23.5 min)
2026-08-21 02:27:34 UTC INFO    __workspace___hf__models__Llama-3_1-8B-Instruct/stage1: 1125/1800 done, 2.1s/item, elapsed 38.8 min, VRAM peak 83.0%, ETA 2026-08-21 02:50:51 UTC (in 23.3 min)
2026-08-21 02:27:44 UTC INFO    __workspace___hf__models__Llama-3_1-8B-Instruct/stage1: 1130/1800 done, 2.1s/item, elapsed 39.0 min, VRAM peak 83.0%, ETA 2026-08-21 02:50:52 UTC (in 23.1 min)
2026-08-21 02:27:54 UTC INFO    __workspace___hf__models__Llama-3_1-8B-Instruct/stage1: 1135/1800 done, 2.1s/item, elapsed 39.2 min, VRAM peak 83.0%, ETA 2026-08-21 02:50:50 UTC (in 22.9 min)
2026-08-21 02:28:04 UTC INFO    __workspace___hf__models__Llama-3_1-8B-Instruct/stage1: 1140/1800 done, 2.1s/item, elapsed 39.3 min, VRAM peak 83.0%, ETA 2026-08-21 02:50:50 UTC (in 22.8 min)
2026-08-21 02:28:14 UTC INFO    __workspace___hf__models__Llama-3_1-8B-Instruct/stage1: 1145/1800 done, 2.1s/item, elapsed 39.5 min, VRAM peak 83.0%, ETA 2026-08-21 02:50:50 UTC (in 22.6 min)
2026-08-21 02:28:26 UTC INFO    __workspace___hf__models__Llama-3_1-8B-Instruct/stage1: 1150/1800 done, 2.1s/item, elapsed 39.7 min, VRAM peak 83.0%, ETA 2026-08-21 02:50:52 UTC (in 22.4 min)
2026-08-21 02:28:36 UTC INFO    __workspace___hf__models__Llama-3_1-8B-Instruct/stage1: 1155/1800 done, 2.1s/item, elapsed 39.9 min, VRAM peak 83.0%, ETA 2026-08-21 02:50:52 UTC (in 22.3 min)
2026-08-21 02:28:46 UTC INFO    __workspace___hf__models__Llama-3_1-8B-Instruct/stage1: 1160/1800 done, 2.1s/item, elapsed 40.0 min, VRAM peak 83.0%, ETA 2026-08-21 02:50:51 UTC (in 22.1 min)
2026-08-21 02:28:55 UTC INFO    __workspace___hf__models__Llama-3_1-8B-Instruct/stage1: 1165/1800 done, 2.1s/item, elapsed 40.2 min, VRAM peak 83.0%, ETA 2026-08-21 02:50:49 UTC (in 21.9 min)
2026-08-21 02:29:05 UTC INFO    __workspace___hf__models__Llama-3_1-8B-Instruct/stage1: 1170/1800 done, 2.1s/item, elapsed 40.3 min, VRAM peak 83.0%, ETA 2026-08-21 02:50:48 UTC (in 21.7 min)
2026-08-21 02:29:18 UTC INFO    __workspace___hf__models__Llama-3_1-8B-Instruct/stage1: 1175/1800 done, 2.1s/item, elapsed 40.6 min, VRAM peak 83.0%, ETA 2026-08-21 02:50:52 UTC (in 21.6 min)
2026-08-21 02:29:29 UTC INFO    __workspace___hf__models__Llama-3_1-8B-Instruct/stage1: 1180/1800 done, 2.1s/item, elapsed 40.7 min, VRAM peak 83.0%, ETA 2026-08-21 02:50:54 UTC (in 21.4 min)
2026-08-21 02:29:39 UTC INFO    __workspace___hf__models__Llama-3_1-8B-Instruct/stage1: 1185/1800 done, 2.1s/item, elapsed 40.9 min, VRAM peak 83.0%, ETA 2026-08-21 02:50:53 UTC (in 21.2 min)
2026-08-21 02:29:50 UTC INFO    __workspace___hf__models__Llama-3_1-8B-Instruct/stage1: 1190/1800 done, 2.1s/item, elapsed 41.1 min, VRAM peak 83.0%, ETA 2026-08-21 02:50:54 UTC (in 21.1 min)
2026-08-21 02:30:00 UTC INFO    __workspace___hf__models__Llama-3_1-8B-Instruct/stage1: 1195/1800 done, 2.1s/item, elapsed 41.3 min, VRAM peak 83.0%, ETA 2026-08-21 02:50:53 UTC (in 20.9 min)
2026-08-21 02:30:08 UTC INFO    __workspace___hf__models__Llama-3_1-8B-Instruct/stage1: 1200/1800 done, 2.1s/item, elapsed 41.4 min, VRAM peak 83.0%, ETA 2026-08-21 02:50:50 UTC (in 20.7 min)
2026-08-21 02:30:22 UTC INFO    __workspace___hf__models__Llama-3_1-8B-Instruct/stage1: 1205/1800 done, 2.1s/item, elapsed 41.6 min, VRAM peak 83.0%, ETA 2026-08-21 02:50:55 UTC (in 20.6 min)
2026-08-21 02:30:31 UTC INFO    __workspace___hf__models__Llama-3_1-8B-Instruct/stage1: 1210/1800 done, 2.1s/item, elapsed 41.8 min, VRAM peak 83.0%, ETA 2026-08-21 02:50:53 UTC (in 20.4 min)
2026-08-21 02:30:45 UTC INFO    __workspace___hf__models__Llama-3_1-8B-Instruct/stage1: 1215/1800 done, 2.1s/item, elapsed 42.0 min, VRAM peak 83.0%, ETA 2026-08-21 02:50:59 UTC (in 20.2 min)
2026-08-21 02:30:55 UTC INFO    __workspace___hf__models__Llama-3_1-8B-Instruct/stage1: 1220/1800 done, 2.1s/item, elapsed 42.2 min, VRAM peak 83.0%, ETA 2026-08-21 02:50:58 UTC (in 20.1 min)
2026-08-21 02:31:05 UTC INFO    __workspace___hf__models__Llama-3_1-8B-Instruct/stage1: 1225/1800 done, 2.1s/item, elapsed 42.4 min, VRAM peak 83.0%, ETA 2026-08-21 02:50:58 UTC (in 19.9 min)
2026-08-21 02:31:14 UTC INFO    __workspace___hf__models__Llama-3_1-8B-Instruct/stage1: 1230/1800 done, 2.1s/item, elapsed 42.5 min, VRAM peak 83.0%, ETA 2026-08-21 02:50:56 UTC (in 19.7 min)
2026-08-21 02:31:26 UTC INFO    __workspace___hf__models__Llama-3_1-8B-Instruct/stage1: 1235/1800 done, 2.1s/item, elapsed 42.7 min, VRAM peak 83.0%, ETA 2026-08-21 02:50:58 UTC (in 19.5 min)
2026-08-21 02:31:38 UTC INFO    __workspace___hf__models__Llama-3_1-8B-Instruct/stage1: 1240/1800 done, 2.1s/item, elapsed 42.9 min, VRAM peak 83.0%, ETA 2026-08-21 02:51:00 UTC (in 19.4 min)
2026-08-21 02:31:49 UTC INFO    __workspace___hf__models__Llama-3_1-8B-Instruct/stage1: 1245/1800 done, 2.1s/item, elapsed 43.1 min, VRAM peak 83.0%, ETA 2026-08-21 02:51:01 UTC (in 19.2 min)
2026-08-21 02:31:58 UTC INFO    __workspace___hf__models__Llama-3_1-8B-Instruct/stage1: 1250/1800 done, 2.1s/item, elapsed 43.2 min, VRAM peak 83.0%, ETA 2026-08-21 02:51:00 UTC (in 19.0 min)
2026-08-21 02:32:11 UTC INFO    __workspace___hf__models__Llama-3_1-8B-Instruct/stage1: 1255/1800 done, 2.1s/item, elapsed 43.4 min, VRAM peak 83.0%, ETA 2026-08-21 02:51:03 UTC (in 18.9 min)
2026-08-21 02:32:21 UTC INFO    __workspace___hf__models__Llama-3_1-8B-Instruct/stage1: 1260/1800 done, 2.1s/item, elapsed 43.6 min, VRAM peak 83.0%, ETA 2026-08-21 02:51:02 UTC (in 18.7 min)
2026-08-21 02:32:32 UTC INFO    __workspace___hf__models__Llama-3_1-8B-Instruct/stage1: 1265/1800 done, 2.1s/item, elapsed 43.8 min, VRAM peak 83.0%, ETA 2026-08-21 02:51:03 UTC (in 18.5 min)
2026-08-21 02:32:41 UTC INFO    __workspace___hf__models__Llama-3_1-8B-Instruct/stage1: 1270/1800 done, 2.1s/item, elapsed 43.9 min, VRAM peak 83.0%, ETA 2026-08-21 02:51:01 UTC (in 18.3 min)
2026-08-21 02:32:50 UTC INFO    __workspace___hf__models__Llama-3_1-8B-Instruct/stage1: 1275/1800 done, 2.1s/item, elapsed 44.1 min, VRAM peak 83.0%, ETA 2026-08-21 02:51:00 UTC (in 18.2 min)
2026-08-21 02:33:01 UTC INFO    __workspace___hf__models__Llama-3_1-8B-Instruct/stage1: 1280/1800 done, 2.1s/item, elapsed 44.3 min, VRAM peak 83.0%, ETA 2026-08-21 02:51:01 UTC (in 18.0 min)
2026-08-21 02:33:11 UTC INFO    __workspace___hf__models__Llama-3_1-8B-Instruct/stage1: 1285/1800 done, 2.1s/item, elapsed 44.4 min, VRAM peak 83.0%, ETA 2026-08-21 02:50:59 UTC (in 17.8 min)
2026-08-21 02:33:20 UTC INFO    __workspace___hf__models__Llama-3_1-8B-Instruct/stage1: 1290/1800 done, 2.1s/item, elapsed 44.6 min, VRAM peak 83.0%, ETA 2026-08-21 02:50:58 UTC (in 17.6 min)
2026-08-21 02:33:30 UTC INFO    __workspace___hf__models__Llama-3_1-8B-Instruct/stage1: 1295/1800 done, 2.1s/item, elapsed 44.8 min, VRAM peak 83.0%, ETA 2026-08-21 02:50:58 UTC (in 17.5 min)
2026-08-21 02:33:39 UTC INFO    __workspace___hf__models__Llama-3_1-8B-Instruct/stage1: 1300/1800 done, 2.1s/item, elapsed 44.9 min, VRAM peak 83.0%, ETA 2026-08-21 02:50:56 UTC (in 17.3 min)
2026-08-21 02:33:49 UTC INFO    __workspace___hf__models__Llama-3_1-8B-Instruct/stage1: 1305/1800 done, 2.1s/item, elapsed 45.1 min, VRAM peak 83.0%, ETA 2026-08-21 02:50:56 UTC (in 17.1 min)
2026-08-21 02:33:58 UTC INFO    __workspace___hf__models__Llama-3_1-8B-Instruct/stage1: 1310/1800 done, 2.1s/item, elapsed 45.2 min, VRAM peak 83.0%, ETA 2026-08-21 02:50:53 UTC (in 16.9 min)
2026-08-21 02:34:08 UTC INFO    __workspace___hf__models__Llama-3_1-8B-Instruct/stage1: 1315/1800 done, 2.1s/item, elapsed 45.4 min, VRAM peak 83.0%, ETA 2026-08-21 02:50:53 UTC (in 16.7 min)
2026-08-21 02:34:18 UTC INFO    __workspace___hf__models__Llama-3_1-8B-Instruct/stage1: 1320/1800 done, 2.1s/item, elapsed 45.6 min, VRAM peak 83.0%, ETA 2026-08-21 02:50:52 UTC (in 16.6 min)
2026-08-21 02:34:27 UTC INFO    __workspace___hf__models__Llama-3_1-8B-Instruct/stage1: 1325/1800 done, 2.1s/item, elapsed 45.7 min, VRAM peak 83.0%, ETA 2026-08-21 02:50:51 UTC (in 16.4 min)
2026-08-21 02:34:39 UTC INFO    __workspace___hf__models__Llama-3_1-8B-Instruct/stage1: 1330/1800 done, 2.1s/item, elapsed 45.9 min, VRAM peak 83.0%, ETA 2026-08-21 02:50:52 UTC (in 16.2 min)
2026-08-21 02:34:50 UTC INFO    __workspace___hf__models__Llama-3_1-8B-Instruct/stage1: 1335/1800 done, 2.1s/item, elapsed 46.1 min, VRAM peak 83.0%, ETA 2026-08-21 02:50:53 UTC (in 16.1 min)
2026-08-21 02:35:00 UTC INFO    __workspace___hf__models__Llama-3_1-8B-Instruct/stage1: 1340/1800 done, 2.1s/item, elapsed 46.3 min, VRAM peak 83.0%, ETA 2026-08-21 02:50:53 UTC (in 15.9 min)
2026-08-21 02:35:09 UTC INFO    __workspace___hf__models__Llama-3_1-8B-Instruct/stage1: 1345/1800 done, 2.1s/item, elapsed 46.4 min, VRAM peak 83.0%, ETA 2026-08-21 02:50:51 UTC (in 15.7 min)
2026-08-21 02:35:19 UTC INFO    __workspace___hf__models__Llama-3_1-8B-Instruct/stage1: 1350/1800 done, 2.1s/item, elapsed 46.6 min, VRAM peak 83.0%, ETA 2026-08-21 02:50:51 UTC (in 15.5 min)
2026-08-21 02:35:29 UTC INFO    __workspace___hf__models__Llama-3_1-8B-Instruct/stage1: 1355/1800 done, 2.1s/item, elapsed 46.7 min, VRAM peak 83.0%, ETA 2026-08-21 02:50:50 UTC (in 15.4 min)
2026-08-21 02:35:40 UTC INFO    __workspace___hf__models__Llama-3_1-8B-Instruct/stage1: 1360/1800 done, 2.1s/item, elapsed 46.9 min, VRAM peak 83.0%, ETA 2026-08-21 02:50:51 UTC (in 15.2 min)
2026-08-21 02:35:48 UTC INFO    __workspace___hf__models__Llama-3_1-8B-Instruct/stage1: 1365/1800 done, 2.1s/item, elapsed 47.1 min, VRAM peak 83.0%, ETA 2026-08-21 02:50:47 UTC (in 15.0 min)
2026-08-21 02:35:59 UTC INFO    __workspace___hf__models__Llama-3_1-8B-Instruct/stage1: 1370/1800 done, 2.1s/item, elapsed 47.2 min, VRAM peak 83.0%, ETA 2026-08-21 02:50:48 UTC (in 14.8 min)
2026-08-21 02:36:07 UTC INFO    __workspace___hf__models__Llama-3_1-8B-Instruct/stage1: 1375/1800 done, 2.1s/item, elapsed 47.4 min, VRAM peak 83.0%, ETA 2026-08-21 02:50:46 UTC (in 14.6 min)
2026-08-21 02:36:18 UTC INFO    __workspace___hf__models__Llama-3_1-8B-Instruct/stage1: 1380/1800 done, 2.1s/item, elapsed 47.6 min, VRAM peak 83.4%, ETA 2026-08-21 02:50:47 UTC (in 14.5 min)
2026-08-21 02:36:27 UTC INFO    __workspace___hf__models__Llama-3_1-8B-Instruct/stage1: 1385/1800 done, 2.1s/item, elapsed 47.7 min, VRAM peak 83.4%, ETA 2026-08-21 02:50:45 UTC (in 14.3 min)
2026-08-21 02:36:37 UTC INFO    __workspace___hf__models__Llama-3_1-8B-Instruct/stage1: 1390/1800 done, 2.1s/item, elapsed 47.9 min, VRAM peak 83.4%, ETA 2026-08-21 02:50:44 UTC (in 14.1 min)
2026-08-21 02:36:46 UTC INFO    __workspace___hf__models__Llama-3_1-8B-Instruct/stage1: 1395/1800 done, 2.1s/item, elapsed 48.0 min, VRAM peak 83.4%, ETA 2026-08-21 02:50:43 UTC (in 13.9 min)
2026-08-21 02:36:57 UTC INFO    __workspace___hf__models__Llama-3_1-8B-Instruct/stage1: 1400/1800 done, 2.1s/item, elapsed 48.2 min, VRAM peak 83.4%, ETA 2026-08-21 02:50:43 UTC (in 13.8 min)
2026-08-21 02:37:07 UTC INFO    __workspace___hf__models__Llama-3_1-8B-Instruct/stage1: 1405/1800 done, 2.1s/item, elapsed 48.4 min, VRAM peak 83.4%, ETA 2026-08-21 02:50:43 UTC (in 13.6 min)
2026-08-21 02:37:17 UTC INFO    __workspace___hf__models__Llama-3_1-8B-Instruct/stage1: 1410/1800 done, 2.1s/item, elapsed 48.6 min, VRAM peak 83.4%, ETA 2026-08-21 02:50:43 UTC (in 13.4 min)
2026-08-21 02:37:27 UTC INFO    __workspace___hf__models__Llama-3_1-8B-Instruct/stage1: 1415/1800 done, 2.1s/item, elapsed 48.7 min, VRAM peak 83.4%, ETA 2026-08-21 02:50:43 UTC (in 13.3 min)
2026-08-21 02:37:38 UTC INFO    __workspace___hf__models__Llama-3_1-8B-Instruct/stage1: 1420/1800 done, 2.1s/item, elapsed 48.9 min, VRAM peak 83.4%, ETA 2026-08-21 02:50:43 UTC (in 13.1 min)
2026-08-21 02:37:49 UTC INFO    __workspace___hf__models__Llama-3_1-8B-Instruct/stage1: 1425/1800 done, 2.1s/item, elapsed 49.1 min, VRAM peak 83.4%, ETA 2026-08-21 02:50:44 UTC (in 12.9 min)
2026-08-21 02:37:59 UTC INFO    __workspace___hf__models__Llama-3_1-8B-Instruct/stage1: 1430/1800 done, 2.1s/item, elapsed 49.2 min, VRAM peak 83.4%, ETA 2026-08-21 02:50:43 UTC (in 12.7 min)
2026-08-21 02:38:10 UTC INFO    __workspace___hf__models__Llama-3_1-8B-Instruct/stage1: 1435/1800 done, 2.1s/item, elapsed 49.4 min, VRAM peak 83.4%, ETA 2026-08-21 02:50:44 UTC (in 12.6 min)
2026-08-21 02:38:20 UTC INFO    __workspace___hf__models__Llama-3_1-8B-Instruct/stage1: 1440/1800 done, 2.1s/item, elapsed 49.6 min, VRAM peak 83.4%, ETA 2026-08-21 02:50:44 UTC (in 12.4 min)
2026-08-21 02:38:28 UTC INFO    __workspace___hf__models__Llama-3_1-8B-Instruct/stage1: 1445/1800 done, 2.1s/item, elapsed 49.7 min, VRAM peak 83.4%, ETA 2026-08-21 02:50:41 UTC (in 12.2 min)
2026-08-21 02:38:39 UTC INFO    __workspace___hf__models__Llama-3_1-8B-Instruct/stage1: 1450/1800 done, 2.1s/item, elapsed 49.9 min, VRAM peak 83.4%, ETA 2026-08-21 02:50:42 UTC (in 12.0 min)
2026-08-21 02:38:48 UTC INFO    __workspace___hf__models__Llama-3_1-8B-Instruct/stage1: 1455/1800 done, 2.1s/item, elapsed 50.1 min, VRAM peak 83.4%, ETA 2026-08-21 02:50:40 UTC (in 11.9 min)
2026-08-21 02:38:57 UTC INFO    __workspace___hf__models__Llama-3_1-8B-Instruct/stage1: 1460/1800 done, 2.1s/item, elapsed 50.2 min, VRAM peak 83.4%, ETA 2026-08-21 02:50:39 UTC (in 11.7 min)
2026-08-21 02:39:07 UTC INFO    __workspace___hf__models__Llama-3_1-8B-Instruct/stage1: 1465/1800 done, 2.1s/item, elapsed 50.4 min, VRAM peak 83.4%, ETA 2026-08-21 02:50:38 UTC (in 11.5 min)
2026-08-21 02:39:17 UTC INFO    __workspace___hf__models__Llama-3_1-8B-Instruct/stage1: 1470/1800 done, 2.1s/item, elapsed 50.5 min, VRAM peak 83.4%, ETA 2026-08-21 02:50:38 UTC (in 11.3 min)
2026-08-21 02:39:26 UTC INFO    __workspace___hf__models__Llama-3_1-8B-Instruct/stage1: 1475/1800 done, 2.1s/item, elapsed 50.7 min, VRAM peak 83.4%, ETA 2026-08-21 02:50:37 UTC (in 11.2 min)
2026-08-21 02:39:36 UTC INFO    __workspace___hf__models__Llama-3_1-8B-Instruct/stage1: 1480/1800 done, 2.1s/item, elapsed 50.9 min, VRAM peak 83.4%, ETA 2026-08-21 02:50:36 UTC (in 11.0 min)
2026-08-21 02:39:45 UTC INFO    __workspace___hf__models__Llama-3_1-8B-Instruct/stage1: 1485/1800 done, 2.1s/item, elapsed 51.0 min, VRAM peak 83.4%, ETA 2026-08-21 02:50:34 UTC (in 10.8 min)
2026-08-21 02:39:55 UTC INFO    __workspace___hf__models__Llama-3_1-8B-Instruct/stage1: 1490/1800 done, 2.1s/item, elapsed 51.2 min, VRAM peak 83.4%, ETA 2026-08-21 02:50:33 UTC (in 10.6 min)
2026-08-21 02:40:05 UTC INFO    __workspace___hf__models__Llama-3_1-8B-Instruct/stage1: 1495/1800 done, 2.1s/item, elapsed 51.3 min, VRAM peak 83.4%, ETA 2026-08-21 02:50:34 UTC (in 10.5 min)
2026-08-21 02:40:15 UTC INFO    __workspace___hf__models__Llama-3_1-8B-Instruct/stage1: 1500/1800 done, 2.1s/item, elapsed 51.5 min, VRAM peak 83.4%, ETA 2026-08-21 02:50:34 UTC (in 10.3 min)
2026-08-21 02:40:24 UTC INFO    __workspace___hf__models__Llama-3_1-8B-Instruct/stage1: 1505/1800 done, 2.1s/item, elapsed 51.7 min, VRAM peak 83.4%, ETA 2026-08-21 02:50:32 UTC (in 10.1 min)
2026-08-21 02:40:35 UTC INFO    __workspace___hf__models__Llama-3_1-8B-Instruct/stage1: 1510/1800 done, 2.1s/item, elapsed 51.9 min, VRAM peak 83.4%, ETA 2026-08-21 02:50:33 UTC (in 10.0 min)
2026-08-21 02:40:46 UTC INFO    __workspace___hf__models__Llama-3_1-8B-Instruct/stage1: 1515/1800 done, 2.1s/item, elapsed 52.0 min, VRAM peak 83.4%, ETA 2026-08-21 02:50:33 UTC (in 9.8 min)
2026-08-21 02:40:55 UTC INFO    __workspace___hf__models__Llama-3_1-8B-Instruct/stage1: 1520/1800 done, 2.1s/item, elapsed 52.2 min, VRAM peak 83.4%, ETA 2026-08-21 02:50:32 UTC (in 9.6 min)
2026-08-21 02:41:05 UTC INFO    __workspace___hf__models__Llama-3_1-8B-Instruct/stage1: 1525/1800 done, 2.1s/item, elapsed 52.4 min, VRAM peak 83.4%, ETA 2026-08-21 02:50:32 UTC (in 9.4 min)
2026-08-21 02:41:17 UTC INFO    __workspace___hf__models__Llama-3_1-8B-Instruct/stage1: 1530/1800 done, 2.1s/item, elapsed 52.6 min, VRAM peak 83.4%, ETA 2026-08-21 02:50:34 UTC (in 9.3 min)
2026-08-21 02:41:29 UTC INFO    __workspace___hf__models__Llama-3_1-8B-Instruct/stage1: 1535/1800 done, 2.1s/item, elapsed 52.7 min, VRAM peak 83.4%, ETA 2026-08-21 02:50:35 UTC (in 9.1 min)
2026-08-21 02:41:39 UTC INFO    __workspace___hf__models__Llama-3_1-8B-Instruct/stage1: 1540/1800 done, 2.1s/item, elapsed 52.9 min, VRAM peak 83.4%, ETA 2026-08-21 02:50:35 UTC (in 8.9 min)
2026-08-21 02:41:48 UTC INFO    __workspace___hf__models__Llama-3_1-8B-Instruct/stage1: 1545/1800 done, 2.1s/item, elapsed 53.1 min, VRAM peak 83.4%, ETA 2026-08-21 02:50:33 UTC (in 8.8 min)
2026-08-21 02:42:00 UTC INFO    __workspace___hf__models__Llama-3_1-8B-Instruct/stage1: 1550/1800 done, 2.1s/item, elapsed 53.3 min, VRAM peak 83.4%, ETA 2026-08-21 02:50:35 UTC (in 8.6 min)
2026-08-21 02:42:08 UTC INFO    __workspace___hf__models__Llama-3_1-8B-Instruct/stage1: 1555/1800 done, 2.1s/item, elapsed 53.4 min, VRAM peak 83.4%, ETA 2026-08-21 02:50:32 UTC (in 8.4 min)
2026-08-21 02:42:16 UTC INFO    __workspace___hf__models__Llama-3_1-8B-Instruct/stage1: 1560/1800 done, 2.1s/item, elapsed 53.5 min, VRAM peak 83.4%, ETA 2026-08-21 02:50:31 UTC (in 8.2 min)
2026-08-21 02:42:28 UTC INFO    __workspace___hf__models__Llama-3_1-8B-Instruct/stage1: 1565/1800 done, 2.1s/item, elapsed 53.7 min, VRAM peak 83.4%, ETA 2026-08-21 02:50:32 UTC (in 8.1 min)
2026-08-21 02:42:38 UTC INFO    __workspace___hf__models__Llama-3_1-8B-Instruct/stage1: 1570/1800 done, 2.1s/item, elapsed 53.9 min, VRAM peak 83.4%, ETA 2026-08-21 02:50:31 UTC (in 7.9 min)
2026-08-21 02:42:48 UTC INFO    __workspace___hf__models__Llama-3_1-8B-Instruct/stage1: 1575/1800 done, 2.1s/item, elapsed 54.1 min, VRAM peak 83.4%, ETA 2026-08-21 02:50:31 UTC (in 7.7 min)
2026-08-21 02:42:58 UTC INFO    __workspace___hf__models__Llama-3_1-8B-Instruct/stage1: 1580/1800 done, 2.1s/item, elapsed 54.2 min, VRAM peak 83.4%, ETA 2026-08-21 02:50:31 UTC (in 7.6 min)
2026-08-21 02:43:08 UTC INFO    __workspace___hf__models__Llama-3_1-8B-Instruct/stage1: 1585/1800 done, 2.1s/item, elapsed 54.4 min, VRAM peak 83.4%, ETA 2026-08-21 02:50:31 UTC (in 7.4 min)
2026-08-21 02:43:20 UTC INFO    __workspace___hf__models__Llama-3_1-8B-Instruct/stage1: 1590/1800 done, 2.1s/item, elapsed 54.6 min, VRAM peak 83.4%, ETA 2026-08-21 02:50:33 UTC (in 7.2 min)
2026-08-21 02:43:32 UTC INFO    __workspace___hf__models__Llama-3_1-8B-Instruct/stage1: 1595/1800 done, 2.1s/item, elapsed 54.8 min, VRAM peak 83.9%, ETA 2026-08-21 02:50:35 UTC (in 7.0 min)
2026-08-21 02:43:41 UTC INFO    __workspace___hf__models__Llama-3_1-8B-Instruct/stage1: 1600/1800 done, 2.1s/item, elapsed 55.0 min, VRAM peak 83.9%, ETA 2026-08-21 02:50:34 UTC (in 6.9 min)
2026-08-21 02:43:51 UTC INFO    __workspace___hf__models__Llama-3_1-8B-Instruct/stage1: 1605/1800 done, 2.1s/item, elapsed 55.1 min, VRAM peak 83.9%, ETA 2026-08-21 02:50:33 UTC (in 6.7 min)
2026-08-21 02:44:03 UTC INFO    __workspace___hf__models__Llama-3_1-8B-Instruct/stage1: 1610/1800 done, 2.1s/item, elapsed 55.3 min, VRAM peak 83.9%, ETA 2026-08-21 02:50:34 UTC (in 6.5 min)
2026-08-21 02:44:13 UTC INFO    __workspace___hf__models__Llama-3_1-8B-Instruct/stage1: 1615/1800 done, 2.1s/item, elapsed 55.5 min, VRAM peak 83.9%, ETA 2026-08-21 02:50:35 UTC (in 6.4 min)
2026-08-21 02:44:24 UTC INFO    __workspace___hf__models__Llama-3_1-8B-Instruct/stage1: 1620/1800 done, 2.1s/item, elapsed 55.7 min, VRAM peak 83.9%, ETA 2026-08-21 02:50:35 UTC (in 6.2 min)
2026-08-21 02:44:34 UTC INFO    __workspace___hf__models__Llama-3_1-8B-Instruct/stage1: 1625/1800 done, 2.1s/item, elapsed 55.8 min, VRAM peak 83.9%, ETA 2026-08-21 02:50:35 UTC (in 6.0 min)
2026-08-21 02:44:42 UTC INFO    __workspace___hf__models__Llama-3_1-8B-Instruct/stage1: 1630/1800 done, 2.1s/item, elapsed 56.0 min, VRAM peak 83.9%, ETA 2026-08-21 02:50:32 UTC (in 5.8 min)
2026-08-21 02:44:51 UTC INFO    __workspace___hf__models__Llama-3_1-8B-Instruct/stage1: 1635/1800 done, 2.1s/item, elapsed 56.1 min, VRAM peak 83.9%, ETA 2026-08-21 02:50:31 UTC (in 5.7 min)
2026-08-21 02:45:00 UTC INFO    __workspace___hf__models__Llama-3_1-8B-Instruct/stage1: 1640/1800 done, 2.1s/item, elapsed 56.3 min, VRAM peak 83.9%, ETA 2026-08-21 02:50:30 UTC (in 5.5 min)
2026-08-21 02:45:10 UTC INFO    __workspace___hf__models__Llama-3_1-8B-Instruct/stage1: 1645/1800 done, 2.1s/item, elapsed 56.4 min, VRAM peak 83.9%, ETA 2026-08-21 02:50:29 UTC (in 5.3 min)
2026-08-21 02:45:19 UTC INFO    __workspace___hf__models__Llama-3_1-8B-Instruct/stage1: 1650/1800 done, 2.1s/item, elapsed 56.6 min, VRAM peak 83.9%, ETA 2026-08-21 02:50:28 UTC (in 5.1 min)
2026-08-21 02:45:28 UTC INFO    __workspace___hf__models__Llama-3_1-8B-Instruct/stage1: 1655/1800 done, 2.1s/item, elapsed 56.7 min, VRAM peak 83.9%, ETA 2026-08-21 02:50:27 UTC (in 5.0 min)
2026-08-21 02:45:38 UTC INFO    __workspace___hf__models__Llama-3_1-8B-Instruct/stage1: 1660/1800 done, 2.1s/item, elapsed 56.9 min, VRAM peak 83.9%, ETA 2026-08-21 02:50:26 UTC (in 4.8 min)
2026-08-21 02:45:48 UTC INFO    __workspace___hf__models__Llama-3_1-8B-Instruct/stage1: 1665/1800 done, 2.1s/item, elapsed 57.1 min, VRAM peak 83.9%, ETA 2026-08-21 02:50:26 UTC (in 4.6 min)
2026-08-21 02:45:59 UTC INFO    __workspace___hf__models__Llama-3_1-8B-Instruct/stage1: 1670/1800 done, 2.1s/item, elapsed 57.3 min, VRAM peak 83.9%, ETA 2026-08-21 02:50:27 UTC (in 4.5 min)
2026-08-21 02:46:10 UTC INFO    __workspace___hf__models__Llama-3_1-8B-Instruct/stage1: 1675/1800 done, 2.1s/item, elapsed 57.4 min, VRAM peak 83.9%, ETA 2026-08-21 02:50:27 UTC (in 4.3 min)
2026-08-21 02:46:19 UTC INFO    __workspace___hf__models__Llama-3_1-8B-Instruct/stage1: 1680/1800 done, 2.1s/item, elapsed 57.6 min, VRAM peak 83.9%, ETA 2026-08-21 02:50:26 UTC (in 4.1 min)
2026-08-21 02:46:27 UTC INFO    __workspace___hf__models__Llama-3_1-8B-Instruct/stage1: 1685/1800 done, 2.1s/item, elapsed 57.7 min, VRAM peak 83.9%, ETA 2026-08-21 02:50:24 UTC (in 3.9 min)
2026-08-21 02:46:38 UTC INFO    __workspace___hf__models__Llama-3_1-8B-Instruct/stage1: 1690/1800 done, 2.1s/item, elapsed 57.9 min, VRAM peak 83.9%, ETA 2026-08-21 02:50:24 UTC (in 3.8 min)
2026-08-21 02:46:48 UTC INFO    __workspace___hf__models__Llama-3_1-8B-Instruct/stage1: 1695/1800 done, 2.1s/item, elapsed 58.1 min, VRAM peak 83.9%, ETA 2026-08-21 02:50:23 UTC (in 3.6 min)
2026-08-21 02:46:56 UTC INFO    __workspace___hf__models__Llama-3_1-8B-Instruct/stage1: 1700/1800 done, 2.1s/item, elapsed 58.2 min, VRAM peak 83.9%, ETA 2026-08-21 02:50:22 UTC (in 3.4 min)
2026-08-21 02:47:06 UTC INFO    __workspace___hf__models__Llama-3_1-8B-Instruct/stage1: 1705/1800 done, 2.1s/item, elapsed 58.4 min, VRAM peak 83.9%, ETA 2026-08-21 02:50:21 UTC (in 3.3 min)
2026-08-21 02:47:14 UTC INFO    __workspace___hf__models__Llama-3_1-8B-Instruct/stage1: 1710/1800 done, 2.1s/item, elapsed 58.5 min, VRAM peak 83.9%, ETA 2026-08-21 02:50:19 UTC (in 3.1 min)
2026-08-21 02:47:23 UTC INFO    __workspace___hf__models__Llama-3_1-8B-Instruct/stage1: 1715/1800 done, 2.1s/item, elapsed 58.6 min, VRAM peak 83.9%, ETA 2026-08-21 02:50:17 UTC (in 2.9 min)
2026-08-21 02:47:32 UTC INFO    __workspace___hf__models__Llama-3_1-8B-Instruct/stage1: 1720/1800 done, 2.1s/item, elapsed 58.8 min, VRAM peak 83.9%, ETA 2026-08-21 02:50:16 UTC (in 2.7 min)
2026-08-21 02:47:42 UTC INFO    __workspace___hf__models__Llama-3_1-8B-Instruct/stage1: 1725/1800 done, 2.1s/item, elapsed 59.0 min, VRAM peak 83.9%, ETA 2026-08-21 02:50:15 UTC (in 2.6 min)
2026-08-21 02:47:51 UTC INFO    __workspace___hf__models__Llama-3_1-8B-Instruct/stage1: 1730/1800 done, 2.1s/item, elapsed 59.1 min, VRAM peak 83.9%, ETA 2026-08-21 02:50:15 UTC (in 2.4 min)
2026-08-21 02:47:59 UTC INFO    __workspace___hf__models__Llama-3_1-8B-Instruct/stage1: 1735/1800 done, 2.0s/item, elapsed 59.3 min, VRAM peak 83.9%, ETA 2026-08-21 02:50:13 UTC (in 2.2 min)
2026-08-21 02:48:12 UTC INFO    __workspace___hf__models__Llama-3_1-8B-Instruct/stage1: 1740/1800 done, 2.1s/item, elapsed 59.5 min, VRAM peak 83.9%, ETA 2026-08-21 02:50:15 UTC (in 2.1 min)
2026-08-21 02:48:22 UTC INFO    __workspace___hf__models__Llama-3_1-8B-Instruct/stage1: 1745/1800 done, 2.1s/item, elapsed 59.6 min, VRAM peak 83.9%, ETA 2026-08-21 02:50:15 UTC (in 1.9 min)
2026-08-21 02:48:32 UTC INFO    __workspace___hf__models__Llama-3_1-8B-Instruct/stage1: 1750/1800 done, 2.1s/item, elapsed 59.8 min, VRAM peak 83.9%, ETA 2026-08-21 02:50:15 UTC (in 1.7 min)
2026-08-21 02:48:42 UTC INFO    __workspace___hf__models__Llama-3_1-8B-Instruct/stage1: 1755/1800 done, 2.1s/item, elapsed 60.0 min, VRAM peak 83.9%, ETA 2026-08-21 02:50:14 UTC (in 1.5 min)
2026-08-21 02:48:53 UTC INFO    __workspace___hf__models__Llama-3_1-8B-Instruct/stage1: 1760/1800 done, 2.1s/item, elapsed 60.2 min, VRAM peak 83.9%, ETA 2026-08-21 02:50:15 UTC (in 1.4 min)
2026-08-21 02:49:06 UTC INFO    __workspace___hf__models__Llama-3_1-8B-Instruct/stage1: 1765/1800 done, 2.1s/item, elapsed 60.4 min, VRAM peak 83.9%, ETA 2026-08-21 02:50:17 UTC (in 1.2 min)
2026-08-21 02:49:15 UTC INFO    __workspace___hf__models__Llama-3_1-8B-Instruct/stage1: 1770/1800 done, 2.1s/item, elapsed 60.5 min, VRAM peak 83.9%, ETA 2026-08-21 02:50:17 UTC (in 1.0 min)
2026-08-21 02:49:25 UTC INFO    __workspace___hf__models__Llama-3_1-8B-Instruct/stage1: 1775/1800 done, 2.1s/item, elapsed 60.7 min, VRAM peak 83.9%, ETA 2026-08-21 02:50:16 UTC (in 0.9 min)
2026-08-21 02:49:34 UTC INFO    __workspace___hf__models__Llama-3_1-8B-Instruct/stage1: 1780/1800 done, 2.1s/item, elapsed 60.8 min, VRAM peak 83.9%, ETA 2026-08-21 02:50:15 UTC (in 0.7 min)
2026-08-21 02:49:44 UTC INFO    __workspace___hf__models__Llama-3_1-8B-Instruct/stage1: 1785/1800 done, 2.1s/item, elapsed 61.0 min, VRAM peak 83.9%, ETA 2026-08-21 02:50:15 UTC (in 0.5 min)
2026-08-21 02:49:54 UTC INFO    __workspace___hf__models__Llama-3_1-8B-Instruct/stage1: 1790/1800 done, 2.1s/item, elapsed 61.2 min, VRAM peak 83.9%, ETA 2026-08-21 02:50:15 UTC (in 0.3 min)
2026-08-21 02:50:06 UTC INFO    __workspace___hf__models__Llama-3_1-8B-Instruct/stage1: 1795/1800 done, 2.1s/item, elapsed 61.4 min, VRAM peak 83.9%, ETA 2026-08-21 02:50:16 UTC (in 0.2 min)
2026-08-21 02:50:15 UTC INFO    __workspace___hf__models__Llama-3_1-8B-Instruct/stage1: 1800/1800 done, 2.1s/item, elapsed 61.5 min, VRAM peak 83.9%, ETA 2026-08-21 02:50:15 UTC (in 0.0 min)
2026-08-21 02:50:15 UTC INFO    GPU ledger: +3690.6s for __workspace___hf__models__Llama-3_1-8B-Instruct/stage1, cumulative 11505.7s (3.20 h, 16.0% of the 20 h allowance)
2026-08-21 02:50:15 UTC INFO    /workspace/.hf/models/Llama-3.1-8B-Instruct stage1: {"items": 1800, "unreadable_choice": 0, "usable": 415, "abort_reason": null, "elapsed_min": 61.51, "vram_peak_pct": 83.9}
2026-08-21 02:50:15 UTC INFO    wrote results/exp2/experiment_summary.json
2026-08-21 02:50:55 UTC INFO    started 2026-08-21 02:50:55 UTC on Linux-6.8.0-57-generic-x86_64-with-glibc2.35
2026-08-21 02:50:55 UTC INFO    loading framolfese/2WikiMultihopQA [validation], scanning 40000 records
2026-08-21 02:50:55 UTC INFO    PyTorch version 2.4.0 available.
2026-08-21 02:51:10 UTC INFO    built 1800 items from 12576 records
2026-08-21 02:51:14 UTC INFO    longest prompt about 2507 tokens; max_model_len=4096 (floor 2048, cap 8192)
2026-08-21 02:51:14 UTC INFO    detected 23.5 GiB of VRAM, capability (8, 6) -> the 3090ti roster
2026-08-21 02:51:50 UTC INFO    /workspace/.hf/models/Mistral-7B-Instruct-v0.3 loaded: bfloat16, max_model_len=4096, mem target 0.85, eager=False, VRAM now 85.1%
2026-08-21 02:51:50 UTC INFO    /workspace/.hf/models/Mistral-7B-Instruct-v0.3 ready via the vllm backend
2026-08-21 02:52:01 UTC INFO    __workspace___hf__models__Mistral-7B-Instruct-v0_3/stage1: 5/1800 done, 2.2s/item, elapsed 0.2 min, VRAM peak 85.8%, ETA 2026-08-21 03:58:55 UTC (in 66.9 min)
2026-08-21 02:52:11 UTC INFO    __workspace___hf__models__Mistral-7B-Instruct-v0_3/stage1: 10/1800 done, 2.1s/item, elapsed 0.3 min, VRAM peak 86.1%, ETA 2026-08-21 03:54:03 UTC (in 61.9 min)
2026-08-21 02:52:21 UTC INFO    __workspace___hf__models__Mistral-7B-Instruct-v0_3/stage1: 15/1800 done, 2.1s/item, elapsed 0.5 min, VRAM peak 86.1%, ETA 2026-08-21 03:53:36 UTC (in 61.2 min)
2026-08-21 02:52:32 UTC INFO    __workspace___hf__models__Mistral-7B-Instruct-v0_3/stage1: 20/1800 done, 2.1s/item, elapsed 0.7 min, VRAM peak 86.1%, ETA 2026-08-21 03:54:44 UTC (in 62.2 min)
2026-08-21 02:52:42 UTC INFO    __workspace___hf__models__Mistral-7B-Instruct-v0_3/stage1: 25/1800 done, 2.1s/item, elapsed 0.9 min, VRAM peak 86.1%, ETA 2026-08-21 03:53:48 UTC (in 61.1 min)
2026-08-21 02:52:53 UTC INFO    __workspace___hf__models__Mistral-7B-Instruct-v0_3/stage1: 30/1800 done, 2.1s/item, elapsed 1.0 min, VRAM peak 86.1%, ETA 2026-08-21 03:54:37 UTC (in 61.7 min)
2026-08-21 02:53:03 UTC INFO    __workspace___hf__models__Mistral-7B-Instruct-v0_3/stage1: 35/1800 done, 2.1s/item, elapsed 1.2 min, VRAM peak 86.1%, ETA 2026-08-21 03:54:46 UTC (in 61.7 min)
2026-08-21 02:53:14 UTC INFO    __workspace___hf__models__Mistral-7B-Instruct-v0_3/stage1: 40/1800 done, 2.1s/item, elapsed 1.4 min, VRAM peak 86.1%, ETA 2026-08-21 03:55:01 UTC (in 61.8 min)
2026-08-21 02:53:24 UTC INFO    __workspace___hf__models__Mistral-7B-Instruct-v0_3/stage1: 45/1800 done, 2.1s/item, elapsed 1.6 min, VRAM peak 86.1%, ETA 2026-08-21 03:54:20 UTC (in 60.9 min)
2026-08-21 02:53:33 UTC INFO    __workspace___hf__models__Mistral-7B-Instruct-v0_3/stage1: 50/1800 done, 2.1s/item, elapsed 1.7 min, VRAM peak 86.1%, ETA 2026-08-21 03:53:23 UTC (in 59.8 min)
2026-08-21 02:53:43 UTC INFO    __workspace___hf__models__Mistral-7B-Instruct-v0_3/stage1: 55/1800 done, 2.1s/item, elapsed 1.9 min, VRAM peak 86.1%, ETA 2026-08-21 03:53:40 UTC (in 59.9 min)
2026-08-21 02:53:53 UTC INFO    __workspace___hf__models__Mistral-7B-Instruct-v0_3/stage1: 60/1800 done, 2.1s/item, elapsed 2.1 min, VRAM peak 86.1%, ETA 2026-08-21 03:53:37 UTC (in 59.7 min)
2026-08-21 02:54:05 UTC INFO    __workspace___hf__models__Mistral-7B-Instruct-v0_3/stage1: 65/1800 done, 2.1s/item, elapsed 2.3 min, VRAM peak 86.1%, ETA 2026-08-21 03:54:12 UTC (in 60.1 min)
2026-08-21 02:54:16 UTC INFO    __workspace___hf__models__Mistral-7B-Instruct-v0_3/stage1: 70/1800 done, 2.1s/item, elapsed 2.4 min, VRAM peak 86.1%, ETA 2026-08-21 03:54:26 UTC (in 60.2 min)
2026-08-21 02:54:28 UTC INFO    __workspace___hf__models__Mistral-7B-Instruct-v0_3/stage1: 75/1800 done, 2.1s/item, elapsed 2.6 min, VRAM peak 86.1%, ETA 2026-08-21 03:55:03 UTC (in 60.6 min)
2026-08-21 02:54:37 UTC INFO    __workspace___hf__models__Mistral-7B-Instruct-v0_3/stage1: 80/1800 done, 2.1s/item, elapsed 2.8 min, VRAM peak 86.1%, ETA 2026-08-21 03:54:39 UTC (in 60.0 min)
2026-08-21 02:54:48 UTC INFO    __workspace___hf__models__Mistral-7B-Instruct-v0_3/stage1: 85/1800 done, 2.1s/item, elapsed 3.0 min, VRAM peak 86.1%, ETA 2026-08-21 03:54:37 UTC (in 59.8 min)
2026-08-21 02:54:59 UTC INFO    __workspace___hf__models__Mistral-7B-Instruct-v0_3/stage1: 90/1800 done, 2.1s/item, elapsed 3.1 min, VRAM peak 86.1%, ETA 2026-08-21 03:54:42 UTC (in 59.7 min)
2026-08-21 02:55:09 UTC INFO    __workspace___hf__models__Mistral-7B-Instruct-v0_3/stage1: 95/1800 done, 2.1s/item, elapsed 3.3 min, VRAM peak 86.1%, ETA 2026-08-21 03:54:49 UTC (in 59.7 min)
2026-08-21 02:55:21 UTC INFO    __workspace___hf__models__Mistral-7B-Instruct-v0_3/stage1: 100/1800 done, 2.1s/item, elapsed 3.5 min, VRAM peak 86.1%, ETA 2026-08-21 03:55:01 UTC (in 59.7 min)
2026-08-21 02:55:29 UTC INFO    __workspace___hf__models__Mistral-7B-Instruct-v0_3/stage1: 105/1800 done, 2.1s/item, elapsed 3.7 min, VRAM peak 86.1%, ETA 2026-08-21 03:54:29 UTC (in 59.0 min)
2026-08-21 02:55:39 UTC INFO    __workspace___hf__models__Mistral-7B-Instruct-v0_3/stage1: 110/1800 done, 2.1s/item, elapsed 3.8 min, VRAM peak 86.1%, ETA 2026-08-21 03:54:15 UTC (in 58.6 min)
2026-08-21 02:55:48 UTC INFO    __workspace___hf__models__Mistral-7B-Instruct-v0_3/stage1: 115/1800 done, 2.1s/item, elapsed 4.0 min, VRAM peak 86.1%, ETA 2026-08-21 03:54:04 UTC (in 58.3 min)
2026-08-21 02:56:00 UTC INFO    __workspace___hf__models__Mistral-7B-Instruct-v0_3/stage1: 120/1800 done, 2.1s/item, elapsed 4.2 min, VRAM peak 86.1%, ETA 2026-08-21 03:54:23 UTC (in 58.4 min)
2026-08-21 02:56:10 UTC INFO    __workspace___hf__models__Mistral-7B-Instruct-v0_3/stage1: 125/1800 done, 2.1s/item, elapsed 4.3 min, VRAM peak 86.1%, ETA 2026-08-21 03:54:10 UTC (in 58.0 min)
2026-08-21 02:56:21 UTC INFO    __workspace___hf__models__Mistral-7B-Instruct-v0_3/stage1: 130/1800 done, 2.1s/item, elapsed 4.5 min, VRAM peak 86.1%, ETA 2026-08-21 03:54:27 UTC (in 58.1 min)
2026-08-21 02:56:32 UTC INFO    __workspace___hf__models__Mistral-7B-Instruct-v0_3/stage1: 135/1800 done, 2.1s/item, elapsed 4.7 min, VRAM peak 86.1%, ETA 2026-08-21 03:54:32 UTC (in 58.0 min)
2026-08-21 02:56:45 UTC INFO    __workspace___hf__models__Mistral-7B-Instruct-v0_3/stage1: 140/1800 done, 2.1s/item, elapsed 4.9 min, VRAM peak 86.1%, ETA 2026-08-21 03:55:05 UTC (in 58.3 min)
2026-08-21 02:56:55 UTC INFO    __workspace___hf__models__Mistral-7B-Instruct-v0_3/stage1: 145/1800 done, 2.1s/item, elapsed 5.1 min, VRAM peak 86.1%, ETA 2026-08-21 03:55:03 UTC (in 58.1 min)
2026-08-21 02:57:06 UTC INFO    __workspace___hf__models__Mistral-7B-Instruct-v0_3/stage1: 150/1800 done, 2.1s/item, elapsed 5.3 min, VRAM peak 86.1%, ETA 2026-08-21 03:55:01 UTC (in 57.9 min)
2026-08-21 02:57:16 UTC INFO    __workspace___hf__models__Mistral-7B-Instruct-v0_3/stage1: 155/1800 done, 2.1s/item, elapsed 5.4 min, VRAM peak 86.1%, ETA 2026-08-21 03:55:01 UTC (in 57.7 min)
2026-08-21 02:57:28 UTC INFO    __workspace___hf__models__Mistral-7B-Instruct-v0_3/stage1: 160/1800 done, 2.1s/item, elapsed 5.6 min, VRAM peak 86.1%, ETA 2026-08-21 03:55:08 UTC (in 57.7 min)
2026-08-21 02:57:37 UTC INFO    __workspace___hf__models__Mistral-7B-Instruct-v0_3/stage1: 165/1800 done, 2.1s/item, elapsed 5.8 min, VRAM peak 86.1%, ETA 2026-08-21 03:54:58 UTC (in 57.3 min)
2026-08-21 02:57:49 UTC INFO    __workspace___hf__models__Mistral-7B-Instruct-v0_3/stage1: 170/1800 done, 2.1s/item, elapsed 6.0 min, VRAM peak 86.1%, ETA 2026-08-21 03:55:09 UTC (in 57.3 min)
2026-08-21 02:58:01 UTC INFO    __workspace___hf__models__Mistral-7B-Instruct-v0_3/stage1: 175/1800 done, 2.1s/item, elapsed 6.2 min, VRAM peak 86.1%, ETA 2026-08-21 03:55:23 UTC (in 57.4 min)
2026-08-21 02:58:10 UTC INFO    __workspace___hf__models__Mistral-7B-Instruct-v0_3/stage1: 180/1800 done, 2.1s/item, elapsed 6.3 min, VRAM peak 86.1%, ETA 2026-08-21 03:55:14 UTC (in 57.1 min)
2026-08-21 02:58:19 UTC INFO    __workspace___hf__models__Mistral-7B-Instruct-v0_3/stage1: 185/1800 done, 2.1s/item, elapsed 6.5 min, VRAM peak 86.1%, ETA 2026-08-21 03:55:00 UTC (in 56.7 min)
2026-08-21 02:58:29 UTC INFO    __workspace___hf__models__Mistral-7B-Instruct-v0_3/stage1: 190/1800 done, 2.1s/item, elapsed 6.7 min, VRAM peak 86.1%, ETA 2026-08-21 03:54:52 UTC (in 56.4 min)
2026-08-21 02:58:39 UTC INFO    __workspace___hf__models__Mistral-7B-Instruct-v0_3/stage1: 195/1800 done, 2.1s/item, elapsed 6.8 min, VRAM peak 86.1%, ETA 2026-08-21 03:54:42 UTC (in 56.1 min)
2026-08-21 02:58:50 UTC INFO    __workspace___hf__models__Mistral-7B-Instruct-v0_3/stage1: 200/1800 done, 2.1s/item, elapsed 7.0 min, VRAM peak 86.1%, ETA 2026-08-21 03:54:48 UTC (in 56.0 min)
2026-08-21 02:59:01 UTC INFO    __workspace___hf__models__Mistral-7B-Instruct-v0_3/stage1: 205/1800 done, 2.1s/item, elapsed 7.2 min, VRAM peak 86.5%, ETA 2026-08-21 03:54:52 UTC (in 55.9 min)
2026-08-21 02:59:12 UTC INFO    __workspace___hf__models__Mistral-7B-Instruct-v0_3/stage1: 210/1800 done, 2.1s/item, elapsed 7.4 min, VRAM peak 86.5%, ETA 2026-08-21 03:54:57 UTC (in 55.8 min)
2026-08-21 02:59:22 UTC INFO    __workspace___hf__models__Mistral-7B-Instruct-v0_3/stage1: 215/1800 done, 2.1s/item, elapsed 7.5 min, VRAM peak 86.5%, ETA 2026-08-21 03:54:54 UTC (in 55.5 min)
2026-08-21 02:59:31 UTC INFO    __workspace___hf__models__Mistral-7B-Instruct-v0_3/stage1: 220/1800 done, 2.1s/item, elapsed 7.7 min, VRAM peak 86.5%, ETA 2026-08-21 03:54:41 UTC (in 55.2 min)
2026-08-21 02:59:41 UTC INFO    __workspace___hf__models__Mistral-7B-Instruct-v0_3/stage1: 225/1800 done, 2.1s/item, elapsed 7.8 min, VRAM peak 86.5%, ETA 2026-08-21 03:54:36 UTC (in 54.9 min)
2026-08-21 02:59:49 UTC INFO    __workspace___hf__models__Mistral-7B-Instruct-v0_3/stage1: 230/1800 done, 2.1s/item, elapsed 8.0 min, VRAM peak 86.5%, ETA 2026-08-21 03:54:20 UTC (in 54.5 min)
2026-08-21 02:59:58 UTC INFO    __workspace___hf__models__Mistral-7B-Instruct-v0_3/stage1: 235/1800 done, 2.1s/item, elapsed 8.1 min, VRAM peak 86.5%, ETA 2026-08-21 03:54:11 UTC (in 54.2 min)
2026-08-21 03:00:10 UTC INFO    __workspace___hf__models__Mistral-7B-Instruct-v0_3/stage1: 240/1800 done, 2.1s/item, elapsed 8.3 min, VRAM peak 86.5%, ETA 2026-08-21 03:54:18 UTC (in 54.1 min)
2026-08-21 03:00:20 UTC INFO    __workspace___hf__models__Mistral-7B-Instruct-v0_3/stage1: 245/1800 done, 2.1s/item, elapsed 8.5 min, VRAM peak 86.5%, ETA 2026-08-21 03:54:16 UTC (in 53.9 min)
2026-08-21 03:00:32 UTC INFO    __workspace___hf__models__Mistral-7B-Instruct-v0_3/stage1: 250/1800 done, 2.1s/item, elapsed 8.7 min, VRAM peak 86.5%, ETA 2026-08-21 03:54:31 UTC (in 54.0 min)
2026-08-21 03:00:44 UTC INFO    __workspace___hf__models__Mistral-7B-Instruct-v0_3/stage1: 255/1800 done, 2.1s/item, elapsed 8.9 min, VRAM peak 86.5%, ETA 2026-08-21 03:54:37 UTC (in 53.9 min)
2026-08-21 03:00:54 UTC INFO    __workspace___hf__models__Mistral-7B-Instruct-v0_3/stage1: 260/1800 done, 2.1s/item, elapsed 9.1 min, VRAM peak 86.5%, ETA 2026-08-21 03:54:35 UTC (in 53.7 min)
2026-08-21 03:01:04 UTC INFO    __workspace___hf__models__Mistral-7B-Instruct-v0_3/stage1: 265/1800 done, 2.1s/item, elapsed 9.2 min, VRAM peak 86.5%, ETA 2026-08-21 03:54:31 UTC (in 53.5 min)
2026-08-21 03:01:15 UTC INFO    __workspace___hf__models__Mistral-7B-Instruct-v0_3/stage1: 270/1800 done, 2.1s/item, elapsed 9.4 min, VRAM peak 86.5%, ETA 2026-08-21 03:54:38 UTC (in 53.4 min)
2026-08-21 03:01:27 UTC INFO    __workspace___hf__models__Mistral-7B-Instruct-v0_3/stage1: 275/1800 done, 2.1s/item, elapsed 9.6 min, VRAM peak 86.5%, ETA 2026-08-21 03:54:46 UTC (in 53.3 min)
2026-08-21 03:01:37 UTC INFO    __workspace___hf__models__Mistral-7B-Instruct-v0_3/stage1: 280/1800 done, 2.1s/item, elapsed 9.8 min, VRAM peak 86.5%, ETA 2026-08-21 03:54:43 UTC (in 53.1 min)
2026-08-21 03:01:46 UTC INFO    __workspace___hf__models__Mistral-7B-Instruct-v0_3/stage1: 285/1800 done, 2.1s/item, elapsed 9.9 min, VRAM peak 86.5%, ETA 2026-08-21 03:54:34 UTC (in 52.8 min)
2026-08-21 03:01:56 UTC INFO    __workspace___hf__models__Mistral-7B-Instruct-v0_3/stage1: 290/1800 done, 2.1s/item, elapsed 10.1 min, VRAM peak 86.5%, ETA 2026-08-21 03:54:34 UTC (in 52.6 min)
2026-08-21 03:02:09 UTC INFO    __workspace___hf__models__Mistral-7B-Instruct-v0_3/stage1: 295/1800 done, 2.1s/item, elapsed 10.3 min, VRAM peak 86.5%, ETA 2026-08-21 03:54:48 UTC (in 52.7 min)
2026-08-21 03:02:19 UTC INFO    __workspace___hf__models__Mistral-7B-Instruct-v0_3/stage1: 300/1800 done, 2.1s/item, elapsed 10.5 min, VRAM peak 86.5%, ETA 2026-08-21 03:54:42 UTC (in 52.4 min)
2026-08-21 03:02:28 UTC INFO    __workspace___hf__models__Mistral-7B-Instruct-v0_3/stage1: 305/1800 done, 2.1s/item, elapsed 10.6 min, VRAM peak 86.5%, ETA 2026-08-21 03:54:36 UTC (in 52.1 min)
2026-08-21 03:02:40 UTC INFO    __workspace___hf__models__Mistral-7B-Instruct-v0_3/stage1: 310/1800 done, 2.1s/item, elapsed 10.8 min, VRAM peak 86.5%, ETA 2026-08-21 03:54:46 UTC (in 52.1 min)
2026-08-21 03:02:50 UTC INFO    __workspace___hf__models__Mistral-7B-Instruct-v0_3/stage1: 315/1800 done, 2.1s/item, elapsed 11.0 min, VRAM peak 86.5%, ETA 2026-08-21 03:54:40 UTC (in 51.8 min)
2026-08-21 03:02:58 UTC INFO    __workspace___hf__models__Mistral-7B-Instruct-v0_3/stage1: 320/1800 done, 2.1s/item, elapsed 11.1 min, VRAM peak 86.5%, ETA 2026-08-21 03:54:31 UTC (in 51.5 min)
2026-08-21 03:03:10 UTC INFO    __workspace___hf__models__Mistral-7B-Instruct-v0_3/stage1: 325/1800 done, 2.1s/item, elapsed 11.3 min, VRAM peak 86.9%, ETA 2026-08-21 03:54:39 UTC (in 51.5 min)
2026-08-21 03:03:22 UTC INFO    __workspace___hf__models__Mistral-7B-Instruct-v0_3/stage1: 330/1800 done, 2.1s/item, elapsed 11.5 min, VRAM peak 86.9%, ETA 2026-08-21 03:54:46 UTC (in 51.4 min)
2026-08-21 03:03:34 UTC INFO    __workspace___hf__models__Mistral-7B-Instruct-v0_3/stage1: 335/1800 done, 2.1s/item, elapsed 11.7 min, VRAM peak 86.9%, ETA 2026-08-21 03:54:51 UTC (in 51.3 min)
2026-08-21 03:03:45 UTC INFO    __workspace___hf__models__Mistral-7B-Instruct-v0_3/stage1: 340/1800 done, 2.1s/item, elapsed 11.9 min, VRAM peak 86.9%, ETA 2026-08-21 03:54:56 UTC (in 51.2 min)
2026-08-21 03:03:56 UTC INFO    __workspace___hf__models__Mistral-7B-Instruct-v0_3/stage1: 345/1800 done, 2.1s/item, elapsed 12.1 min, VRAM peak 86.9%, ETA 2026-08-21 03:54:56 UTC (in 51.0 min)
2026-08-21 03:04:06 UTC INFO    __workspace___hf__models__Mistral-7B-Instruct-v0_3/stage1: 350/1800 done, 2.1s/item, elapsed 12.3 min, VRAM peak 86.9%, ETA 2026-08-21 03:54:57 UTC (in 50.8 min)
2026-08-21 03:04:16 UTC INFO    __workspace___hf__models__Mistral-7B-Instruct-v0_3/stage1: 355/1800 done, 2.1s/item, elapsed 12.4 min, VRAM peak 86.9%, ETA 2026-08-21 03:54:53 UTC (in 50.6 min)
2026-08-21 03:04:27 UTC INFO    __workspace___hf__models__Mistral-7B-Instruct-v0_3/stage1: 360/1800 done, 2.1s/item, elapsed 12.6 min, VRAM peak 86.9%, ETA 2026-08-21 03:54:53 UTC (in 50.4 min)
2026-08-21 03:04:38 UTC INFO    __workspace___hf__models__Mistral-7B-Instruct-v0_3/stage1: 365/1800 done, 2.1s/item, elapsed 12.8 min, VRAM peak 86.9%, ETA 2026-08-21 03:55:00 UTC (in 50.4 min)
2026-08-21 03:04:49 UTC INFO    __workspace___hf__models__Mistral-7B-Instruct-v0_3/stage1: 370/1800 done, 2.1s/item, elapsed 13.0 min, VRAM peak 86.9%, ETA 2026-08-21 03:54:59 UTC (in 50.2 min)
2026-08-21 03:05:00 UTC INFO    __workspace___hf__models__Mistral-7B-Instruct-v0_3/stage1: 375/1800 done, 2.1s/item, elapsed 13.2 min, VRAM peak 86.9%, ETA 2026-08-21 03:55:04 UTC (in 50.1 min)
2026-08-21 03:05:11 UTC INFO    __workspace___hf__models__Mistral-7B-Instruct-v0_3/stage1: 380/1800 done, 2.1s/item, elapsed 13.3 min, VRAM peak 86.9%, ETA 2026-08-21 03:55:03 UTC (in 49.9 min)
2026-08-21 03:05:22 UTC INFO    __workspace___hf__models__Mistral-7B-Instruct-v0_3/stage1: 385/1800 done, 2.1s/item, elapsed 13.5 min, VRAM peak 86.9%, ETA 2026-08-21 03:55:09 UTC (in 49.8 min)
2026-08-21 03:05:33 UTC INFO    __workspace___hf__models__Mistral-7B-Instruct-v0_3/stage1: 390/1800 done, 2.1s/item, elapsed 13.7 min, VRAM peak 86.9%, ETA 2026-08-21 03:55:10 UTC (in 49.6 min)
2026-08-21 03:05:43 UTC INFO    __workspace___hf__models__Mistral-7B-Instruct-v0_3/stage1: 395/1800 done, 2.1s/item, elapsed 13.9 min, VRAM peak 86.9%, ETA 2026-08-21 03:55:08 UTC (in 49.4 min)
2026-08-21 03:05:55 UTC INFO    __workspace___hf__models__Mistral-7B-Instruct-v0_3/stage1: 400/1800 done, 2.1s/item, elapsed 14.1 min, VRAM peak 86.9%, ETA 2026-08-21 03:55:12 UTC (in 49.3 min)
2026-08-21 03:06:04 UTC INFO    __workspace___hf__models__Mistral-7B-Instruct-v0_3/stage1: 405/1800 done, 2.1s/item, elapsed 14.2 min, VRAM peak 86.9%, ETA 2026-08-21 03:55:08 UTC (in 49.1 min)
2026-08-21 03:06:15 UTC INFO    __workspace___hf__models__Mistral-7B-Instruct-v0_3/stage1: 410/1800 done, 2.1s/item, elapsed 14.4 min, VRAM peak 86.9%, ETA 2026-08-21 03:55:06 UTC (in 48.9 min)
2026-08-21 03:06:26 UTC INFO    __workspace___hf__models__Mistral-7B-Instruct-v0_3/stage1: 415/1800 done, 2.1s/item, elapsed 14.6 min, VRAM peak 86.9%, ETA 2026-08-21 03:55:10 UTC (in 48.7 min)
2026-08-21 03:06:37 UTC INFO    __workspace___hf__models__Mistral-7B-Instruct-v0_3/stage1: 420/1800 done, 2.1s/item, elapsed 14.8 min, VRAM peak 86.9%, ETA 2026-08-21 03:55:13 UTC (in 48.6 min)
2026-08-21 03:06:46 UTC INFO    __workspace___hf__models__Mistral-7B-Instruct-v0_3/stage1: 425/1800 done, 2.1s/item, elapsed 14.9 min, VRAM peak 86.9%, ETA 2026-08-21 03:55:06 UTC (in 48.3 min)
2026-08-21 03:06:59 UTC INFO    __workspace___hf__models__Mistral-7B-Instruct-v0_3/stage1: 430/1800 done, 2.1s/item, elapsed 15.2 min, VRAM peak 86.9%, ETA 2026-08-21 03:55:16 UTC (in 48.3 min)
2026-08-21 03:07:08 UTC INFO    __workspace___hf__models__Mistral-7B-Instruct-v0_3/stage1: 435/1800 done, 2.1s/item, elapsed 15.3 min, VRAM peak 86.9%, ETA 2026-08-21 03:55:10 UTC (in 48.0 min)
2026-08-21 03:07:20 UTC INFO    __workspace___hf__models__Mistral-7B-Instruct-v0_3/stage1: 440/1800 done, 2.1s/item, elapsed 15.5 min, VRAM peak 86.9%, ETA 2026-08-21 03:55:14 UTC (in 47.9 min)
2026-08-21 03:07:30 UTC INFO    __workspace___hf__models__Mistral-7B-Instruct-v0_3/stage1: 445/1800 done, 2.1s/item, elapsed 15.7 min, VRAM peak 86.9%, ETA 2026-08-21 03:55:13 UTC (in 47.7 min)
2026-08-21 03:07:42 UTC INFO    __workspace___hf__models__Mistral-7B-Instruct-v0_3/stage1: 450/1800 done, 2.1s/item, elapsed 15.9 min, VRAM peak 87.3%, ETA 2026-08-21 03:55:19 UTC (in 47.6 min)
2026-08-21 03:07:55 UTC INFO    __workspace___hf__models__Mistral-7B-Instruct-v0_3/stage1: 455/1800 done, 2.1s/item, elapsed 16.1 min, VRAM peak 87.3%, ETA 2026-08-21 03:55:26 UTC (in 47.5 min)
2026-08-21 03:08:05 UTC INFO    __workspace___hf__models__Mistral-7B-Instruct-v0_3/stage1: 460/1800 done, 2.1s/item, elapsed 16.3 min, VRAM peak 87.3%, ETA 2026-08-21 03:55:25 UTC (in 47.3 min)
2026-08-21 03:08:16 UTC INFO    __workspace___hf__models__Mistral-7B-Instruct-v0_3/stage1: 465/1800 done, 2.1s/item, elapsed 16.4 min, VRAM peak 87.3%, ETA 2026-08-21 03:55:26 UTC (in 47.2 min)
2026-08-21 03:08:28 UTC INFO    __workspace___hf__models__Mistral-7B-Instruct-v0_3/stage1: 470/1800 done, 2.1s/item, elapsed 16.6 min, VRAM peak 87.3%, ETA 2026-08-21 03:55:31 UTC (in 47.1 min)
2026-08-21 03:08:40 UTC INFO    __workspace___hf__models__Mistral-7B-Instruct-v0_3/stage1: 475/1800 done, 2.1s/item, elapsed 16.8 min, VRAM peak 87.3%, ETA 2026-08-21 03:55:36 UTC (in 46.9 min)
2026-08-21 03:08:51 UTC INFO    __workspace___hf__models__Mistral-7B-Instruct-v0_3/stage1: 480/1800 done, 2.1s/item, elapsed 17.0 min, VRAM peak 87.3%, ETA 2026-08-21 03:55:39 UTC (in 46.8 min)
2026-08-21 03:09:00 UTC INFO    __workspace___hf__models__Mistral-7B-Instruct-v0_3/stage1: 485/1800 done, 2.1s/item, elapsed 17.2 min, VRAM peak 87.3%, ETA 2026-08-21 03:55:35 UTC (in 46.6 min)
2026-08-21 03:09:10 UTC INFO    __workspace___hf__models__Mistral-7B-Instruct-v0_3/stage1: 490/1800 done, 2.1s/item, elapsed 17.3 min, VRAM peak 87.3%, ETA 2026-08-21 03:55:30 UTC (in 46.3 min)
2026-08-21 03:09:20 UTC INFO    __workspace___hf__models__Mistral-7B-Instruct-v0_3/stage1: 495/1800 done, 2.1s/item, elapsed 17.5 min, VRAM peak 87.3%, ETA 2026-08-21 03:55:28 UTC (in 46.1 min)
2026-08-21 03:09:31 UTC INFO    __workspace___hf__models__Mistral-7B-Instruct-v0_3/stage1: 500/1800 done, 2.1s/item, elapsed 17.7 min, VRAM peak 87.3%, ETA 2026-08-21 03:55:30 UTC (in 46.0 min)
2026-08-21 03:09:41 UTC INFO    __workspace___hf__models__Mistral-7B-Instruct-v0_3/stage1: 505/1800 done, 2.1s/item, elapsed 17.9 min, VRAM peak 87.3%, ETA 2026-08-21 03:55:28 UTC (in 45.8 min)
2026-08-21 03:09:53 UTC INFO    __workspace___hf__models__Mistral-7B-Instruct-v0_3/stage1: 510/1800 done, 2.1s/item, elapsed 18.0 min, VRAM peak 87.3%, ETA 2026-08-21 03:55:32 UTC (in 45.7 min)
2026-08-21 03:10:03 UTC INFO    __workspace___hf__models__Mistral-7B-Instruct-v0_3/stage1: 515/1800 done, 2.1s/item, elapsed 18.2 min, VRAM peak 87.3%, ETA 2026-08-21 03:55:31 UTC (in 45.5 min)
2026-08-21 03:10:15 UTC INFO    __workspace___hf__models__Mistral-7B-Instruct-v0_3/stage1: 520/1800 done, 2.1s/item, elapsed 18.4 min, VRAM peak 87.3%, ETA 2026-08-21 03:55:35 UTC (in 45.3 min)
2026-08-21 03:10:25 UTC INFO    __workspace___hf__models__Mistral-7B-Instruct-v0_3/stage1: 525/1800 done, 2.1s/item, elapsed 18.6 min, VRAM peak 87.3%, ETA 2026-08-21 03:55:34 UTC (in 45.1 min)
2026-08-21 03:10:36 UTC INFO    __workspace___hf__models__Mistral-7B-Instruct-v0_3/stage1: 530/1800 done, 2.1s/item, elapsed 18.8 min, VRAM peak 87.3%, ETA 2026-08-21 03:55:36 UTC (in 45.0 min)
2026-08-21 03:10:47 UTC INFO    __workspace___hf__models__Mistral-7B-Instruct-v0_3/stage1: 535/1800 done, 2.1s/item, elapsed 18.9 min, VRAM peak 87.3%, ETA 2026-08-21 03:55:34 UTC (in 44.8 min)
2026-08-21 03:10:57 UTC INFO    __workspace___hf__models__Mistral-7B-Instruct-v0_3/stage1: 540/1800 done, 2.1s/item, elapsed 19.1 min, VRAM peak 87.3%, ETA 2026-08-21 03:55:33 UTC (in 44.6 min)
2026-08-21 03:11:09 UTC INFO    __workspace___hf__models__Mistral-7B-Instruct-v0_3/stage1: 545/1800 done, 2.1s/item, elapsed 19.3 min, VRAM peak 87.3%, ETA 2026-08-21 03:55:37 UTC (in 44.5 min)
2026-08-21 03:11:19 UTC INFO    __workspace___hf__models__Mistral-7B-Instruct-v0_3/stage1: 550/1800 done, 2.1s/item, elapsed 19.5 min, VRAM peak 87.3%, ETA 2026-08-21 03:55:36 UTC (in 44.3 min)
2026-08-21 03:11:28 UTC INFO    __workspace___hf__models__Mistral-7B-Instruct-v0_3/stage1: 555/1800 done, 2.1s/item, elapsed 19.6 min, VRAM peak 87.3%, ETA 2026-08-21 03:55:32 UTC (in 44.1 min)
2026-08-21 03:11:39 UTC INFO    __workspace___hf__models__Mistral-7B-Instruct-v0_3/stage1: 560/1800 done, 2.1s/item, elapsed 19.8 min, VRAM peak 87.3%, ETA 2026-08-21 03:55:33 UTC (in 43.9 min)
2026-08-21 03:11:51 UTC INFO    __workspace___hf__models__Mistral-7B-Instruct-v0_3/stage1: 565/1800 done, 2.1s/item, elapsed 20.0 min, VRAM peak 87.3%, ETA 2026-08-21 03:55:35 UTC (in 43.7 min)
2026-08-21 03:12:00 UTC INFO    __workspace___hf__models__Mistral-7B-Instruct-v0_3/stage1: 570/1800 done, 2.1s/item, elapsed 20.2 min, VRAM peak 87.3%, ETA 2026-08-21 03:55:32 UTC (in 43.5 min)
2026-08-21 03:12:12 UTC INFO    __workspace___hf__models__Mistral-7B-Instruct-v0_3/stage1: 575/1800 done, 2.1s/item, elapsed 20.4 min, VRAM peak 87.3%, ETA 2026-08-21 03:55:36 UTC (in 43.4 min)
2026-08-21 03:12:23 UTC INFO    __workspace___hf__models__Mistral-7B-Instruct-v0_3/stage1: 580/1800 done, 2.1s/item, elapsed 20.5 min, VRAM peak 87.3%, ETA 2026-08-21 03:55:36 UTC (in 43.2 min)
2026-08-21 03:12:35 UTC INFO    __workspace___hf__models__Mistral-7B-Instruct-v0_3/stage1: 585/1800 done, 2.1s/item, elapsed 20.8 min, VRAM peak 87.3%, ETA 2026-08-21 03:55:42 UTC (in 43.1 min)
2026-08-21 03:12:47 UTC INFO    __workspace___hf__models__Mistral-7B-Instruct-v0_3/stage1: 590/1800 done, 2.1s/item, elapsed 21.0 min, VRAM peak 87.3%, ETA 2026-08-21 03:55:46 UTC (in 43.0 min)
2026-08-21 03:12:59 UTC INFO    __workspace___hf__models__Mistral-7B-Instruct-v0_3/stage1: 595/1800 done, 2.1s/item, elapsed 21.2 min, VRAM peak 87.3%, ETA 2026-08-21 03:55:49 UTC (in 42.8 min)
2026-08-21 03:13:09 UTC INFO    __workspace___hf__models__Mistral-7B-Instruct-v0_3/stage1: 600/1800 done, 2.1s/item, elapsed 21.3 min, VRAM peak 87.3%, ETA 2026-08-21 03:55:48 UTC (in 42.6 min)
2026-08-21 03:13:21 UTC INFO    __workspace___hf__models__Mistral-7B-Instruct-v0_3/stage1: 605/1800 done, 2.1s/item, elapsed 21.5 min, VRAM peak 87.3%, ETA 2026-08-21 03:55:50 UTC (in 42.5 min)
2026-08-21 03:13:33 UTC INFO    __workspace___hf__models__Mistral-7B-Instruct-v0_3/stage1: 610/1800 done, 2.1s/item, elapsed 21.7 min, VRAM peak 87.3%, ETA 2026-08-21 03:55:54 UTC (in 42.4 min)
2026-08-21 03:13:43 UTC INFO    __workspace___hf__models__Mistral-7B-Instruct-v0_3/stage1: 615/1800 done, 2.1s/item, elapsed 21.9 min, VRAM peak 87.3%, ETA 2026-08-21 03:55:53 UTC (in 42.2 min)
2026-08-21 03:13:54 UTC INFO    __workspace___hf__models__Mistral-7B-Instruct-v0_3/stage1: 620/1800 done, 2.1s/item, elapsed 22.1 min, VRAM peak 87.3%, ETA 2026-08-21 03:55:53 UTC (in 42.0 min)
2026-08-21 03:14:05 UTC INFO    __workspace___hf__models__Mistral-7B-Instruct-v0_3/stage1: 625/1800 done, 2.1s/item, elapsed 22.2 min, VRAM peak 87.3%, ETA 2026-08-21 03:55:54 UTC (in 41.8 min)
2026-08-21 03:14:14 UTC INFO    __workspace___hf__models__Mistral-7B-Instruct-v0_3/stage1: 630/1800 done, 2.1s/item, elapsed 22.4 min, VRAM peak 87.3%, ETA 2026-08-21 03:55:51 UTC (in 41.6 min)
2026-08-21 03:14:25 UTC INFO    __workspace___hf__models__Mistral-7B-Instruct-v0_3/stage1: 635/1800 done, 2.1s/item, elapsed 22.6 min, VRAM peak 87.3%, ETA 2026-08-21 03:55:51 UTC (in 41.4 min)
2026-08-21 03:14:39 UTC INFO    __workspace___hf__models__Mistral-7B-Instruct-v0_3/stage1: 640/1800 done, 2.1s/item, elapsed 22.8 min, VRAM peak 87.3%, ETA 2026-08-21 03:56:01 UTC (in 41.4 min)
2026-08-21 03:14:50 UTC INFO    __workspace___hf__models__Mistral-7B-Instruct-v0_3/stage1: 645/1800 done, 2.1s/item, elapsed 23.0 min, VRAM peak 87.3%, ETA 2026-08-21 03:56:01 UTC (in 41.2 min)
2026-08-21 03:15:02 UTC INFO    __workspace___hf__models__Mistral-7B-Instruct-v0_3/stage1: 650/1800 done, 2.1s/item, elapsed 23.2 min, VRAM peak 87.3%, ETA 2026-08-21 03:56:04 UTC (in 41.0 min)
2026-08-21 03:15:12 UTC INFO    __workspace___hf__models__Mistral-7B-Instruct-v0_3/stage1: 655/1800 done, 2.1s/item, elapsed 23.4 min, VRAM peak 87.3%, ETA 2026-08-21 03:56:02 UTC (in 40.8 min)
2026-08-21 03:15:23 UTC INFO    __workspace___hf__models__Mistral-7B-Instruct-v0_3/stage1: 660/1800 done, 2.1s/item, elapsed 23.5 min, VRAM peak 87.3%, ETA 2026-08-21 03:56:03 UTC (in 40.7 min)
2026-08-21 03:15:35 UTC INFO    __workspace___hf__models__Mistral-7B-Instruct-v0_3/stage1: 665/1800 done, 2.1s/item, elapsed 23.7 min, VRAM peak 87.3%, ETA 2026-08-21 03:56:07 UTC (in 40.5 min)
2026-08-21 03:15:45 UTC INFO    __workspace___hf__models__Mistral-7B-Instruct-v0_3/stage1: 670/1800 done, 2.1s/item, elapsed 23.9 min, VRAM peak 87.3%, ETA 2026-08-21 03:56:07 UTC (in 40.4 min)
2026-08-21 03:15:56 UTC INFO    __workspace___hf__models__Mistral-7B-Instruct-v0_3/stage1: 675/1800 done, 2.1s/item, elapsed 24.1 min, VRAM peak 87.3%, ETA 2026-08-21 03:56:05 UTC (in 40.2 min)
2026-08-21 03:16:09 UTC INFO    __workspace___hf__models__Mistral-7B-Instruct-v0_3/stage1: 680/1800 done, 2.1s/item, elapsed 24.3 min, VRAM peak 87.3%, ETA 2026-08-21 03:56:13 UTC (in 40.1 min)
2026-08-21 03:16:19 UTC INFO    __workspace___hf__models__Mistral-7B-Instruct-v0_3/stage1: 685/1800 done, 2.1s/item, elapsed 24.5 min, VRAM peak 87.3%, ETA 2026-08-21 03:56:10 UTC (in 39.9 min)
2026-08-21 03:16:30 UTC INFO    __workspace___hf__models__Mistral-7B-Instruct-v0_3/stage1: 690/1800 done, 2.1s/item, elapsed 24.7 min, VRAM peak 87.3%, ETA 2026-08-21 03:56:11 UTC (in 39.7 min)
2026-08-21 03:16:42 UTC INFO    __workspace___hf__models__Mistral-7B-Instruct-v0_3/stage1: 695/1800 done, 2.1s/item, elapsed 24.9 min, VRAM peak 87.3%, ETA 2026-08-21 03:56:14 UTC (in 39.5 min)
2026-08-21 03:16:52 UTC INFO    __workspace___hf__models__Mistral-7B-Instruct-v0_3/stage1: 700/1800 done, 2.1s/item, elapsed 25.0 min, VRAM peak 87.3%, ETA 2026-08-21 03:56:13 UTC (in 39.3 min)
2026-08-21 03:17:02 UTC INFO    __workspace___hf__models__Mistral-7B-Instruct-v0_3/stage1: 705/1800 done, 2.1s/item, elapsed 25.2 min, VRAM peak 87.3%, ETA 2026-08-21 03:56:10 UTC (in 39.1 min)
2026-08-21 03:17:15 UTC INFO    __workspace___hf__models__Mistral-7B-Instruct-v0_3/stage1: 710/1800 done, 2.1s/item, elapsed 25.4 min, VRAM peak 87.3%, ETA 2026-08-21 03:56:16 UTC (in 39.0 min)
2026-08-21 03:17:23 UTC INFO    __workspace___hf__models__Mistral-7B-Instruct-v0_3/stage1: 715/1800 done, 2.1s/item, elapsed 25.6 min, VRAM peak 87.3%, ETA 2026-08-21 03:56:10 UTC (in 38.8 min)
2026-08-21 03:17:34 UTC INFO    __workspace___hf__models__Mistral-7B-Instruct-v0_3/stage1: 720/1800 done, 2.1s/item, elapsed 25.7 min, VRAM peak 87.3%, ETA 2026-08-21 03:56:11 UTC (in 38.6 min)
2026-08-21 03:17:44 UTC INFO    __workspace___hf__models__Mistral-7B-Instruct-v0_3/stage1: 725/1800 done, 2.1s/item, elapsed 25.9 min, VRAM peak 87.3%, ETA 2026-08-21 03:56:09 UTC (in 38.4 min)
2026-08-21 03:17:56 UTC INFO    __workspace___hf__models__Mistral-7B-Instruct-v0_3/stage1: 730/1800 done, 2.1s/item, elapsed 26.1 min, VRAM peak 87.3%, ETA 2026-08-21 03:56:12 UTC (in 38.3 min)
2026-08-21 03:18:08 UTC INFO    __workspace___hf__models__Mistral-7B-Instruct-v0_3/stage1: 735/1800 done, 2.1s/item, elapsed 26.3 min, VRAM peak 87.3%, ETA 2026-08-21 03:56:14 UTC (in 38.1 min)
2026-08-21 03:18:17 UTC INFO    __workspace___hf__models__Mistral-7B-Instruct-v0_3/stage1: 740/1800 done, 2.1s/item, elapsed 26.4 min, VRAM peak 87.3%, ETA 2026-08-21 03:56:10 UTC (in 37.9 min)
2026-08-21 03:18:29 UTC INFO    __workspace___hf__models__Mistral-7B-Instruct-v0_3/stage1: 745/1800 done, 2.1s/item, elapsed 26.7 min, VRAM peak 87.3%, ETA 2026-08-21 03:56:14 UTC (in 37.8 min)
2026-08-21 03:18:41 UTC INFO    __workspace___hf__models__Mistral-7B-Instruct-v0_3/stage1: 750/1800 done, 2.1s/item, elapsed 26.9 min, VRAM peak 87.3%, ETA 2026-08-21 03:56:17 UTC (in 37.6 min)
2026-08-21 03:18:51 UTC INFO    __workspace___hf__models__Mistral-7B-Instruct-v0_3/stage1: 755/1800 done, 2.1s/item, elapsed 27.0 min, VRAM peak 87.3%, ETA 2026-08-21 03:56:15 UTC (in 37.4 min)
2026-08-21 03:19:00 UTC INFO    __workspace___hf__models__Mistral-7B-Instruct-v0_3/stage1: 760/1800 done, 2.1s/item, elapsed 27.2 min, VRAM peak 87.3%, ETA 2026-08-21 03:56:11 UTC (in 37.2 min)
2026-08-21 03:19:11 UTC INFO    __workspace___hf__models__Mistral-7B-Instruct-v0_3/stage1: 765/1800 done, 2.1s/item, elapsed 27.4 min, VRAM peak 87.3%, ETA 2026-08-21 03:56:12 UTC (in 37.0 min)
2026-08-21 03:19:21 UTC INFO    __workspace___hf__models__Mistral-7B-Instruct-v0_3/stage1: 770/1800 done, 2.1s/item, elapsed 27.5 min, VRAM peak 87.3%, ETA 2026-08-21 03:56:09 UTC (in 36.8 min)
2026-08-21 03:19:31 UTC INFO    __workspace___hf__models__Mistral-7B-Instruct-v0_3/stage1: 775/1800 done, 2.1s/item, elapsed 27.7 min, VRAM peak 87.3%, ETA 2026-08-21 03:56:08 UTC (in 36.6 min)
2026-08-21 03:19:40 UTC INFO    __workspace___hf__models__Mistral-7B-Instruct-v0_3/stage1: 780/1800 done, 2.1s/item, elapsed 27.8 min, VRAM peak 87.3%, ETA 2026-08-21 03:56:05 UTC (in 36.4 min)
2026-08-21 03:19:50 UTC INFO    __workspace___hf__models__Mistral-7B-Instruct-v0_3/stage1: 785/1800 done, 2.1s/item, elapsed 28.0 min, VRAM peak 87.3%, ETA 2026-08-21 03:56:03 UTC (in 36.2 min)
2026-08-21 03:20:02 UTC INFO    __workspace___hf__models__Mistral-7B-Instruct-v0_3/stage1: 790/1800 done, 2.1s/item, elapsed 28.2 min, VRAM peak 87.3%, ETA 2026-08-21 03:56:06 UTC (in 36.1 min)
2026-08-21 03:20:12 UTC INFO    __workspace___hf__models__Mistral-7B-Instruct-v0_3/stage1: 795/1800 done, 2.1s/item, elapsed 28.4 min, VRAM peak 87.3%, ETA 2026-08-21 03:56:04 UTC (in 35.9 min)
2026-08-21 03:20:24 UTC INFO    __workspace___hf__models__Mistral-7B-Instruct-v0_3/stage1: 800/1800 done, 2.1s/item, elapsed 28.6 min, VRAM peak 87.3%, ETA 2026-08-21 03:56:08 UTC (in 35.7 min)
2026-08-21 03:20:35 UTC INFO    __workspace___hf__models__Mistral-7B-Instruct-v0_3/stage1: 805/1800 done, 2.1s/item, elapsed 28.7 min, VRAM peak 87.3%, ETA 2026-08-21 03:56:07 UTC (in 35.5 min)
2026-08-21 03:20:44 UTC INFO    __workspace___hf__models__Mistral-7B-Instruct-v0_3/stage1: 810/1800 done, 2.1s/item, elapsed 28.9 min, VRAM peak 87.3%, ETA 2026-08-21 03:56:03 UTC (in 35.3 min)
2026-08-21 03:20:54 UTC INFO    __workspace___hf__models__Mistral-7B-Instruct-v0_3/stage1: 815/1800 done, 2.1s/item, elapsed 29.1 min, VRAM peak 87.3%, ETA 2026-08-21 03:56:02 UTC (in 35.1 min)
2026-08-21 03:21:03 UTC INFO    __workspace___hf__models__Mistral-7B-Instruct-v0_3/stage1: 820/1800 done, 2.1s/item, elapsed 29.2 min, VRAM peak 87.3%, ETA 2026-08-21 03:55:59 UTC (in 34.9 min)
2026-08-21 03:21:14 UTC INFO    __workspace___hf__models__Mistral-7B-Instruct-v0_3/stage1: 825/1800 done, 2.1s/item, elapsed 29.4 min, VRAM peak 87.3%, ETA 2026-08-21 03:55:58 UTC (in 34.7 min)
2026-08-21 03:21:24 UTC INFO    __workspace___hf__models__Mistral-7B-Instruct-v0_3/stage1: 830/1800 done, 2.1s/item, elapsed 29.6 min, VRAM peak 87.3%, ETA 2026-08-21 03:55:56 UTC (in 34.5 min)
2026-08-21 03:21:35 UTC INFO    __workspace___hf__models__Mistral-7B-Instruct-v0_3/stage1: 835/1800 done, 2.1s/item, elapsed 29.8 min, VRAM peak 87.3%, ETA 2026-08-21 03:55:58 UTC (in 34.4 min)
2026-08-21 03:21:46 UTC INFO    __workspace___hf__models__Mistral-7B-Instruct-v0_3/stage1: 840/1800 done, 2.1s/item, elapsed 29.9 min, VRAM peak 87.3%, ETA 2026-08-21 03:55:58 UTC (in 34.2 min)
2026-08-21 03:21:56 UTC INFO    __workspace___hf__models__Mistral-7B-Instruct-v0_3/stage1: 845/1800 done, 2.1s/item, elapsed 30.1 min, VRAM peak 87.3%, ETA 2026-08-21 03:55:58 UTC (in 34.0 min)
2026-08-21 03:22:06 UTC INFO    __workspace___hf__models__Mistral-7B-Instruct-v0_3/stage1: 850/1800 done, 2.1s/item, elapsed 30.3 min, VRAM peak 87.3%, ETA 2026-08-21 03:55:55 UTC (in 33.8 min)
2026-08-21 03:22:17 UTC INFO    __workspace___hf__models__Mistral-7B-Instruct-v0_3/stage1: 855/1800 done, 2.1s/item, elapsed 30.4 min, VRAM peak 87.3%, ETA 2026-08-21 03:55:56 UTC (in 33.7 min)
2026-08-21 03:22:28 UTC INFO    __workspace___hf__models__Mistral-7B-Instruct-v0_3/stage1: 860/1800 done, 2.1s/item, elapsed 30.6 min, VRAM peak 87.3%, ETA 2026-08-21 03:55:58 UTC (in 33.5 min)
2026-08-21 03:22:37 UTC INFO    __workspace___hf__models__Mistral-7B-Instruct-v0_3/stage1: 865/1800 done, 2.1s/item, elapsed 30.8 min, VRAM peak 87.3%, ETA 2026-08-21 03:55:55 UTC (in 33.3 min)
2026-08-21 03:22:49 UTC INFO    __workspace___hf__models__Mistral-7B-Instruct-v0_3/stage1: 870/1800 done, 2.1s/item, elapsed 31.0 min, VRAM peak 87.3%, ETA 2026-08-21 03:55:56 UTC (in 33.1 min)
2026-08-21 03:22:58 UTC INFO    __workspace___hf__models__Mistral-7B-Instruct-v0_3/stage1: 875/1800 done, 2.1s/item, elapsed 31.1 min, VRAM peak 87.3%, ETA 2026-08-21 03:55:53 UTC (in 32.9 min)
2026-08-21 03:23:08 UTC INFO    __workspace___hf__models__Mistral-7B-Instruct-v0_3/stage1: 880/1800 done, 2.1s/item, elapsed 31.3 min, VRAM peak 87.3%, ETA 2026-08-21 03:55:52 UTC (in 32.7 min)
2026-08-21 03:23:18 UTC INFO    __workspace___hf__models__Mistral-7B-Instruct-v0_3/stage1: 885/1800 done, 2.1s/item, elapsed 31.5 min, VRAM peak 87.3%, ETA 2026-08-21 03:55:51 UTC (in 32.5 min)
2026-08-21 03:23:27 UTC INFO    __workspace___hf__models__Mistral-7B-Instruct-v0_3/stage1: 890/1800 done, 2.1s/item, elapsed 31.6 min, VRAM peak 87.3%, ETA 2026-08-21 03:55:47 UTC (in 32.3 min)
2026-08-21 03:23:38 UTC INFO    __workspace___hf__models__Mistral-7B-Instruct-v0_3/stage1: 895/1800 done, 2.1s/item, elapsed 31.8 min, VRAM peak 87.3%, ETA 2026-08-21 03:55:48 UTC (in 32.2 min)
2026-08-21 03:23:49 UTC INFO    __workspace___hf__models__Mistral-7B-Instruct-v0_3/stage1: 900/1800 done, 2.1s/item, elapsed 32.0 min, VRAM peak 87.3%, ETA 2026-08-21 03:55:47 UTC (in 32.0 min)
2026-08-21 03:24:00 UTC INFO    __workspace___hf__models__Mistral-7B-Instruct-v0_3/stage1: 905/1800 done, 2.1s/item, elapsed 32.2 min, VRAM peak 87.3%, ETA 2026-08-21 03:55:49 UTC (in 31.8 min)
2026-08-21 03:24:12 UTC INFO    __workspace___hf__models__Mistral-7B-Instruct-v0_3/stage1: 910/1800 done, 2.1s/item, elapsed 32.4 min, VRAM peak 87.3%, ETA 2026-08-21 03:55:51 UTC (in 31.6 min)
2026-08-21 03:24:21 UTC INFO    __workspace___hf__models__Mistral-7B-Instruct-v0_3/stage1: 915/1800 done, 2.1s/item, elapsed 32.5 min, VRAM peak 87.3%, ETA 2026-08-21 03:55:49 UTC (in 31.5 min)
2026-08-21 03:24:33 UTC INFO    __workspace___hf__models__Mistral-7B-Instruct-v0_3/stage1: 920/1800 done, 2.1s/item, elapsed 32.7 min, VRAM peak 87.3%, ETA 2026-08-21 03:55:50 UTC (in 31.3 min)
2026-08-21 03:24:42 UTC INFO    __workspace___hf__models__Mistral-7B-Instruct-v0_3/stage1: 925/1800 done, 2.1s/item, elapsed 32.9 min, VRAM peak 87.3%, ETA 2026-08-21 03:55:48 UTC (in 31.1 min)
2026-08-21 03:24:52 UTC INFO    __workspace___hf__models__Mistral-7B-Instruct-v0_3/stage1: 930/1800 done, 2.1s/item, elapsed 33.0 min, VRAM peak 87.3%, ETA 2026-08-21 03:55:46 UTC (in 30.9 min)
2026-08-21 03:25:01 UTC INFO    __workspace___hf__models__Mistral-7B-Instruct-v0_3/stage1: 935/1800 done, 2.1s/item, elapsed 33.2 min, VRAM peak 87.3%, ETA 2026-08-21 03:55:42 UTC (in 30.7 min)
2026-08-21 03:25:09 UTC INFO    __workspace___hf__models__Mistral-7B-Instruct-v0_3/stage1: 940/1800 done, 2.1s/item, elapsed 33.3 min, VRAM peak 87.3%, ETA 2026-08-21 03:55:38 UTC (in 30.5 min)
2026-08-21 03:25:20 UTC INFO    __workspace___hf__models__Mistral-7B-Instruct-v0_3/stage1: 945/1800 done, 2.1s/item, elapsed 33.5 min, VRAM peak 87.3%, ETA 2026-08-21 03:55:39 UTC (in 30.3 min)
2026-08-21 03:25:29 UTC INFO    __workspace___hf__models__Mistral-7B-Instruct-v0_3/stage1: 950/1800 done, 2.1s/item, elapsed 33.7 min, VRAM peak 87.3%, ETA 2026-08-21 03:55:36 UTC (in 30.1 min)
2026-08-21 03:25:38 UTC INFO    __workspace___hf__models__Mistral-7B-Instruct-v0_3/stage1: 955/1800 done, 2.1s/item, elapsed 33.8 min, VRAM peak 87.3%, ETA 2026-08-21 03:55:33 UTC (in 29.9 min)
2026-08-21 03:25:48 UTC INFO    __workspace___hf__models__Mistral-7B-Instruct-v0_3/stage1: 960/1800 done, 2.1s/item, elapsed 34.0 min, VRAM peak 87.3%, ETA 2026-08-21 03:55:32 UTC (in 29.7 min)
2026-08-21 03:25:59 UTC INFO    __workspace___hf__models__Mistral-7B-Instruct-v0_3/stage1: 965/1800 done, 2.1s/item, elapsed 34.1 min, VRAM peak 87.3%, ETA 2026-08-21 03:55:31 UTC (in 29.5 min)
2026-08-21 03:26:09 UTC INFO    __workspace___hf__models__Mistral-7B-Instruct-v0_3/stage1: 970/1800 done, 2.1s/item, elapsed 34.3 min, VRAM peak 87.3%, ETA 2026-08-21 03:55:31 UTC (in 29.4 min)
2026-08-21 03:26:22 UTC INFO    __workspace___hf__models__Mistral-7B-Instruct-v0_3/stage1: 975/1800 done, 2.1s/item, elapsed 34.5 min, VRAM peak 87.3%, ETA 2026-08-21 03:55:36 UTC (in 29.2 min)
2026-08-21 03:26:33 UTC INFO    __workspace___hf__models__Mistral-7B-Instruct-v0_3/stage1: 980/1800 done, 2.1s/item, elapsed 34.7 min, VRAM peak 87.3%, ETA 2026-08-21 03:55:36 UTC (in 29.0 min)
2026-08-21 03:26:46 UTC INFO    __workspace___hf__models__Mistral-7B-Instruct-v0_3/stage1: 985/1800 done, 2.1s/item, elapsed 34.9 min, VRAM peak 87.3%, ETA 2026-08-21 03:55:41 UTC (in 28.9 min)
2026-08-21 03:26:57 UTC INFO    __workspace___hf__models__Mistral-7B-Instruct-v0_3/stage1: 990/1800 done, 2.1s/item, elapsed 35.1 min, VRAM peak 87.3%, ETA 2026-08-21 03:55:42 UTC (in 28.7 min)
2026-08-21 03:27:08 UTC INFO    __workspace___hf__models__Mistral-7B-Instruct-v0_3/stage1: 995/1800 done, 2.1s/item, elapsed 35.3 min, VRAM peak 87.3%, ETA 2026-08-21 03:55:42 UTC (in 28.6 min)
2026-08-21 03:27:19 UTC INFO    __workspace___hf__models__Mistral-7B-Instruct-v0_3/stage1: 1000/1800 done, 2.1s/item, elapsed 35.5 min, VRAM peak 87.3%, ETA 2026-08-21 03:55:42 UTC (in 28.4 min)
2026-08-21 03:27:29 UTC INFO    __workspace___hf__models__Mistral-7B-Instruct-v0_3/stage1: 1005/1800 done, 2.1s/item, elapsed 35.7 min, VRAM peak 87.3%, ETA 2026-08-21 03:55:42 UTC (in 28.2 min)
2026-08-21 03:27:40 UTC INFO    __workspace___hf__models__Mistral-7B-Instruct-v0_3/stage1: 1010/1800 done, 2.1s/item, elapsed 35.8 min, VRAM peak 87.3%, ETA 2026-08-21 03:55:42 UTC (in 28.0 min)
2026-08-21 03:27:50 UTC INFO    __workspace___hf__models__Mistral-7B-Instruct-v0_3/stage1: 1015/1800 done, 2.1s/item, elapsed 36.0 min, VRAM peak 87.3%, ETA 2026-08-21 03:55:41 UTC (in 27.8 min)
2026-08-21 03:27:59 UTC INFO    __workspace___hf__models__Mistral-7B-Instruct-v0_3/stage1: 1020/1800 done, 2.1s/item, elapsed 36.2 min, VRAM peak 87.3%, ETA 2026-08-21 03:55:38 UTC (in 27.6 min)
2026-08-21 03:28:11 UTC INFO    __workspace___hf__models__Mistral-7B-Instruct-v0_3/stage1: 1025/1800 done, 2.1s/item, elapsed 36.4 min, VRAM peak 87.3%, ETA 2026-08-21 03:55:40 UTC (in 27.5 min)
2026-08-21 03:28:23 UTC INFO    __workspace___hf__models__Mistral-7B-Instruct-v0_3/stage1: 1030/1800 done, 2.1s/item, elapsed 36.5 min, VRAM peak 87.3%, ETA 2026-08-21 03:55:42 UTC (in 27.3 min)
2026-08-21 03:28:35 UTC INFO    __workspace___hf__models__Mistral-7B-Instruct-v0_3/stage1: 1035/1800 done, 2.1s/item, elapsed 36.8 min, VRAM peak 87.3%, ETA 2026-08-21 03:55:45 UTC (in 27.2 min)
2026-08-21 03:28:46 UTC INFO    __workspace___hf__models__Mistral-7B-Instruct-v0_3/stage1: 1040/1800 done, 2.1s/item, elapsed 36.9 min, VRAM peak 87.3%, ETA 2026-08-21 03:55:45 UTC (in 27.0 min)
2026-08-21 03:28:58 UTC INFO    __workspace___hf__models__Mistral-7B-Instruct-v0_3/stage1: 1045/1800 done, 2.1s/item, elapsed 37.1 min, VRAM peak 87.3%, ETA 2026-08-21 03:55:47 UTC (in 26.8 min)
2026-08-21 03:29:07 UTC INFO    __workspace___hf__models__Mistral-7B-Instruct-v0_3/stage1: 1050/1800 done, 2.1s/item, elapsed 37.3 min, VRAM peak 87.3%, ETA 2026-08-21 03:55:44 UTC (in 26.6 min)
2026-08-21 03:29:16 UTC INFO    __workspace___hf__models__Mistral-7B-Instruct-v0_3/stage1: 1055/1800 done, 2.1s/item, elapsed 37.4 min, VRAM peak 87.3%, ETA 2026-08-21 03:55:43 UTC (in 26.4 min)
2026-08-21 03:29:29 UTC INFO    __workspace___hf__models__Mistral-7B-Instruct-v0_3/stage1: 1060/1800 done, 2.1s/item, elapsed 37.7 min, VRAM peak 87.3%, ETA 2026-08-21 03:55:46 UTC (in 26.3 min)
2026-08-21 03:29:40 UTC INFO    __workspace___hf__models__Mistral-7B-Instruct-v0_3/stage1: 1065/1800 done, 2.1s/item, elapsed 37.8 min, VRAM peak 87.3%, ETA 2026-08-21 03:55:47 UTC (in 26.1 min)
2026-08-21 03:29:53 UTC INFO    __workspace___hf__models__Mistral-7B-Instruct-v0_3/stage1: 1070/1800 done, 2.1s/item, elapsed 38.0 min, VRAM peak 87.3%, ETA 2026-08-21 03:55:50 UTC (in 26.0 min)
2026-08-21 03:30:04 UTC INFO    __workspace___hf__models__Mistral-7B-Instruct-v0_3/stage1: 1075/1800 done, 2.1s/item, elapsed 38.2 min, VRAM peak 87.3%, ETA 2026-08-21 03:55:51 UTC (in 25.8 min)
2026-08-21 03:30:14 UTC INFO    __workspace___hf__models__Mistral-7B-Instruct-v0_3/stage1: 1080/1800 done, 2.1s/item, elapsed 38.4 min, VRAM peak 87.3%, ETA 2026-08-21 03:55:50 UTC (in 25.6 min)
2026-08-21 03:30:23 UTC INFO    __workspace___hf__models__Mistral-7B-Instruct-v0_3/stage1: 1085/1800 done, 2.1s/item, elapsed 38.6 min, VRAM peak 87.3%, ETA 2026-08-21 03:55:48 UTC (in 25.4 min)
2026-08-21 03:30:34 UTC INFO    __workspace___hf__models__Mistral-7B-Instruct-v0_3/stage1: 1090/1800 done, 2.1s/item, elapsed 38.7 min, VRAM peak 87.3%, ETA 2026-08-21 03:55:48 UTC (in 25.2 min)
2026-08-21 03:30:45 UTC INFO    __workspace___hf__models__Mistral-7B-Instruct-v0_3/stage1: 1095/1800 done, 2.1s/item, elapsed 38.9 min, VRAM peak 87.3%, ETA 2026-08-21 03:55:49 UTC (in 25.1 min)
2026-08-21 03:30:57 UTC INFO    __workspace___hf__models__Mistral-7B-Instruct-v0_3/stage1: 1100/1800 done, 2.1s/item, elapsed 39.1 min, VRAM peak 87.3%, ETA 2026-08-21 03:55:50 UTC (in 24.9 min)
2026-08-21 03:31:09 UTC INFO    __workspace___hf__models__Mistral-7B-Instruct-v0_3/stage1: 1105/1800 done, 2.1s/item, elapsed 39.3 min, VRAM peak 87.3%, ETA 2026-08-21 03:55:53 UTC (in 24.7 min)
2026-08-21 03:31:21 UTC INFO    __workspace___hf__models__Mistral-7B-Instruct-v0_3/stage1: 1110/1800 done, 2.1s/item, elapsed 39.5 min, VRAM peak 87.3%, ETA 2026-08-21 03:55:56 UTC (in 24.6 min)
2026-08-21 03:31:31 UTC INFO    __workspace___hf__models__Mistral-7B-Instruct-v0_3/stage1: 1115/1800 done, 2.1s/item, elapsed 39.7 min, VRAM peak 87.3%, ETA 2026-08-21 03:55:54 UTC (in 24.4 min)
2026-08-21 03:31:40 UTC INFO    __workspace___hf__models__Mistral-7B-Instruct-v0_3/stage1: 1120/1800 done, 2.1s/item, elapsed 39.8 min, VRAM peak 87.3%, ETA 2026-08-21 03:55:52 UTC (in 24.2 min)
2026-08-21 03:31:51 UTC INFO    __workspace___hf__models__Mistral-7B-Instruct-v0_3/stage1: 1125/1800 done, 2.1s/item, elapsed 40.0 min, VRAM peak 87.3%, ETA 2026-08-21 03:55:52 UTC (in 24.0 min)
2026-08-21 03:32:02 UTC INFO    __workspace___hf__models__Mistral-7B-Instruct-v0_3/stage1: 1130/1800 done, 2.1s/item, elapsed 40.2 min, VRAM peak 87.3%, ETA 2026-08-21 03:55:53 UTC (in 23.8 min)
2026-08-21 03:32:14 UTC INFO    __workspace___hf__models__Mistral-7B-Instruct-v0_3/stage1: 1135/1800 done, 2.1s/item, elapsed 40.4 min, VRAM peak 87.3%, ETA 2026-08-21 03:55:54 UTC (in 23.7 min)
2026-08-21 03:32:25 UTC INFO    __workspace___hf__models__Mistral-7B-Instruct-v0_3/stage1: 1140/1800 done, 2.1s/item, elapsed 40.6 min, VRAM peak 87.3%, ETA 2026-08-21 03:55:55 UTC (in 23.5 min)
2026-08-21 03:32:36 UTC INFO    __workspace___hf__models__Mistral-7B-Instruct-v0_3/stage1: 1145/1800 done, 2.1s/item, elapsed 40.8 min, VRAM peak 87.3%, ETA 2026-08-21 03:55:55 UTC (in 23.3 min)
2026-08-21 03:32:47 UTC INFO    __workspace___hf__models__Mistral-7B-Instruct-v0_3/stage1: 1150/1800 done, 2.1s/item, elapsed 40.9 min, VRAM peak 87.3%, ETA 2026-08-21 03:55:55 UTC (in 23.1 min)
2026-08-21 03:32:56 UTC INFO    __workspace___hf__models__Mistral-7B-Instruct-v0_3/stage1: 1155/1800 done, 2.1s/item, elapsed 41.1 min, VRAM peak 87.3%, ETA 2026-08-21 03:55:53 UTC (in 23.0 min)
2026-08-21 03:33:06 UTC INFO    __workspace___hf__models__Mistral-7B-Instruct-v0_3/stage1: 1160/1800 done, 2.1s/item, elapsed 41.3 min, VRAM peak 87.3%, ETA 2026-08-21 03:55:51 UTC (in 22.8 min)
2026-08-21 03:33:17 UTC INFO    __workspace___hf__models__Mistral-7B-Instruct-v0_3/stage1: 1165/1800 done, 2.1s/item, elapsed 41.4 min, VRAM peak 87.3%, ETA 2026-08-21 03:55:52 UTC (in 22.6 min)
2026-08-21 03:33:26 UTC INFO    __workspace___hf__models__Mistral-7B-Instruct-v0_3/stage1: 1170/1800 done, 2.1s/item, elapsed 41.6 min, VRAM peak 87.3%, ETA 2026-08-21 03:55:50 UTC (in 22.4 min)
2026-08-21 03:33:36 UTC INFO    __workspace___hf__models__Mistral-7B-Instruct-v0_3/stage1: 1175/1800 done, 2.1s/item, elapsed 41.8 min, VRAM peak 87.3%, ETA 2026-08-21 03:55:49 UTC (in 22.2 min)
2026-08-21 03:33:49 UTC INFO    __workspace___hf__models__Mistral-7B-Instruct-v0_3/stage1: 1180/1800 done, 2.1s/item, elapsed 42.0 min, VRAM peak 87.3%, ETA 2026-08-21 03:55:52 UTC (in 22.1 min)
2026-08-21 03:34:00 UTC INFO    __workspace___hf__models__Mistral-7B-Instruct-v0_3/stage1: 1185/1800 done, 2.1s/item, elapsed 42.2 min, VRAM peak 87.3%, ETA 2026-08-21 03:55:53 UTC (in 21.9 min)
2026-08-21 03:34:12 UTC INFO    __workspace___hf__models__Mistral-7B-Instruct-v0_3/stage1: 1190/1800 done, 2.1s/item, elapsed 42.4 min, VRAM peak 87.3%, ETA 2026-08-21 03:55:56 UTC (in 21.7 min)
2026-08-21 03:34:25 UTC INFO    __workspace___hf__models__Mistral-7B-Instruct-v0_3/stage1: 1195/1800 done, 2.1s/item, elapsed 42.6 min, VRAM peak 87.3%, ETA 2026-08-21 03:55:59 UTC (in 21.6 min)
2026-08-21 03:34:35 UTC INFO    __workspace___hf__models__Mistral-7B-Instruct-v0_3/stage1: 1200/1800 done, 2.1s/item, elapsed 42.8 min, VRAM peak 87.3%, ETA 2026-08-21 03:55:58 UTC (in 21.4 min)
2026-08-21 03:34:44 UTC INFO    __workspace___hf__models__Mistral-7B-Instruct-v0_3/stage1: 1205/1800 done, 2.1s/item, elapsed 42.9 min, VRAM peak 87.3%, ETA 2026-08-21 03:55:56 UTC (in 21.2 min)
2026-08-21 03:34:56 UTC INFO    __workspace___hf__models__Mistral-7B-Instruct-v0_3/stage1: 1210/1800 done, 2.1s/item, elapsed 43.1 min, VRAM peak 87.3%, ETA 2026-08-21 03:55:57 UTC (in 21.0 min)
2026-08-21 03:35:08 UTC INFO    __workspace___hf__models__Mistral-7B-Instruct-v0_3/stage1: 1215/1800 done, 2.1s/item, elapsed 43.3 min, VRAM peak 87.3%, ETA 2026-08-21 03:55:59 UTC (in 20.8 min)
2026-08-21 03:35:20 UTC INFO    __workspace___hf__models__Mistral-7B-Instruct-v0_3/stage1: 1220/1800 done, 2.1s/item, elapsed 43.5 min, VRAM peak 87.3%, ETA 2026-08-21 03:56:01 UTC (in 20.7 min)
2026-08-21 03:35:30 UTC INFO    __workspace___hf__models__Mistral-7B-Instruct-v0_3/stage1: 1225/1800 done, 2.1s/item, elapsed 43.7 min, VRAM peak 87.3%, ETA 2026-08-21 03:56:00 UTC (in 20.5 min)
2026-08-21 03:35:39 UTC INFO    __workspace___hf__models__Mistral-7B-Instruct-v0_3/stage1: 1230/1800 done, 2.1s/item, elapsed 43.8 min, VRAM peak 87.3%, ETA 2026-08-21 03:55:58 UTC (in 20.3 min)
2026-08-21 03:35:52 UTC INFO    __workspace___hf__models__Mistral-7B-Instruct-v0_3/stage1: 1235/1800 done, 2.1s/item, elapsed 44.0 min, VRAM peak 87.3%, ETA 2026-08-21 03:56:01 UTC (in 20.1 min)
2026-08-21 03:36:02 UTC INFO    __workspace___hf__models__Mistral-7B-Instruct-v0_3/stage1: 1240/1800 done, 2.1s/item, elapsed 44.2 min, VRAM peak 87.3%, ETA 2026-08-21 03:56:00 UTC (in 20.0 min)
2026-08-21 03:36:13 UTC INFO    __workspace___hf__models__Mistral-7B-Instruct-v0_3/stage1: 1245/1800 done, 2.1s/item, elapsed 44.4 min, VRAM peak 87.3%, ETA 2026-08-21 03:56:01 UTC (in 19.8 min)
2026-08-21 03:36:23 UTC INFO    __workspace___hf__models__Mistral-7B-Instruct-v0_3/stage1: 1250/1800 done, 2.1s/item, elapsed 44.5 min, VRAM peak 87.3%, ETA 2026-08-21 03:55:59 UTC (in 19.6 min)
2026-08-21 03:36:35 UTC INFO    __workspace___hf__models__Mistral-7B-Instruct-v0_3/stage1: 1255/1800 done, 2.1s/item, elapsed 44.7 min, VRAM peak 87.3%, ETA 2026-08-21 03:56:01 UTC (in 19.4 min)
2026-08-21 03:36:47 UTC INFO    __workspace___hf__models__Mistral-7B-Instruct-v0_3/stage1: 1260/1800 done, 2.1s/item, elapsed 44.9 min, VRAM peak 87.3%, ETA 2026-08-21 03:56:02 UTC (in 19.3 min)
2026-08-21 03:36:57 UTC INFO    __workspace___hf__models__Mistral-7B-Instruct-v0_3/stage1: 1265/1800 done, 2.1s/item, elapsed 45.1 min, VRAM peak 87.3%, ETA 2026-08-21 03:56:01 UTC (in 19.1 min)
2026-08-21 03:37:08 UTC INFO    __workspace___hf__models__Mistral-7B-Instruct-v0_3/stage1: 1270/1800 done, 2.1s/item, elapsed 45.3 min, VRAM peak 87.3%, ETA 2026-08-21 03:56:02 UTC (in 18.9 min)
2026-08-21 03:37:20 UTC INFO    __workspace___hf__models__Mistral-7B-Instruct-v0_3/stage1: 1275/1800 done, 2.1s/item, elapsed 45.5 min, VRAM peak 87.3%, ETA 2026-08-21 03:56:04 UTC (in 18.7 min)
2026-08-21 03:37:32 UTC INFO    __workspace___hf__models__Mistral-7B-Instruct-v0_3/stage1: 1280/1800 done, 2.1s/item, elapsed 45.7 min, VRAM peak 87.3%, ETA 2026-08-21 03:56:07 UTC (in 18.6 min)
2026-08-21 03:37:47 UTC INFO    __workspace___hf__models__Mistral-7B-Instruct-v0_3/stage1: 1285/1800 done, 2.1s/item, elapsed 46.0 min, VRAM peak 87.3%, ETA 2026-08-21 03:56:13 UTC (in 18.4 min)
2026-08-21 03:37:55 UTC INFO    __workspace___hf__models__Mistral-7B-Instruct-v0_3/stage1: 1290/1800 done, 2.1s/item, elapsed 46.1 min, VRAM peak 87.3%, ETA 2026-08-21 03:56:09 UTC (in 18.2 min)
2026-08-21 03:38:08 UTC INFO    __workspace___hf__models__Mistral-7B-Instruct-v0_3/stage1: 1295/1800 done, 2.1s/item, elapsed 46.3 min, VRAM peak 87.3%, ETA 2026-08-21 03:56:11 UTC (in 18.1 min)
2026-08-21 03:38:18 UTC INFO    __workspace___hf__models__Mistral-7B-Instruct-v0_3/stage1: 1300/1800 done, 2.1s/item, elapsed 46.5 min, VRAM peak 87.3%, ETA 2026-08-21 03:56:10 UTC (in 17.9 min)
2026-08-21 03:38:29 UTC INFO    __workspace___hf__models__Mistral-7B-Instruct-v0_3/stage1: 1305/1800 done, 2.1s/item, elapsed 46.7 min, VRAM peak 87.3%, ETA 2026-08-21 03:56:11 UTC (in 17.7 min)
2026-08-21 03:38:40 UTC INFO    __workspace___hf__models__Mistral-7B-Instruct-v0_3/stage1: 1310/1800 done, 2.1s/item, elapsed 46.8 min, VRAM peak 87.3%, ETA 2026-08-21 03:56:11 UTC (in 17.5 min)
2026-08-21 03:38:51 UTC INFO    __workspace___hf__models__Mistral-7B-Instruct-v0_3/stage1: 1315/1800 done, 2.1s/item, elapsed 47.0 min, VRAM peak 87.3%, ETA 2026-08-21 03:56:11 UTC (in 17.3 min)
2026-08-21 03:39:02 UTC INFO    __workspace___hf__models__Mistral-7B-Instruct-v0_3/stage1: 1320/1800 done, 2.1s/item, elapsed 47.2 min, VRAM peak 87.3%, ETA 2026-08-21 03:56:12 UTC (in 17.2 min)
2026-08-21 03:39:14 UTC INFO    __workspace___hf__models__Mistral-7B-Instruct-v0_3/stage1: 1325/1800 done, 2.1s/item, elapsed 47.4 min, VRAM peak 87.3%, ETA 2026-08-21 03:56:13 UTC (in 17.0 min)
2026-08-21 03:39:26 UTC INFO    __workspace___hf__models__Mistral-7B-Instruct-v0_3/stage1: 1330/1800 done, 2.1s/item, elapsed 47.6 min, VRAM peak 87.3%, ETA 2026-08-21 03:56:15 UTC (in 16.8 min)
2026-08-21 03:39:36 UTC INFO    __workspace___hf__models__Mistral-7B-Instruct-v0_3/stage1: 1335/1800 done, 2.1s/item, elapsed 47.8 min, VRAM peak 87.3%, ETA 2026-08-21 03:56:14 UTC (in 16.6 min)
2026-08-21 03:39:46 UTC INFO    __workspace___hf__models__Mistral-7B-Instruct-v0_3/stage1: 1340/1800 done, 2.1s/item, elapsed 47.9 min, VRAM peak 87.3%, ETA 2026-08-21 03:56:14 UTC (in 16.5 min)
2026-08-21 03:39:56 UTC INFO    __workspace___hf__models__Mistral-7B-Instruct-v0_3/stage1: 1345/1800 done, 2.1s/item, elapsed 48.1 min, VRAM peak 87.3%, ETA 2026-08-21 03:56:13 UTC (in 16.3 min)
2026-08-21 03:40:07 UTC INFO    __workspace___hf__models__Mistral-7B-Instruct-v0_3/stage1: 1350/1800 done, 2.1s/item, elapsed 48.3 min, VRAM peak 87.3%, ETA 2026-08-21 03:56:13 UTC (in 16.1 min)
2026-08-21 03:40:18 UTC INFO    __workspace___hf__models__Mistral-7B-Instruct-v0_3/stage1: 1355/1800 done, 2.1s/item, elapsed 48.5 min, VRAM peak 87.3%, ETA 2026-08-21 03:56:13 UTC (in 15.9 min)
2026-08-21 03:40:29 UTC INFO    __workspace___hf__models__Mistral-7B-Instruct-v0_3/stage1: 1360/1800 done, 2.1s/item, elapsed 48.7 min, VRAM peak 87.3%, ETA 2026-08-21 03:56:14 UTC (in 15.7 min)
2026-08-21 03:40:39 UTC INFO    __workspace___hf__models__Mistral-7B-Instruct-v0_3/stage1: 1365/1800 done, 2.1s/item, elapsed 48.8 min, VRAM peak 87.3%, ETA 2026-08-21 03:56:12 UTC (in 15.6 min)
2026-08-21 03:40:50 UTC INFO    __workspace___hf__models__Mistral-7B-Instruct-v0_3/stage1: 1370/1800 done, 2.1s/item, elapsed 49.0 min, VRAM peak 87.3%, ETA 2026-08-21 03:56:13 UTC (in 15.4 min)
2026-08-21 03:41:02 UTC INFO    __workspace___hf__models__Mistral-7B-Instruct-v0_3/stage1: 1375/1800 done, 2.1s/item, elapsed 49.2 min, VRAM peak 87.3%, ETA 2026-08-21 03:56:15 UTC (in 15.2 min)
2026-08-21 03:41:14 UTC INFO    __workspace___hf__models__Mistral-7B-Instruct-v0_3/stage1: 1380/1800 done, 2.1s/item, elapsed 49.4 min, VRAM peak 87.7%, ETA 2026-08-21 03:56:16 UTC (in 15.0 min)
2026-08-21 03:41:24 UTC INFO    __workspace___hf__models__Mistral-7B-Instruct-v0_3/stage1: 1385/1800 done, 2.1s/item, elapsed 49.6 min, VRAM peak 87.7%, ETA 2026-08-21 03:56:15 UTC (in 14.9 min)
2026-08-21 03:41:36 UTC INFO    __workspace___hf__models__Mistral-7B-Instruct-v0_3/stage1: 1390/1800 done, 2.1s/item, elapsed 49.8 min, VRAM peak 87.7%, ETA 2026-08-21 03:56:17 UTC (in 14.7 min)
2026-08-21 03:41:47 UTC INFO    __workspace___hf__models__Mistral-7B-Instruct-v0_3/stage1: 1395/1800 done, 2.1s/item, elapsed 50.0 min, VRAM peak 87.7%, ETA 2026-08-21 03:56:18 UTC (in 14.5 min)
2026-08-21 03:41:59 UTC INFO    __workspace___hf__models__Mistral-7B-Instruct-v0_3/stage1: 1400/1800 done, 2.1s/item, elapsed 50.2 min, VRAM peak 87.7%, ETA 2026-08-21 03:56:19 UTC (in 14.3 min)
2026-08-21 03:42:10 UTC INFO    __workspace___hf__models__Mistral-7B-Instruct-v0_3/stage1: 1405/1800 done, 2.1s/item, elapsed 50.3 min, VRAM peak 87.7%, ETA 2026-08-21 03:56:19 UTC (in 14.1 min)
2026-08-21 03:42:20 UTC INFO    __workspace___hf__models__Mistral-7B-Instruct-v0_3/stage1: 1410/1800 done, 2.1s/item, elapsed 50.5 min, VRAM peak 87.7%, ETA 2026-08-21 03:56:18 UTC (in 14.0 min)
2026-08-21 03:42:28 UTC INFO    __workspace___hf__models__Mistral-7B-Instruct-v0_3/stage1: 1415/1800 done, 2.1s/item, elapsed 50.6 min, VRAM peak 87.7%, ETA 2026-08-21 03:56:15 UTC (in 13.8 min)
2026-08-21 03:42:38 UTC INFO    __workspace___hf__models__Mistral-7B-Instruct-v0_3/stage1: 1420/1800 done, 2.1s/item, elapsed 50.8 min, VRAM peak 87.7%, ETA 2026-08-21 03:56:14 UTC (in 13.6 min)
2026-08-21 03:42:50 UTC INFO    __workspace___hf__models__Mistral-7B-Instruct-v0_3/stage1: 1425/1800 done, 2.1s/item, elapsed 51.0 min, VRAM peak 87.7%, ETA 2026-08-21 03:56:15 UTC (in 13.4 min)
2026-08-21 03:43:02 UTC INFO    __workspace___hf__models__Mistral-7B-Instruct-v0_3/stage1: 1430/1800 done, 2.1s/item, elapsed 51.2 min, VRAM peak 87.7%, ETA 2026-08-21 03:56:17 UTC (in 13.2 min)
2026-08-21 03:43:15 UTC INFO    __workspace___hf__models__Mistral-7B-Instruct-v0_3/stage1: 1435/1800 done, 2.1s/item, elapsed 51.4 min, VRAM peak 87.7%, ETA 2026-08-21 03:56:19 UTC (in 13.1 min)
2026-08-21 03:43:25 UTC INFO    __workspace___hf__models__Mistral-7B-Instruct-v0_3/stage1: 1440/1800 done, 2.1s/item, elapsed 51.6 min, VRAM peak 87.7%, ETA 2026-08-21 03:56:18 UTC (in 12.9 min)
2026-08-21 03:43:35 UTC INFO    __workspace___hf__models__Mistral-7B-Instruct-v0_3/stage1: 1445/1800 done, 2.1s/item, elapsed 51.7 min, VRAM peak 87.7%, ETA 2026-08-21 03:56:18 UTC (in 12.7 min)
2026-08-21 03:43:46 UTC INFO    __workspace___hf__models__Mistral-7B-Instruct-v0_3/stage1: 1450/1800 done, 2.1s/item, elapsed 51.9 min, VRAM peak 87.7%, ETA 2026-08-21 03:56:18 UTC (in 12.5 min)
2026-08-21 03:43:57 UTC INFO    __workspace___hf__models__Mistral-7B-Instruct-v0_3/stage1: 1455/1800 done, 2.1s/item, elapsed 52.1 min, VRAM peak 87.7%, ETA 2026-08-21 03:56:18 UTC (in 12.4 min)
2026-08-21 03:44:08 UTC INFO    __workspace___hf__models__Mistral-7B-Instruct-v0_3/stage1: 1460/1800 done, 2.1s/item, elapsed 52.3 min, VRAM peak 87.7%, ETA 2026-08-21 03:56:19 UTC (in 12.2 min)
2026-08-21 03:44:16 UTC INFO    __workspace___hf__models__Mistral-7B-Instruct-v0_3/stage1: 1465/1800 done, 2.1s/item, elapsed 52.4 min, VRAM peak 87.7%, ETA 2026-08-21 03:56:15 UTC (in 12.0 min)
2026-08-21 03:44:26 UTC INFO    __workspace___hf__models__Mistral-7B-Instruct-v0_3/stage1: 1470/1800 done, 2.1s/item, elapsed 52.6 min, VRAM peak 87.7%, ETA 2026-08-21 03:56:15 UTC (in 11.8 min)
2026-08-21 03:44:37 UTC INFO    __workspace___hf__models__Mistral-7B-Instruct-v0_3/stage1: 1475/1800 done, 2.1s/item, elapsed 52.8 min, VRAM peak 87.7%, ETA 2026-08-21 03:56:15 UTC (in 11.6 min)
2026-08-21 03:44:46 UTC INFO    __workspace___hf__models__Mistral-7B-Instruct-v0_3/stage1: 1480/1800 done, 2.1s/item, elapsed 52.9 min, VRAM peak 87.7%, ETA 2026-08-21 03:56:13 UTC (in 11.4 min)
2026-08-21 03:44:57 UTC INFO    __workspace___hf__models__Mistral-7B-Instruct-v0_3/stage1: 1485/1800 done, 2.1s/item, elapsed 53.1 min, VRAM peak 87.7%, ETA 2026-08-21 03:56:13 UTC (in 11.3 min)
2026-08-21 03:45:08 UTC INFO    __workspace___hf__models__Mistral-7B-Instruct-v0_3/stage1: 1490/1800 done, 2.1s/item, elapsed 53.3 min, VRAM peak 87.7%, ETA 2026-08-21 03:56:13 UTC (in 11.1 min)
2026-08-21 03:45:19 UTC INFO    __workspace___hf__models__Mistral-7B-Instruct-v0_3/stage1: 1495/1800 done, 2.1s/item, elapsed 53.5 min, VRAM peak 87.7%, ETA 2026-08-21 03:56:14 UTC (in 10.9 min)
2026-08-21 03:45:30 UTC INFO    __workspace___hf__models__Mistral-7B-Instruct-v0_3/stage1: 1500/1800 done, 2.1s/item, elapsed 53.7 min, VRAM peak 87.7%, ETA 2026-08-21 03:56:13 UTC (in 10.7 min)
2026-08-21 03:45:41 UTC INFO    __workspace___hf__models__Mistral-7B-Instruct-v0_3/stage1: 1505/1800 done, 2.1s/item, elapsed 53.9 min, VRAM peak 87.7%, ETA 2026-08-21 03:56:15 UTC (in 10.6 min)
2026-08-21 03:45:51 UTC INFO    __workspace___hf__models__Mistral-7B-Instruct-v0_3/stage1: 1510/1800 done, 2.1s/item, elapsed 54.0 min, VRAM peak 87.7%, ETA 2026-08-21 03:56:13 UTC (in 10.4 min)
2026-08-21 03:46:02 UTC INFO    __workspace___hf__models__Mistral-7B-Instruct-v0_3/stage1: 1515/1800 done, 2.1s/item, elapsed 54.2 min, VRAM peak 87.7%, ETA 2026-08-21 03:56:14 UTC (in 10.2 min)
2026-08-21 03:46:13 UTC INFO    __workspace___hf__models__Mistral-7B-Instruct-v0_3/stage1: 1520/1800 done, 2.1s/item, elapsed 54.4 min, VRAM peak 87.7%, ETA 2026-08-21 03:56:14 UTC (in 10.0 min)
2026-08-21 03:46:23 UTC INFO    __workspace___hf__models__Mistral-7B-Instruct-v0_3/stage1: 1525/1800 done, 2.1s/item, elapsed 54.6 min, VRAM peak 87.7%, ETA 2026-08-21 03:56:14 UTC (in 9.8 min)
2026-08-21 03:46:34 UTC INFO    __workspace___hf__models__Mistral-7B-Instruct-v0_3/stage1: 1530/1800 done, 2.1s/item, elapsed 54.7 min, VRAM peak 87.7%, ETA 2026-08-21 03:56:13 UTC (in 9.7 min)
2026-08-21 03:46:47 UTC INFO    __workspace___hf__models__Mistral-7B-Instruct-v0_3/stage1: 1535/1800 done, 2.1s/item, elapsed 55.0 min, VRAM peak 87.7%, ETA 2026-08-21 03:56:16 UTC (in 9.5 min)
2026-08-21 03:46:59 UTC INFO    __workspace___hf__models__Mistral-7B-Instruct-v0_3/stage1: 1540/1800 done, 2.1s/item, elapsed 55.2 min, VRAM peak 87.7%, ETA 2026-08-21 03:56:18 UTC (in 9.3 min)
2026-08-21 03:47:09 UTC INFO    __workspace___hf__models__Mistral-7B-Instruct-v0_3/stage1: 1545/1800 done, 2.1s/item, elapsed 55.3 min, VRAM peak 87.7%, ETA 2026-08-21 03:56:17 UTC (in 9.1 min)
2026-08-21 03:47:19 UTC INFO    __workspace___hf__models__Mistral-7B-Instruct-v0_3/stage1: 1550/1800 done, 2.1s/item, elapsed 55.5 min, VRAM peak 87.7%, ETA 2026-08-21 03:56:16 UTC (in 8.9 min)
2026-08-21 03:47:29 UTC INFO    __workspace___hf__models__Mistral-7B-Instruct-v0_3/stage1: 1555/1800 done, 2.1s/item, elapsed 55.6 min, VRAM peak 87.7%, ETA 2026-08-21 03:56:15 UTC (in 8.8 min)
2026-08-21 03:47:38 UTC INFO    __workspace___hf__models__Mistral-7B-Instruct-v0_3/stage1: 1560/1800 done, 2.1s/item, elapsed 55.8 min, VRAM peak 87.7%, ETA 2026-08-21 03:56:14 UTC (in 8.6 min)
2026-08-21 03:47:49 UTC INFO    __workspace___hf__models__Mistral-7B-Instruct-v0_3/stage1: 1565/1800 done, 2.1s/item, elapsed 56.0 min, VRAM peak 87.7%, ETA 2026-08-21 03:56:14 UTC (in 8.4 min)
2026-08-21 03:47:59 UTC INFO    __workspace___hf__models__Mistral-7B-Instruct-v0_3/stage1: 1570/1800 done, 2.1s/item, elapsed 56.2 min, VRAM peak 87.7%, ETA 2026-08-21 03:56:13 UTC (in 8.2 min)
2026-08-21 03:48:11 UTC INFO    __workspace___hf__models__Mistral-7B-Instruct-v0_3/stage1: 1575/1800 done, 2.1s/item, elapsed 56.4 min, VRAM peak 87.7%, ETA 2026-08-21 03:56:14 UTC (in 8.1 min)
2026-08-21 03:48:21 UTC INFO    __workspace___hf__models__Mistral-7B-Instruct-v0_3/stage1: 1580/1800 done, 2.1s/item, elapsed 56.5 min, VRAM peak 87.7%, ETA 2026-08-21 03:56:13 UTC (in 7.9 min)
2026-08-21 03:48:32 UTC INFO    __workspace___hf__models__Mistral-7B-Instruct-v0_3/stage1: 1585/1800 done, 2.1s/item, elapsed 56.7 min, VRAM peak 87.7%, ETA 2026-08-21 03:56:14 UTC (in 7.7 min)
2026-08-21 03:48:43 UTC INFO    __workspace___hf__models__Mistral-7B-Instruct-v0_3/stage1: 1590/1800 done, 2.1s/item, elapsed 56.9 min, VRAM peak 87.7%, ETA 2026-08-21 03:56:13 UTC (in 7.5 min)
2026-08-21 03:48:55 UTC INFO    __workspace___hf__models__Mistral-7B-Instruct-v0_3/stage1: 1595/1800 done, 2.1s/item, elapsed 57.1 min, VRAM peak 88.3%, ETA 2026-08-21 03:56:15 UTC (in 7.3 min)
2026-08-21 03:49:07 UTC INFO    __workspace___hf__models__Mistral-7B-Instruct-v0_3/stage1: 1600/1800 done, 2.1s/item, elapsed 57.3 min, VRAM peak 88.3%, ETA 2026-08-21 03:56:17 UTC (in 7.2 min)
2026-08-21 03:49:18 UTC INFO    __workspace___hf__models__Mistral-7B-Instruct-v0_3/stage1: 1605/1800 done, 2.1s/item, elapsed 57.5 min, VRAM peak 88.3%, ETA 2026-08-21 03:56:17 UTC (in 7.0 min)
2026-08-21 03:49:29 UTC INFO    __workspace___hf__models__Mistral-7B-Instruct-v0_3/stage1: 1610/1800 done, 2.1s/item, elapsed 57.6 min, VRAM peak 88.3%, ETA 2026-08-21 03:56:17 UTC (in 6.8 min)
2026-08-21 03:49:40 UTC INFO    __workspace___hf__models__Mistral-7B-Instruct-v0_3/stage1: 1615/1800 done, 2.1s/item, elapsed 57.8 min, VRAM peak 88.3%, ETA 2026-08-21 03:56:18 UTC (in 6.6 min)
2026-08-21 03:49:52 UTC INFO    __workspace___hf__models__Mistral-7B-Instruct-v0_3/stage1: 1620/1800 done, 2.1s/item, elapsed 58.0 min, VRAM peak 88.3%, ETA 2026-08-21 03:56:19 UTC (in 6.4 min)
2026-08-21 03:50:06 UTC INFO    __workspace___hf__models__Mistral-7B-Instruct-v0_3/stage1: 1625/1800 done, 2.2s/item, elapsed 58.3 min, VRAM peak 88.3%, ETA 2026-08-21 03:56:22 UTC (in 6.3 min)
2026-08-21 03:50:16 UTC INFO    __workspace___hf__models__Mistral-7B-Instruct-v0_3/stage1: 1630/1800 done, 2.2s/item, elapsed 58.4 min, VRAM peak 88.3%, ETA 2026-08-21 03:56:21 UTC (in 6.1 min)
2026-08-21 03:50:24 UTC INFO    __workspace___hf__models__Mistral-7B-Instruct-v0_3/stage1: 1635/1800 done, 2.1s/item, elapsed 58.6 min, VRAM peak 88.3%, ETA 2026-08-21 03:56:18 UTC (in 5.9 min)
2026-08-21 03:50:33 UTC INFO    __workspace___hf__models__Mistral-7B-Instruct-v0_3/stage1: 1640/1800 done, 2.1s/item, elapsed 58.7 min, VRAM peak 88.3%, ETA 2026-08-21 03:56:17 UTC (in 5.7 min)
2026-08-21 03:50:44 UTC INFO    __workspace___hf__models__Mistral-7B-Instruct-v0_3/stage1: 1645/1800 done, 2.1s/item, elapsed 58.9 min, VRAM peak 88.3%, ETA 2026-08-21 03:56:17 UTC (in 5.6 min)
2026-08-21 03:50:54 UTC INFO    __workspace___hf__models__Mistral-7B-Instruct-v0_3/stage1: 1650/1800 done, 2.1s/item, elapsed 59.1 min, VRAM peak 88.3%, ETA 2026-08-21 03:56:16 UTC (in 5.4 min)
2026-08-21 03:51:08 UTC INFO    __workspace___hf__models__Mistral-7B-Instruct-v0_3/stage1: 1655/1800 done, 2.1s/item, elapsed 59.3 min, VRAM peak 88.3%, ETA 2026-08-21 03:56:19 UTC (in 5.2 min)
2026-08-21 03:51:18 UTC INFO    __workspace___hf__models__Mistral-7B-Instruct-v0_3/stage1: 1660/1800 done, 2.1s/item, elapsed 59.5 min, VRAM peak 88.3%, ETA 2026-08-21 03:56:19 UTC (in 5.0 min)
2026-08-21 03:51:31 UTC INFO    __workspace___hf__models__Mistral-7B-Instruct-v0_3/stage1: 1665/1800 done, 2.2s/item, elapsed 59.7 min, VRAM peak 88.3%, ETA 2026-08-21 03:56:21 UTC (in 4.8 min)
2026-08-21 03:51:41 UTC INFO    __workspace___hf__models__Mistral-7B-Instruct-v0_3/stage1: 1670/1800 done, 2.2s/item, elapsed 59.8 min, VRAM peak 88.3%, ETA 2026-08-21 03:56:20 UTC (in 4.7 min)
2026-08-21 03:51:52 UTC INFO    __workspace___hf__models__Mistral-7B-Instruct-v0_3/stage1: 1675/1800 done, 2.2s/item, elapsed 60.0 min, VRAM peak 88.3%, ETA 2026-08-21 03:56:21 UTC (in 4.5 min)
2026-08-21 03:52:02 UTC INFO    __workspace___hf__models__Mistral-7B-Instruct-v0_3/stage1: 1680/1800 done, 2.2s/item, elapsed 60.2 min, VRAM peak 88.3%, ETA 2026-08-21 03:56:20 UTC (in 4.3 min)
2026-08-21 03:52:14 UTC INFO    __workspace___hf__models__Mistral-7B-Instruct-v0_3/stage1: 1685/1800 done, 2.2s/item, elapsed 60.4 min, VRAM peak 88.3%, ETA 2026-08-21 03:56:22 UTC (in 4.1 min)
2026-08-21 03:52:26 UTC INFO    __workspace___hf__models__Mistral-7B-Instruct-v0_3/stage1: 1690/1800 done, 2.2s/item, elapsed 60.6 min, VRAM peak 88.3%, ETA 2026-08-21 03:56:22 UTC (in 3.9 min)
2026-08-21 03:52:38 UTC INFO    __workspace___hf__models__Mistral-7B-Instruct-v0_3/stage1: 1695/1800 done, 2.2s/item, elapsed 60.8 min, VRAM peak 88.3%, ETA 2026-08-21 03:56:24 UTC (in 3.8 min)
2026-08-21 03:52:48 UTC INFO    __workspace___hf__models__Mistral-7B-Instruct-v0_3/stage1: 1700/1800 done, 2.2s/item, elapsed 61.0 min, VRAM peak 88.3%, ETA 2026-08-21 03:56:24 UTC (in 3.6 min)
2026-08-21 03:52:59 UTC INFO    __workspace___hf__models__Mistral-7B-Instruct-v0_3/stage1: 1705/1800 done, 2.2s/item, elapsed 61.2 min, VRAM peak 88.3%, ETA 2026-08-21 03:56:23 UTC (in 3.4 min)
2026-08-21 03:53:08 UTC INFO    __workspace___hf__models__Mistral-7B-Instruct-v0_3/stage1: 1710/1800 done, 2.2s/item, elapsed 61.3 min, VRAM peak 88.3%, ETA 2026-08-21 03:56:22 UTC (in 3.2 min)
2026-08-21 03:53:19 UTC INFO    __workspace___hf__models__Mistral-7B-Instruct-v0_3/stage1: 1715/1800 done, 2.2s/item, elapsed 61.5 min, VRAM peak 88.3%, ETA 2026-08-21 03:56:22 UTC (in 3.0 min)
2026-08-21 03:53:32 UTC INFO    __workspace___hf__models__Mistral-7B-Instruct-v0_3/stage1: 1720/1800 done, 2.2s/item, elapsed 61.7 min, VRAM peak 88.3%, ETA 2026-08-21 03:56:24 UTC (in 2.9 min)
2026-08-21 03:53:45 UTC INFO    __workspace___hf__models__Mistral-7B-Instruct-v0_3/stage1: 1725/1800 done, 2.2s/item, elapsed 61.9 min, VRAM peak 88.3%, ETA 2026-08-21 03:56:27 UTC (in 2.7 min)
2026-08-21 03:53:57 UTC INFO    __workspace___hf__models__Mistral-7B-Instruct-v0_3/stage1: 1730/1800 done, 2.2s/item, elapsed 62.1 min, VRAM peak 88.3%, ETA 2026-08-21 03:56:28 UTC (in 2.5 min)
2026-08-21 03:54:07 UTC INFO    __workspace___hf__models__Mistral-7B-Instruct-v0_3/stage1: 1735/1800 done, 2.2s/item, elapsed 62.3 min, VRAM peak 88.3%, ETA 2026-08-21 03:56:27 UTC (in 2.3 min)
2026-08-21 03:54:17 UTC INFO    __workspace___hf__models__Mistral-7B-Instruct-v0_3/stage1: 1740/1800 done, 2.2s/item, elapsed 62.5 min, VRAM peak 88.3%, ETA 2026-08-21 03:56:27 UTC (in 2.2 min)
2026-08-21 03:54:27 UTC INFO    __workspace___hf__models__Mistral-7B-Instruct-v0_3/stage1: 1745/1800 done, 2.2s/item, elapsed 62.6 min, VRAM peak 88.3%, ETA 2026-08-21 03:56:26 UTC (in 2.0 min)
2026-08-21 03:54:37 UTC INFO    __workspace___hf__models__Mistral-7B-Instruct-v0_3/stage1: 1750/1800 done, 2.2s/item, elapsed 62.8 min, VRAM peak 88.3%, ETA 2026-08-21 03:56:25 UTC (in 1.8 min)
2026-08-21 03:54:46 UTC INFO    __workspace___hf__models__Mistral-7B-Instruct-v0_3/stage1: 1755/1800 done, 2.2s/item, elapsed 62.9 min, VRAM peak 88.3%, ETA 2026-08-21 03:56:23 UTC (in 1.6 min)
2026-08-21 03:54:56 UTC INFO    __workspace___hf__models__Mistral-7B-Instruct-v0_3/stage1: 1760/1800 done, 2.2s/item, elapsed 63.1 min, VRAM peak 88.3%, ETA 2026-08-21 03:56:22 UTC (in 1.4 min)
2026-08-21 03:55:04 UTC INFO    __workspace___hf__models__Mistral-7B-Instruct-v0_3/stage1: 1765/1800 done, 2.1s/item, elapsed 63.2 min, VRAM peak 88.3%, ETA 2026-08-21 03:56:20 UTC (in 1.3 min)
2026-08-21 03:55:14 UTC INFO    __workspace___hf__models__Mistral-7B-Instruct-v0_3/stage1: 1770/1800 done, 2.1s/item, elapsed 63.4 min, VRAM peak 88.3%, ETA 2026-08-21 03:56:18 UTC (in 1.1 min)
2026-08-21 03:55:23 UTC INFO    __workspace___hf__models__Mistral-7B-Instruct-v0_3/stage1: 1775/1800 done, 2.1s/item, elapsed 63.6 min, VRAM peak 88.3%, ETA 2026-08-21 03:56:17 UTC (in 0.9 min)
2026-08-21 03:55:34 UTC INFO    __workspace___hf__models__Mistral-7B-Instruct-v0_3/stage1: 1780/1800 done, 2.1s/item, elapsed 63.7 min, VRAM peak 88.3%, ETA 2026-08-21 03:56:17 UTC (in 0.7 min)
2026-08-21 03:55:44 UTC INFO    __workspace___hf__models__Mistral-7B-Instruct-v0_3/stage1: 1785/1800 done, 2.1s/item, elapsed 63.9 min, VRAM peak 88.3%, ETA 2026-08-21 03:56:16 UTC (in 0.5 min)
2026-08-21 03:55:55 UTC INFO    __workspace___hf__models__Mistral-7B-Instruct-v0_3/stage1: 1790/1800 done, 2.1s/item, elapsed 64.1 min, VRAM peak 88.3%, ETA 2026-08-21 03:56:16 UTC (in 0.4 min)
2026-08-21 03:56:04 UTC INFO    __workspace___hf__models__Mistral-7B-Instruct-v0_3/stage1: 1795/1800 done, 2.1s/item, elapsed 64.2 min, VRAM peak 88.3%, ETA 2026-08-21 03:56:15 UTC (in 0.2 min)
2026-08-21 03:56:15 UTC INFO    __workspace___hf__models__Mistral-7B-Instruct-v0_3/stage1: 1800/1800 done, 2.1s/item, elapsed 64.4 min, VRAM peak 88.3%, ETA 2026-08-21 03:56:15 UTC (in 0.0 min)
2026-08-21 03:56:15 UTC INFO    GPU ledger: +3865.0s for __workspace___hf__models__Mistral-7B-Instruct-v0_3/stage1, cumulative 15370.7s (4.27 h, 21.3% of the 20 h allowance)
2026-08-21 03:56:15 UTC INFO    /workspace/.hf/models/Mistral-7B-Instruct-v0.3 stage1: {"items": 1800, "unreadable_choice": 3, "usable": 414, "abort_reason": null, "elapsed_min": 64.42, "vram_peak_pct": 88.3}
2026-08-21 03:56:16 UTC INFO    wrote results/exp2/experiment_summary.json
2026-08-21 03:57:05 UTC INFO    started 2026-08-21 03:57:05 UTC on Linux-6.8.0-57-generic-x86_64-with-glibc2.35
2026-08-21 03:57:05 UTC INFO    loading framolfese/2WikiMultihopQA [validation], scanning 16000 records
2026-08-21 03:57:05 UTC INFO    PyTorch version 2.4.0 available.
2026-08-21 03:57:14 UTC INFO    built 400 items from 12576 records
2026-08-21 03:57:15 UTC INFO    longest prompt about 1789 tokens; max_model_len=4096 (floor 2048, cap 8192)
2026-08-21 03:57:15 UTC INFO    detected 23.5 GiB of VRAM, capability (8, 6) -> the 3090ti roster
2026-08-21 03:57:15 UTC INFO    replaying stage 1 from results/exp2/stage1___workspace___hf__models__Qwen2_5-7B-Instruct.jsonl for model(s) ['/workspace/.hf/models/Qwen2.5-7B-Instruct']
2026-08-21 03:57:23 UTC INFO    /workspace/.hf/models/Qwen2.5-7B-Instruct stage1: {"items": 1800, "usable": 375, "unreadable_choice": 40, "replayed_from": "results/exp2/stage1___workspace___hf__models__Qwen2_5-7B-Instruct.jsonl"}
2026-08-21 03:57:31 UTC INFO    /workspace/.hf/models/Qwen2.5-7B-Instruct stage2: {"attempted": 375, "built": 95, "dropped": 280, "search_cap_hit": 239}
2026-08-21 03:58:13 UTC INFO    /workspace/.hf/models/Qwen2.5-7B-Instruct loaded: bfloat16, max_model_len=4096, mem target 0.85, eager=False, VRAM now 79.9%
2026-08-21 03:58:25 UTC INFO    __workspace___hf__models__Qwen2_5-7B-Instruct/stage3: 5/475 done, 2.6s/item, elapsed 0.2 min, VRAM peak 80.4%, ETA 2026-08-21 04:18:26 UTC (in 20.0 min)
2026-08-21 03:58:39 UTC INFO    __workspace___hf__models__Qwen2_5-7B-Instruct/stage3: 10/475 done, 2.6s/item, elapsed 0.4 min, VRAM peak 81.1%, ETA 2026-08-21 04:18:47 UTC (in 20.1 min)
2026-08-21 03:58:51 UTC INFO    __workspace___hf__models__Qwen2_5-7B-Instruct/stage3: 15/475 done, 2.6s/item, elapsed 0.6 min, VRAM peak 81.1%, ETA 2026-08-21 04:18:28 UTC (in 19.6 min)
2026-08-21 03:59:02 UTC INFO    __workspace___hf__models__Qwen2_5-7B-Instruct/stage3: 20/475 done, 2.5s/item, elapsed 0.8 min, VRAM peak 81.1%, ETA 2026-08-21 04:17:45 UTC (in 18.7 min)
2026-08-21 03:59:14 UTC INFO    __workspace___hf__models__Qwen2_5-7B-Instruct/stage3: 25/475 done, 2.4s/item, elapsed 1.0 min, VRAM peak 81.1%, ETA 2026-08-21 04:17:36 UTC (in 18.4 min)
2026-08-21 03:59:26 UTC INFO    __workspace___hf__models__Qwen2_5-7B-Instruct/stage3: 30/475 done, 2.4s/item, elapsed 1.2 min, VRAM peak 81.1%, ETA 2026-08-21 04:17:34 UTC (in 18.1 min)
2026-08-21 03:59:38 UTC INFO    __workspace___hf__models__Qwen2_5-7B-Instruct/stage3: 35/475 done, 2.4s/item, elapsed 1.4 min, VRAM peak 81.1%, ETA 2026-08-21 04:17:25 UTC (in 17.8 min)
2026-08-21 03:59:50 UTC INFO    __workspace___hf__models__Qwen2_5-7B-Instruct/stage3: 40/475 done, 2.4s/item, elapsed 1.6 min, VRAM peak 81.1%, ETA 2026-08-21 04:17:31 UTC (in 17.7 min)
2026-08-21 04:00:10 UTC INFO    __workspace___hf__models__Qwen2_5-7B-Instruct/stage3: 45/475 done, 2.6s/item, elapsed 2.0 min, VRAM peak 81.4%, ETA 2026-08-21 04:18:53 UTC (in 18.7 min)
2026-08-21 04:00:20 UTC INFO    __workspace___hf__models__Qwen2_5-7B-Instruct/stage3: 50/475 done, 2.5s/item, elapsed 2.1 min, VRAM peak 81.4%, ETA 2026-08-21 04:18:19 UTC (in 18.0 min)
2026-08-21 04:00:39 UTC INFO    __workspace___hf__models__Qwen2_5-7B-Instruct/stage3: 55/475 done, 2.7s/item, elapsed 2.4 min, VRAM peak 81.4%, ETA 2026-08-21 04:19:15 UTC (in 18.6 min)
2026-08-21 04:00:50 UTC INFO    __workspace___hf__models__Qwen2_5-7B-Instruct/stage3: 60/475 done, 2.6s/item, elapsed 2.6 min, VRAM peak 81.4%, ETA 2026-08-21 04:19:00 UTC (in 18.2 min)
2026-08-21 04:01:01 UTC INFO    __workspace___hf__models__Qwen2_5-7B-Instruct/stage3: 65/475 done, 2.6s/item, elapsed 2.8 min, VRAM peak 81.4%, ETA 2026-08-21 04:18:43 UTC (in 17.7 min)
2026-08-21 04:01:16 UTC INFO    __workspace___hf__models__Qwen2_5-7B-Instruct/stage3: 70/475 done, 2.6s/item, elapsed 3.0 min, VRAM peak 81.4%, ETA 2026-08-21 04:18:54 UTC (in 17.6 min)
2026-08-21 04:01:28 UTC INFO    __workspace___hf__models__Qwen2_5-7B-Instruct/stage3: 75/475 done, 2.6s/item, elapsed 3.2 min, VRAM peak 81.4%, ETA 2026-08-21 04:18:47 UTC (in 17.3 min)
2026-08-21 04:01:39 UTC INFO    __workspace___hf__models__Qwen2_5-7B-Instruct/stage3: 80/475 done, 2.6s/item, elapsed 3.4 min, VRAM peak 81.4%, ETA 2026-08-21 04:18:37 UTC (in 17.0 min)
2026-08-21 04:01:51 UTC INFO    __workspace___hf__models__Qwen2_5-7B-Instruct/stage3: 85/475 done, 2.6s/item, elapsed 3.6 min, VRAM peak 81.4%, ETA 2026-08-21 04:18:31 UTC (in 16.7 min)
2026-08-21 04:02:01 UTC INFO    __workspace___hf__models__Qwen2_5-7B-Instruct/stage3: 90/475 done, 2.5s/item, elapsed 3.8 min, VRAM peak 81.4%, ETA 2026-08-21 04:18:17 UTC (in 16.3 min)
2026-08-21 04:02:12 UTC INFO    __workspace___hf__models__Qwen2_5-7B-Instruct/stage3: 95/475 done, 2.5s/item, elapsed 4.0 min, VRAM peak 81.4%, ETA 2026-08-21 04:18:11 UTC (in 16.0 min)
2026-08-21 04:02:21 UTC INFO    __workspace___hf__models__Qwen2_5-7B-Instruct/stage3: 100/475 done, 2.5s/item, elapsed 4.1 min, VRAM peak 81.4%, ETA 2026-08-21 04:17:52 UTC (in 15.5 min)
2026-08-21 04:02:32 UTC INFO    __workspace___hf__models__Qwen2_5-7B-Instruct/stage3: 105/475 done, 2.5s/item, elapsed 4.3 min, VRAM peak 81.4%, ETA 2026-08-21 04:17:47 UTC (in 15.2 min)
2026-08-21 04:02:43 UTC INFO    __workspace___hf__models__Qwen2_5-7B-Instruct/stage3: 110/475 done, 2.5s/item, elapsed 4.5 min, VRAM peak 81.4%, ETA 2026-08-21 04:17:39 UTC (in 14.9 min)
2026-08-21 04:02:53 UTC INFO    __workspace___hf__models__Qwen2_5-7B-Instruct/stage3: 115/475 done, 2.4s/item, elapsed 4.7 min, VRAM peak 81.4%, ETA 2026-08-21 04:17:31 UTC (in 14.6 min)
2026-08-21 04:03:05 UTC INFO    __workspace___hf__models__Qwen2_5-7B-Instruct/stage3: 120/475 done, 2.4s/item, elapsed 4.9 min, VRAM peak 81.4%, ETA 2026-08-21 04:17:29 UTC (in 14.4 min)
2026-08-21 04:03:15 UTC INFO    __workspace___hf__models__Qwen2_5-7B-Instruct/stage3: 125/475 done, 2.4s/item, elapsed 5.0 min, VRAM peak 81.4%, ETA 2026-08-21 04:17:22 UTC (in 14.1 min)
2026-08-21 04:03:29 UTC INFO    __workspace___hf__models__Qwen2_5-7B-Instruct/stage3: 130/475 done, 2.4s/item, elapsed 5.3 min, VRAM peak 81.4%, ETA 2026-08-21 04:17:30 UTC (in 14.0 min)
2026-08-21 04:03:42 UTC INFO    __workspace___hf__models__Qwen2_5-7B-Instruct/stage3: 135/475 done, 2.4s/item, elapsed 5.5 min, VRAM peak 81.4%, ETA 2026-08-21 04:17:30 UTC (in 13.8 min)
2026-08-21 04:03:54 UTC INFO    __workspace___hf__models__Qwen2_5-7B-Instruct/stage3: 140/475 done, 2.4s/item, elapsed 5.7 min, VRAM peak 81.4%, ETA 2026-08-21 04:17:31 UTC (in 13.6 min)
2026-08-21 04:04:03 UTC INFO    __workspace___hf__models__Qwen2_5-7B-Instruct/stage3: 145/475 done, 2.4s/item, elapsed 5.8 min, VRAM peak 81.4%, ETA 2026-08-21 04:17:20 UTC (in 13.3 min)
2026-08-21 04:04:13 UTC INFO    __workspace___hf__models__Qwen2_5-7B-Instruct/stage3: 150/475 done, 2.4s/item, elapsed 6.0 min, VRAM peak 81.4%, ETA 2026-08-21 04:17:15 UTC (in 13.0 min)
2026-08-21 04:04:25 UTC INFO    __workspace___hf__models__Qwen2_5-7B-Instruct/stage3: 155/475 done, 2.4s/item, elapsed 6.2 min, VRAM peak 81.4%, ETA 2026-08-21 04:17:13 UTC (in 12.8 min)
2026-08-21 04:04:40 UTC INFO    __workspace___hf__models__Qwen2_5-7B-Instruct/stage3: 160/475 done, 2.4s/item, elapsed 6.5 min, VRAM peak 81.4%, ETA 2026-08-21 04:17:24 UTC (in 12.7 min)
2026-08-21 04:04:52 UTC INFO    __workspace___hf__models__Qwen2_5-7B-Instruct/stage3: 165/475 done, 2.4s/item, elapsed 6.7 min, VRAM peak 81.4%, ETA 2026-08-21 04:17:22 UTC (in 12.5 min)
2026-08-21 04:05:02 UTC INFO    __workspace___hf__models__Qwen2_5-7B-Instruct/stage3: 170/475 done, 2.4s/item, elapsed 6.8 min, VRAM peak 81.4%, ETA 2026-08-21 04:17:17 UTC (in 12.2 min)
2026-08-21 04:05:14 UTC INFO    __workspace___hf__models__Qwen2_5-7B-Instruct/stage3: 175/475 done, 2.4s/item, elapsed 7.0 min, VRAM peak 81.4%, ETA 2026-08-21 04:17:17 UTC (in 12.1 min)
2026-08-21 04:05:24 UTC INFO    __workspace___hf__models__Qwen2_5-7B-Instruct/stage3: 180/475 done, 2.4s/item, elapsed 7.2 min, VRAM peak 81.4%, ETA 2026-08-21 04:17:12 UTC (in 11.8 min)
2026-08-21 04:05:41 UTC INFO    __workspace___hf__models__Qwen2_5-7B-Instruct/stage3: 185/475 done, 2.4s/item, elapsed 7.5 min, VRAM peak 81.4%, ETA 2026-08-21 04:17:24 UTC (in 11.7 min)
2026-08-21 04:05:58 UTC INFO    __workspace___hf__models__Qwen2_5-7B-Instruct/stage3: 190/475 done, 2.4s/item, elapsed 7.8 min, VRAM peak 81.4%, ETA 2026-08-21 04:17:35 UTC (in 11.6 min)
2026-08-21 04:06:11 UTC INFO    __workspace___hf__models__Qwen2_5-7B-Instruct/stage3: 195/475 done, 2.5s/item, elapsed 8.0 min, VRAM peak 81.4%, ETA 2026-08-21 04:17:37 UTC (in 11.4 min)
2026-08-21 04:06:23 UTC INFO    __workspace___hf__models__Qwen2_5-7B-Instruct/stage3: 200/475 done, 2.4s/item, elapsed 8.2 min, VRAM peak 81.4%, ETA 2026-08-21 04:17:36 UTC (in 11.2 min)
2026-08-21 04:06:34 UTC INFO    __workspace___hf__models__Qwen2_5-7B-Instruct/stage3: 205/475 done, 2.4s/item, elapsed 8.4 min, VRAM peak 81.4%, ETA 2026-08-21 04:17:34 UTC (in 11.0 min)
2026-08-21 04:06:45 UTC INFO    __workspace___hf__models__Qwen2_5-7B-Instruct/stage3: 210/475 done, 2.4s/item, elapsed 8.5 min, VRAM peak 81.4%, ETA 2026-08-21 04:17:31 UTC (in 10.8 min)
2026-08-21 04:06:57 UTC INFO    __workspace___hf__models__Qwen2_5-7B-Instruct/stage3: 215/475 done, 2.4s/item, elapsed 8.7 min, VRAM peak 81.4%, ETA 2026-08-21 04:17:30 UTC (in 10.6 min)
2026-08-21 04:07:10 UTC INFO    __workspace___hf__models__Qwen2_5-7B-Instruct/stage3: 220/475 done, 2.4s/item, elapsed 9.0 min, VRAM peak 81.4%, ETA 2026-08-21 04:17:33 UTC (in 10.4 min)
2026-08-21 04:07:26 UTC INFO    __workspace___hf__models__Qwen2_5-7B-Instruct/stage3: 225/475 done, 2.5s/item, elapsed 9.2 min, VRAM peak 81.4%, ETA 2026-08-21 04:17:41 UTC (in 10.2 min)
2026-08-21 04:07:39 UTC INFO    __workspace___hf__models__Qwen2_5-7B-Instruct/stage3: 230/475 done, 2.5s/item, elapsed 9.4 min, VRAM peak 81.4%, ETA 2026-08-21 04:17:43 UTC (in 10.1 min)
2026-08-21 04:07:54 UTC INFO    __workspace___hf__models__Qwen2_5-7B-Instruct/stage3: 235/475 done, 2.5s/item, elapsed 9.7 min, VRAM peak 81.4%, ETA 2026-08-21 04:17:49 UTC (in 9.9 min)
2026-08-21 04:08:08 UTC INFO    __workspace___hf__models__Qwen2_5-7B-Instruct/stage3: 240/475 done, 2.5s/item, elapsed 9.9 min, VRAM peak 81.4%, ETA 2026-08-21 04:17:51 UTC (in 9.7 min)
2026-08-21 04:08:18 UTC INFO    __workspace___hf__models__Qwen2_5-7B-Instruct/stage3: 245/475 done, 2.5s/item, elapsed 10.1 min, VRAM peak 81.4%, ETA 2026-08-21 04:17:46 UTC (in 9.5 min)
2026-08-21 04:08:29 UTC INFO    __workspace___hf__models__Qwen2_5-7B-Instruct/stage3: 250/475 done, 2.5s/item, elapsed 10.3 min, VRAM peak 81.4%, ETA 2026-08-21 04:17:43 UTC (in 9.2 min)
2026-08-21 04:08:39 UTC INFO    __workspace___hf__models__Qwen2_5-7B-Instruct/stage3: 255/475 done, 2.5s/item, elapsed 10.4 min, VRAM peak 81.4%, ETA 2026-08-21 04:17:40 UTC (in 9.0 min)
2026-08-21 04:08:54 UTC INFO    __workspace___hf__models__Qwen2_5-7B-Instruct/stage3: 260/475 done, 2.5s/item, elapsed 10.7 min, VRAM peak 81.4%, ETA 2026-08-21 04:17:44 UTC (in 8.8 min)
2026-08-21 04:09:06 UTC INFO    __workspace___hf__models__Qwen2_5-7B-Instruct/stage3: 265/475 done, 2.5s/item, elapsed 10.9 min, VRAM peak 81.4%, ETA 2026-08-21 04:17:44 UTC (in 8.6 min)
2026-08-21 04:09:17 UTC INFO    __workspace___hf__models__Qwen2_5-7B-Instruct/stage3: 270/475 done, 2.5s/item, elapsed 11.1 min, VRAM peak 81.4%, ETA 2026-08-21 04:17:42 UTC (in 8.4 min)
2026-08-21 04:09:35 UTC INFO    __workspace___hf__models__Qwen2_5-7B-Instruct/stage3: 275/475 done, 2.5s/item, elapsed 11.4 min, VRAM peak 81.4%, ETA 2026-08-21 04:17:51 UTC (in 8.3 min)
2026-08-21 04:09:47 UTC INFO    __workspace___hf__models__Qwen2_5-7B-Instruct/stage3: 280/475 done, 2.5s/item, elapsed 11.6 min, VRAM peak 81.4%, ETA 2026-08-21 04:17:50 UTC (in 8.1 min)
2026-08-21 04:09:58 UTC INFO    __workspace___hf__models__Qwen2_5-7B-Instruct/stage3: 285/475 done, 2.5s/item, elapsed 11.8 min, VRAM peak 81.4%, ETA 2026-08-21 04:17:48 UTC (in 7.8 min)
2026-08-21 04:10:11 UTC INFO    __workspace___hf__models__Qwen2_5-7B-Instruct/stage3: 290/475 done, 2.5s/item, elapsed 12.0 min, VRAM peak 81.4%, ETA 2026-08-21 04:17:49 UTC (in 7.6 min)
2026-08-21 04:10:21 UTC INFO    __workspace___hf__models__Qwen2_5-7B-Instruct/stage3: 295/475 done, 2.5s/item, elapsed 12.1 min, VRAM peak 81.4%, ETA 2026-08-21 04:17:45 UTC (in 7.4 min)
2026-08-21 04:10:32 UTC INFO    __workspace___hf__models__Qwen2_5-7B-Instruct/stage3: 300/475 done, 2.5s/item, elapsed 12.3 min, VRAM peak 81.4%, ETA 2026-08-21 04:17:44 UTC (in 7.2 min)
2026-08-21 04:10:43 UTC INFO    __workspace___hf__models__Qwen2_5-7B-Instruct/stage3: 305/475 done, 2.5s/item, elapsed 12.5 min, VRAM peak 81.4%, ETA 2026-08-21 04:17:41 UTC (in 7.0 min)
2026-08-21 04:10:54 UTC INFO    __workspace___hf__models__Qwen2_5-7B-Instruct/stage3: 310/475 done, 2.5s/item, elapsed 12.7 min, VRAM peak 81.4%, ETA 2026-08-21 04:17:39 UTC (in 6.7 min)
2026-08-21 04:11:04 UTC INFO    __workspace___hf__models__Qwen2_5-7B-Instruct/stage3: 315/475 done, 2.4s/item, elapsed 12.9 min, VRAM peak 81.4%, ETA 2026-08-21 04:17:36 UTC (in 6.5 min)
2026-08-21 04:11:17 UTC INFO    __workspace___hf__models__Qwen2_5-7B-Instruct/stage3: 320/475 done, 2.5s/item, elapsed 13.1 min, VRAM peak 81.4%, ETA 2026-08-21 04:17:38 UTC (in 6.3 min)
2026-08-21 04:11:30 UTC INFO    __workspace___hf__models__Qwen2_5-7B-Instruct/stage3: 325/475 done, 2.5s/item, elapsed 13.3 min, VRAM peak 81.4%, ETA 2026-08-21 04:17:38 UTC (in 6.1 min)
2026-08-21 04:11:43 UTC INFO    __workspace___hf__models__Qwen2_5-7B-Instruct/stage3: 330/475 done, 2.5s/item, elapsed 13.5 min, VRAM peak 81.4%, ETA 2026-08-21 04:17:39 UTC (in 5.9 min)
2026-08-21 04:11:57 UTC INFO    __workspace___hf__models__Qwen2_5-7B-Instruct/stage3: 335/475 done, 2.5s/item, elapsed 13.7 min, VRAM peak 81.4%, ETA 2026-08-21 04:17:42 UTC (in 5.7 min)
2026-08-21 04:12:07 UTC INFO    __workspace___hf__models__Qwen2_5-7B-Instruct/stage3: 340/475 done, 2.5s/item, elapsed 13.9 min, VRAM peak 81.4%, ETA 2026-08-21 04:17:38 UTC (in 5.5 min)
2026-08-21 04:12:20 UTC INFO    __workspace___hf__models__Qwen2_5-7B-Instruct/stage3: 345/475 done, 2.5s/item, elapsed 14.1 min, VRAM peak 81.4%, ETA 2026-08-21 04:17:39 UTC (in 5.3 min)
2026-08-21 04:12:32 UTC INFO    __workspace___hf__models__Qwen2_5-7B-Instruct/stage3: 350/475 done, 2.5s/item, elapsed 14.3 min, VRAM peak 81.4%, ETA 2026-08-21 04:17:39 UTC (in 5.1 min)
2026-08-21 04:12:45 UTC INFO    __workspace___hf__models__Qwen2_5-7B-Instruct/stage3: 355/475 done, 2.5s/item, elapsed 14.5 min, VRAM peak 81.4%, ETA 2026-08-21 04:17:39 UTC (in 4.9 min)
2026-08-21 04:12:58 UTC INFO    __workspace___hf__models__Qwen2_5-7B-Instruct/stage3: 360/475 done, 2.5s/item, elapsed 14.8 min, VRAM peak 81.4%, ETA 2026-08-21 04:17:41 UTC (in 4.7 min)
2026-08-21 04:13:09 UTC INFO    __workspace___hf__models__Qwen2_5-7B-Instruct/stage3: 365/475 done, 2.5s/item, elapsed 14.9 min, VRAM peak 81.4%, ETA 2026-08-21 04:17:39 UTC (in 4.5 min)
2026-08-21 04:13:21 UTC INFO    __workspace___hf__models__Qwen2_5-7B-Instruct/stage3: 370/475 done, 2.5s/item, elapsed 15.1 min, VRAM peak 81.4%, ETA 2026-08-21 04:17:39 UTC (in 4.3 min)
2026-08-21 04:13:34 UTC INFO    __workspace___hf__models__Qwen2_5-7B-Instruct/stage3: 375/475 done, 2.5s/item, elapsed 15.3 min, VRAM peak 81.4%, ETA 2026-08-21 04:17:39 UTC (in 4.1 min)
2026-08-21 04:13:48 UTC INFO    __workspace___hf__models__Qwen2_5-7B-Instruct/stage3: 380/475 done, 2.5s/item, elapsed 15.6 min, VRAM peak 81.4%, ETA 2026-08-21 04:17:42 UTC (in 3.9 min)
2026-08-21 04:14:01 UTC INFO    __workspace___hf__models__Qwen2_5-7B-Instruct/stage3: 385/475 done, 2.5s/item, elapsed 15.8 min, VRAM peak 81.4%, ETA 2026-08-21 04:17:42 UTC (in 3.7 min)
2026-08-21 04:14:11 UTC INFO    __workspace___hf__models__Qwen2_5-7B-Instruct/stage3: 390/475 done, 2.5s/item, elapsed 16.0 min, VRAM peak 81.4%, ETA 2026-08-21 04:17:40 UTC (in 3.5 min)
2026-08-21 04:14:23 UTC INFO    __workspace___hf__models__Qwen2_5-7B-Instruct/stage3: 395/475 done, 2.5s/item, elapsed 16.2 min, VRAM peak 81.4%, ETA 2026-08-21 04:17:39 UTC (in 3.3 min)
2026-08-21 04:14:38 UTC INFO    __workspace___hf__models__Qwen2_5-7B-Instruct/stage3: 400/475 done, 2.5s/item, elapsed 16.4 min, VRAM peak 81.4%, ETA 2026-08-21 04:17:43 UTC (in 3.1 min)
2026-08-21 04:14:53 UTC INFO    __workspace___hf__models__Qwen2_5-7B-Instruct/stage3: 405/475 done, 2.5s/item, elapsed 16.7 min, VRAM peak 81.4%, ETA 2026-08-21 04:17:46 UTC (in 2.9 min)
2026-08-21 04:15:07 UTC INFO    __workspace___hf__models__Qwen2_5-7B-Instruct/stage3: 410/475 done, 2.5s/item, elapsed 16.9 min, VRAM peak 81.4%, ETA 2026-08-21 04:17:48 UTC (in 2.7 min)
2026-08-21 04:15:17 UTC INFO    __workspace___hf__models__Qwen2_5-7B-Instruct/stage3: 415/475 done, 2.5s/item, elapsed 17.1 min, VRAM peak 81.4%, ETA 2026-08-21 04:17:45 UTC (in 2.5 min)
2026-08-21 04:15:29 UTC INFO    __workspace___hf__models__Qwen2_5-7B-Instruct/stage3: 420/475 done, 2.5s/item, elapsed 17.3 min, VRAM peak 81.4%, ETA 2026-08-21 04:17:45 UTC (in 2.3 min)
2026-08-21 04:15:40 UTC INFO    __workspace___hf__models__Qwen2_5-7B-Instruct/stage3: 425/475 done, 2.5s/item, elapsed 17.5 min, VRAM peak 81.4%, ETA 2026-08-21 04:17:43 UTC (in 2.1 min)
2026-08-21 04:15:51 UTC INFO    __workspace___hf__models__Qwen2_5-7B-Instruct/stage3: 430/475 done, 2.5s/item, elapsed 17.6 min, VRAM peak 81.4%, ETA 2026-08-21 04:17:42 UTC (in 1.8 min)
2026-08-21 04:16:05 UTC INFO    __workspace___hf__models__Qwen2_5-7B-Instruct/stage3: 435/475 done, 2.5s/item, elapsed 17.9 min, VRAM peak 81.4%, ETA 2026-08-21 04:17:44 UTC (in 1.6 min)
2026-08-21 04:16:15 UTC INFO    __workspace___hf__models__Qwen2_5-7B-Instruct/stage3: 440/475 done, 2.5s/item, elapsed 18.0 min, VRAM peak 81.4%, ETA 2026-08-21 04:17:41 UTC (in 1.4 min)
2026-08-21 04:16:25 UTC INFO    __workspace___hf__models__Qwen2_5-7B-Instruct/stage3: 445/475 done, 2.5s/item, elapsed 18.2 min, VRAM peak 81.4%, ETA 2026-08-21 04:17:38 UTC (in 1.2 min)
2026-08-21 04:16:37 UTC INFO    __workspace___hf__models__Qwen2_5-7B-Instruct/stage3: 450/475 done, 2.5s/item, elapsed 18.4 min, VRAM peak 81.4%, ETA 2026-08-21 04:17:38 UTC (in 1.0 min)
2026-08-21 04:16:46 UTC INFO    __workspace___hf__models__Qwen2_5-7B-Instruct/stage3: 455/475 done, 2.4s/item, elapsed 18.6 min, VRAM peak 81.4%, ETA 2026-08-21 04:17:35 UTC (in 0.8 min)
2026-08-21 04:16:55 UTC INFO    __workspace___hf__models__Qwen2_5-7B-Instruct/stage3: 460/475 done, 2.4s/item, elapsed 18.7 min, VRAM peak 81.4%, ETA 2026-08-21 04:17:31 UTC (in 0.6 min)
2026-08-21 04:17:08 UTC INFO    __workspace___hf__models__Qwen2_5-7B-Instruct/stage3: 465/475 done, 2.4s/item, elapsed 18.9 min, VRAM peak 81.4%, ETA 2026-08-21 04:17:32 UTC (in 0.4 min)
2026-08-21 04:17:20 UTC INFO    __workspace___hf__models__Qwen2_5-7B-Instruct/stage3: 470/475 done, 2.4s/item, elapsed 19.1 min, VRAM peak 81.4%, ETA 2026-08-21 04:17:32 UTC (in 0.2 min)
2026-08-21 04:17:35 UTC INFO    __workspace___hf__models__Qwen2_5-7B-Instruct/stage3: 475/475 done, 2.4s/item, elapsed 19.4 min, VRAM peak 81.4%, ETA 2026-08-21 04:17:35 UTC (in 0.0 min)
2026-08-21 04:17:35 UTC INFO    GPU ledger: +1162.0s for __workspace___hf__models__Qwen2_5-7B-Instruct/stage3, cumulative 16532.7s (4.59 h, 23.0% of the 20 h allowance)
2026-08-21 04:17:35 UTC INFO    /workspace/.hf/models/Qwen2.5-7B-Instruct stage3: {"n_items": 95, "condition_counts": {"R0": {"chosen_rival": 0, "unreadable": 0, "n": 95}, "R1": {"chosen_rival": 22, "unreadable": 2, "n": 95}, "R2": {"chosen_rival": 7, "unreadable": 4, "n": 95}, "R3": {"chosen_rival": 9, "unreadable": 4, "n": 95}, "R4": {"chosen_rival": 6, "unreadable": 1, "n": 95}}, "abort_reason": null, "elapsed_min": 19.37}
2026-08-21 04:17:35 UTC INFO    wrote results/exp2/experiment_summary.json
2026-08-21 04:18:47 UTC INFO    started 2026-08-21 04:18:47 UTC on Linux-6.8.0-57-generic-x86_64-with-glibc2.35
2026-08-21 04:18:47 UTC INFO    loading framolfese/2WikiMultihopQA [validation], scanning 16000 records
2026-08-21 04:18:48 UTC INFO    PyTorch version 2.4.0 available.
2026-08-21 04:19:12 UTC INFO    built 400 items from 12576 records
2026-08-21 04:19:12 UTC INFO    longest prompt about 1789 tokens; max_model_len=4096 (floor 2048, cap 8192)
2026-08-21 04:19:13 UTC INFO    detected 23.5 GiB of VRAM, capability (8, 6) -> the 3090ti roster
2026-08-21 04:19:13 UTC INFO    replaying stage 1 from results/exp2/stage1___workspace___hf__models__Llama-3_1-8B-Instruct.jsonl for model(s) ['/workspace/.hf/models/Llama-3.1-8B-Instruct']
2026-08-21 04:19:26 UTC INFO    /workspace/.hf/models/Llama-3.1-8B-Instruct stage1: {"items": 1800, "usable": 415, "unreadable_choice": 0, "replayed_from": "results/exp2/stage1___workspace___hf__models__Llama-3_1-8B-Instruct.jsonl"}
2026-08-21 04:19:34 UTC INFO    /workspace/.hf/models/Llama-3.1-8B-Instruct stage2: {"attempted": 415, "built": 94, "dropped": 321, "search_cap_hit": 259}
2026-08-21 04:20:08 UTC INFO    /workspace/.hf/models/Llama-3.1-8B-Instruct loaded: bfloat16, max_model_len=4096, mem target 0.85, eager=False, VRAM now 81.0%
2026-08-21 04:20:17 UTC INFO    __workspace___hf__models__Llama-3_1-8B-Instruct/stage3: 5/470 done, 1.8s/item, elapsed 0.2 min, VRAM peak 81.4%, ETA 2026-08-21 04:34:23 UTC (in 14.1 min)
2026-08-21 04:20:24 UTC INFO    __workspace___hf__models__Llama-3_1-8B-Instruct/stage3: 10/470 done, 1.6s/item, elapsed 0.3 min, VRAM peak 81.5%, ETA 2026-08-21 04:32:56 UTC (in 12.5 min)
2026-08-21 04:20:35 UTC INFO    __workspace___hf__models__Llama-3_1-8B-Instruct/stage3: 15/470 done, 1.8s/item, elapsed 0.4 min, VRAM peak 81.5%, ETA 2026-08-21 04:34:12 UTC (in 13.6 min)
2026-08-21 04:20:46 UTC INFO    __workspace___hf__models__Llama-3_1-8B-Instruct/stage3: 20/470 done, 1.9s/item, elapsed 0.6 min, VRAM peak 81.5%, ETA 2026-08-21 04:35:10 UTC (in 14.4 min)
2026-08-21 04:20:57 UTC INFO    __workspace___hf__models__Llama-3_1-8B-Instruct/stage3: 25/470 done, 2.0s/item, elapsed 0.8 min, VRAM peak 81.5%, ETA 2026-08-21 04:35:37 UTC (in 14.7 min)
2026-08-21 04:21:07 UTC INFO    __workspace___hf__models__Llama-3_1-8B-Instruct/stage3: 30/470 done, 2.0s/item, elapsed 1.0 min, VRAM peak 81.5%, ETA 2026-08-21 04:35:25 UTC (in 14.3 min)
2026-08-21 04:21:15 UTC INFO    __workspace___hf__models__Llama-3_1-8B-Instruct/stage3: 35/470 done, 1.9s/item, elapsed 1.1 min, VRAM peak 81.5%, ETA 2026-08-21 04:35:12 UTC (in 13.9 min)
2026-08-21 04:21:25 UTC INFO    __workspace___hf__models__Llama-3_1-8B-Instruct/stage3: 40/470 done, 1.9s/item, elapsed 1.3 min, VRAM peak 81.5%, ETA 2026-08-21 04:35:14 UTC (in 13.8 min)
2026-08-21 04:21:37 UTC INFO    __workspace___hf__models__Llama-3_1-8B-Instruct/stage3: 45/470 done, 2.0s/item, elapsed 1.5 min, VRAM peak 81.7%, ETA 2026-08-21 04:35:33 UTC (in 13.9 min)
2026-08-21 04:21:47 UTC INFO    __workspace___hf__models__Llama-3_1-8B-Instruct/stage3: 50/470 done, 2.0s/item, elapsed 1.6 min, VRAM peak 81.7%, ETA 2026-08-21 04:35:35 UTC (in 13.8 min)
2026-08-21 04:21:57 UTC INFO    __workspace___hf__models__Llama-3_1-8B-Instruct/stage3: 55/470 done, 2.0s/item, elapsed 1.8 min, VRAM peak 81.7%, ETA 2026-08-21 04:35:42 UTC (in 13.7 min)
2026-08-21 04:22:06 UTC INFO    __workspace___hf__models__Llama-3_1-8B-Instruct/stage3: 60/470 done, 2.0s/item, elapsed 2.0 min, VRAM peak 81.7%, ETA 2026-08-21 04:35:30 UTC (in 13.4 min)
2026-08-21 04:22:14 UTC INFO    __workspace___hf__models__Llama-3_1-8B-Instruct/stage3: 65/470 done, 1.9s/item, elapsed 2.1 min, VRAM peak 82.1%, ETA 2026-08-21 04:35:19 UTC (in 13.1 min)
2026-08-21 04:22:23 UTC INFO    __workspace___hf__models__Llama-3_1-8B-Instruct/stage3: 70/470 done, 1.9s/item, elapsed 2.3 min, VRAM peak 82.1%, ETA 2026-08-21 04:35:16 UTC (in 12.9 min)
2026-08-21 04:22:35 UTC INFO    __workspace___hf__models__Llama-3_1-8B-Instruct/stage3: 75/470 done, 2.0s/item, elapsed 2.4 min, VRAM peak 82.3%, ETA 2026-08-21 04:35:28 UTC (in 12.9 min)
2026-08-21 04:22:47 UTC INFO    __workspace___hf__models__Llama-3_1-8B-Instruct/stage3: 80/470 done, 2.0s/item, elapsed 2.6 min, VRAM peak 82.3%, ETA 2026-08-21 04:35:40 UTC (in 12.9 min)
2026-08-21 04:22:58 UTC INFO    __workspace___hf__models__Llama-3_1-8B-Instruct/stage3: 85/470 done, 2.0s/item, elapsed 2.8 min, VRAM peak 82.3%, ETA 2026-08-21 04:35:46 UTC (in 12.8 min)
2026-08-21 04:23:07 UTC INFO    __workspace___hf__models__Llama-3_1-8B-Instruct/stage3: 90/470 done, 2.0s/item, elapsed 3.0 min, VRAM peak 82.3%, ETA 2026-08-21 04:35:42 UTC (in 12.6 min)
2026-08-21 04:23:16 UTC INFO    __workspace___hf__models__Llama-3_1-8B-Instruct/stage3: 95/470 done, 2.0s/item, elapsed 3.1 min, VRAM peak 82.3%, ETA 2026-08-21 04:35:37 UTC (in 12.4 min)
2026-08-21 04:23:24 UTC INFO    __workspace___hf__models__Llama-3_1-8B-Instruct/stage3: 100/470 done, 2.0s/item, elapsed 3.3 min, VRAM peak 82.3%, ETA 2026-08-21 04:35:30 UTC (in 12.1 min)
2026-08-21 04:23:32 UTC INFO    __workspace___hf__models__Llama-3_1-8B-Instruct/stage3: 105/470 done, 1.9s/item, elapsed 3.4 min, VRAM peak 82.3%, ETA 2026-08-21 04:35:23 UTC (in 11.8 min)
2026-08-21 04:23:46 UTC INFO    __workspace___hf__models__Llama-3_1-8B-Instruct/stage3: 110/470 done, 2.0s/item, elapsed 3.6 min, VRAM peak 82.3%, ETA 2026-08-21 04:35:41 UTC (in 11.9 min)
2026-08-21 04:23:57 UTC INFO    __workspace___hf__models__Llama-3_1-8B-Instruct/stage3: 115/470 done, 2.0s/item, elapsed 3.8 min, VRAM peak 82.3%, ETA 2026-08-21 04:35:44 UTC (in 11.8 min)
2026-08-21 04:24:07 UTC INFO    __workspace___hf__models__Llama-3_1-8B-Instruct/stage3: 120/470 done, 2.0s/item, elapsed 4.0 min, VRAM peak 82.3%, ETA 2026-08-21 04:35:43 UTC (in 11.6 min)
2026-08-21 04:24:18 UTC INFO    __workspace___hf__models__Llama-3_1-8B-Instruct/stage3: 125/470 done, 2.0s/item, elapsed 4.2 min, VRAM peak 82.3%, ETA 2026-08-21 04:35:46 UTC (in 11.5 min)
2026-08-21 04:24:27 UTC INFO    __workspace___hf__models__Llama-3_1-8B-Instruct/stage3: 130/470 done, 2.0s/item, elapsed 4.3 min, VRAM peak 82.3%, ETA 2026-08-21 04:35:43 UTC (in 11.3 min)
2026-08-21 04:24:36 UTC INFO    __workspace___hf__models__Llama-3_1-8B-Instruct/stage3: 135/470 done, 2.0s/item, elapsed 4.5 min, VRAM peak 82.3%, ETA 2026-08-21 04:35:43 UTC (in 11.1 min)
2026-08-21 04:24:46 UTC INFO    __workspace___hf__models__Llama-3_1-8B-Instruct/stage3: 140/470 done, 2.0s/item, elapsed 4.6 min, VRAM peak 82.3%, ETA 2026-08-21 04:35:40 UTC (in 10.9 min)
2026-08-21 04:24:56 UTC INFO    __workspace___hf__models__Llama-3_1-8B-Instruct/stage3: 145/470 done, 2.0s/item, elapsed 4.8 min, VRAM peak 82.3%, ETA 2026-08-21 04:35:40 UTC (in 10.7 min)
2026-08-21 04:25:07 UTC INFO    __workspace___hf__models__Llama-3_1-8B-Instruct/stage3: 150/470 done, 2.0s/item, elapsed 5.0 min, VRAM peak 82.3%, ETA 2026-08-21 04:35:43 UTC (in 10.6 min)
2026-08-21 04:25:19 UTC INFO    __workspace___hf__models__Llama-3_1-8B-Instruct/stage3: 155/470 done, 2.0s/item, elapsed 5.2 min, VRAM peak 82.3%, ETA 2026-08-21 04:35:52 UTC (in 10.5 min)
2026-08-21 04:25:29 UTC INFO    __workspace___hf__models__Llama-3_1-8B-Instruct/stage3: 160/470 done, 2.0s/item, elapsed 5.3 min, VRAM peak 82.3%, ETA 2026-08-21 04:35:50 UTC (in 10.4 min)
2026-08-21 04:25:39 UTC INFO    __workspace___hf__models__Llama-3_1-8B-Instruct/stage3: 165/470 done, 2.0s/item, elapsed 5.5 min, VRAM peak 82.3%, ETA 2026-08-21 04:35:51 UTC (in 10.2 min)
2026-08-21 04:25:47 UTC INFO    __workspace___hf__models__Llama-3_1-8B-Instruct/stage3: 170/470 done, 2.0s/item, elapsed 5.7 min, VRAM peak 82.3%, ETA 2026-08-21 04:35:45 UTC (in 10.0 min)
2026-08-21 04:25:58 UTC INFO    __workspace___hf__models__Llama-3_1-8B-Instruct/stage3: 175/470 done, 2.0s/item, elapsed 5.8 min, VRAM peak 82.3%, ETA 2026-08-21 04:35:49 UTC (in 9.8 min)
2026-08-21 04:26:08 UTC INFO    __workspace___hf__models__Llama-3_1-8B-Instruct/stage3: 180/470 done, 2.0s/item, elapsed 6.0 min, VRAM peak 82.3%, ETA 2026-08-21 04:35:48 UTC (in 9.7 min)
2026-08-21 04:26:21 UTC INFO    __workspace___hf__models__Llama-3_1-8B-Instruct/stage3: 185/470 done, 2.0s/item, elapsed 6.2 min, VRAM peak 82.3%, ETA 2026-08-21 04:35:54 UTC (in 9.6 min)
2026-08-21 04:26:31 UTC INFO    __workspace___hf__models__Llama-3_1-8B-Instruct/stage3: 190/470 done, 2.0s/item, elapsed 6.4 min, VRAM peak 82.3%, ETA 2026-08-21 04:35:55 UTC (in 9.4 min)
2026-08-21 04:26:40 UTC INFO    __workspace___hf__models__Llama-3_1-8B-Instruct/stage3: 195/470 done, 2.0s/item, elapsed 6.5 min, VRAM peak 82.3%, ETA 2026-08-21 04:35:52 UTC (in 9.2 min)
2026-08-21 04:26:51 UTC INFO    __workspace___hf__models__Llama-3_1-8B-Instruct/stage3: 200/470 done, 2.0s/item, elapsed 6.7 min, VRAM peak 82.3%, ETA 2026-08-21 04:35:55 UTC (in 9.1 min)
2026-08-21 04:27:01 UTC INFO    __workspace___hf__models__Llama-3_1-8B-Instruct/stage3: 205/470 done, 2.0s/item, elapsed 6.9 min, VRAM peak 82.3%, ETA 2026-08-21 04:35:55 UTC (in 8.9 min)
2026-08-21 04:27:14 UTC INFO    __workspace___hf__models__Llama-3_1-8B-Instruct/stage3: 210/470 done, 2.0s/item, elapsed 7.1 min, VRAM peak 82.3%, ETA 2026-08-21 04:36:00 UTC (in 8.8 min)
2026-08-21 04:27:28 UTC INFO    __workspace___hf__models__Llama-3_1-8B-Instruct/stage3: 215/470 done, 2.0s/item, elapsed 7.3 min, VRAM peak 82.3%, ETA 2026-08-21 04:36:09 UTC (in 8.7 min)
2026-08-21 04:27:36 UTC INFO    __workspace___hf__models__Llama-3_1-8B-Instruct/stage3: 220/470 done, 2.0s/item, elapsed 7.5 min, VRAM peak 82.3%, ETA 2026-08-21 04:36:04 UTC (in 8.5 min)
2026-08-21 04:27:45 UTC INFO    __workspace___hf__models__Llama-3_1-8B-Instruct/stage3: 225/470 done, 2.0s/item, elapsed 7.6 min, VRAM peak 82.3%, ETA 2026-08-21 04:36:03 UTC (in 8.3 min)
2026-08-21 04:27:57 UTC INFO    __workspace___hf__models__Llama-3_1-8B-Instruct/stage3: 230/470 done, 2.0s/item, elapsed 7.8 min, VRAM peak 82.3%, ETA 2026-08-21 04:36:05 UTC (in 8.1 min)
2026-08-21 04:28:06 UTC INFO    __workspace___hf__models__Llama-3_1-8B-Instruct/stage3: 235/470 done, 2.0s/item, elapsed 8.0 min, VRAM peak 82.3%, ETA 2026-08-21 04:36:04 UTC (in 8.0 min)
2026-08-21 04:28:20 UTC INFO    __workspace___hf__models__Llama-3_1-8B-Instruct/stage3: 240/470 done, 2.0s/item, elapsed 8.2 min, VRAM peak 82.3%, ETA 2026-08-21 04:36:11 UTC (in 7.9 min)
2026-08-21 04:28:30 UTC INFO    __workspace___hf__models__Llama-3_1-8B-Instruct/stage3: 245/470 done, 2.0s/item, elapsed 8.4 min, VRAM peak 82.3%, ETA 2026-08-21 04:36:11 UTC (in 7.7 min)
2026-08-21 04:28:40 UTC INFO    __workspace___hf__models__Llama-3_1-8B-Instruct/stage3: 250/470 done, 2.0s/item, elapsed 8.5 min, VRAM peak 82.3%, ETA 2026-08-21 04:36:11 UTC (in 7.5 min)
2026-08-21 04:28:51 UTC INFO    __workspace___hf__models__Llama-3_1-8B-Instruct/stage3: 255/470 done, 2.1s/item, elapsed 8.7 min, VRAM peak 82.3%, ETA 2026-08-21 04:36:12 UTC (in 7.4 min)
2026-08-21 04:29:04 UTC INFO    __workspace___hf__models__Llama-3_1-8B-Instruct/stage3: 260/470 done, 2.1s/item, elapsed 8.9 min, VRAM peak 82.3%, ETA 2026-08-21 04:36:17 UTC (in 7.2 min)
2026-08-21 04:29:16 UTC INFO    __workspace___hf__models__Llama-3_1-8B-Instruct/stage3: 265/470 done, 2.1s/item, elapsed 9.1 min, VRAM peak 82.3%, ETA 2026-08-21 04:36:19 UTC (in 7.1 min)
2026-08-21 04:29:26 UTC INFO    __workspace___hf__models__Llama-3_1-8B-Instruct/stage3: 270/470 done, 2.1s/item, elapsed 9.3 min, VRAM peak 82.3%, ETA 2026-08-21 04:36:20 UTC (in 6.9 min)
2026-08-21 04:29:37 UTC INFO    __workspace___hf__models__Llama-3_1-8B-Instruct/stage3: 275/470 done, 2.1s/item, elapsed 9.5 min, VRAM peak 82.3%, ETA 2026-08-21 04:36:20 UTC (in 6.7 min)
2026-08-21 04:29:50 UTC INFO    __workspace___hf__models__Llama-3_1-8B-Instruct/stage3: 280/470 done, 2.1s/item, elapsed 9.7 min, VRAM peak 82.3%, ETA 2026-08-21 04:36:24 UTC (in 6.6 min)
2026-08-21 04:30:00 UTC INFO    __workspace___hf__models__Llama-3_1-8B-Instruct/stage3: 285/470 done, 2.1s/item, elapsed 9.9 min, VRAM peak 82.3%, ETA 2026-08-21 04:36:23 UTC (in 6.4 min)
2026-08-21 04:30:08 UTC INFO    __workspace___hf__models__Llama-3_1-8B-Instruct/stage3: 290/470 done, 2.1s/item, elapsed 10.0 min, VRAM peak 82.3%, ETA 2026-08-21 04:36:21 UTC (in 6.2 min)
2026-08-21 04:30:19 UTC INFO    __workspace___hf__models__Llama-3_1-8B-Instruct/stage3: 295/470 done, 2.1s/item, elapsed 10.2 min, VRAM peak 82.3%, ETA 2026-08-21 04:36:22 UTC (in 6.0 min)
2026-08-21 04:30:29 UTC INFO    __workspace___hf__models__Llama-3_1-8B-Instruct/stage3: 300/470 done, 2.1s/item, elapsed 10.4 min, VRAM peak 82.3%, ETA 2026-08-21 04:36:21 UTC (in 5.9 min)
2026-08-21 04:30:38 UTC INFO    __workspace___hf__models__Llama-3_1-8B-Instruct/stage3: 305/470 done, 2.1s/item, elapsed 10.5 min, VRAM peak 82.3%, ETA 2026-08-21 04:36:19 UTC (in 5.7 min)
2026-08-21 04:30:48 UTC INFO    __workspace___hf__models__Llama-3_1-8B-Instruct/stage3: 310/470 done, 2.1s/item, elapsed 10.7 min, VRAM peak 82.3%, ETA 2026-08-21 04:36:19 UTC (in 5.5 min)
2026-08-21 04:30:57 UTC INFO    __workspace___hf__models__Llama-3_1-8B-Instruct/stage3: 315/470 done, 2.1s/item, elapsed 10.8 min, VRAM peak 82.3%, ETA 2026-08-21 04:36:17 UTC (in 5.3 min)
2026-08-21 04:31:07 UTC INFO    __workspace___hf__models__Llama-3_1-8B-Instruct/stage3: 320/470 done, 2.1s/item, elapsed 11.0 min, VRAM peak 82.3%, ETA 2026-08-21 04:36:16 UTC (in 5.1 min)
2026-08-21 04:31:18 UTC INFO    __workspace___hf__models__Llama-3_1-8B-Instruct/stage3: 325/470 done, 2.1s/item, elapsed 11.2 min, VRAM peak 82.3%, ETA 2026-08-21 04:36:17 UTC (in 5.0 min)
2026-08-21 04:31:29 UTC INFO    __workspace___hf__models__Llama-3_1-8B-Instruct/stage3: 330/470 done, 2.1s/item, elapsed 11.4 min, VRAM peak 82.3%, ETA 2026-08-21 04:36:18 UTC (in 4.8 min)
2026-08-21 04:31:36 UTC INFO    __workspace___hf__models__Llama-3_1-8B-Instruct/stage3: 335/470 done, 2.1s/item, elapsed 11.5 min, VRAM peak 82.3%, ETA 2026-08-21 04:36:14 UTC (in 4.6 min)
2026-08-21 04:31:48 UTC INFO    __workspace___hf__models__Llama-3_1-8B-Instruct/stage3: 340/470 done, 2.1s/item, elapsed 11.7 min, VRAM peak 82.3%, ETA 2026-08-21 04:36:15 UTC (in 4.5 min)
2026-08-21 04:31:57 UTC INFO    __workspace___hf__models__Llama-3_1-8B-Instruct/stage3: 345/470 done, 2.1s/item, elapsed 11.8 min, VRAM peak 82.3%, ETA 2026-08-21 04:36:14 UTC (in 4.3 min)
2026-08-21 04:32:07 UTC INFO    __workspace___hf__models__Llama-3_1-8B-Instruct/stage3: 350/470 done, 2.1s/item, elapsed 12.0 min, VRAM peak 82.3%, ETA 2026-08-21 04:36:13 UTC (in 4.1 min)
2026-08-21 04:32:17 UTC INFO    __workspace___hf__models__Llama-3_1-8B-Instruct/stage3: 355/470 done, 2.1s/item, elapsed 12.1 min, VRAM peak 82.3%, ETA 2026-08-21 04:36:13 UTC (in 3.9 min)
2026-08-21 04:32:26 UTC INFO    __workspace___hf__models__Llama-3_1-8B-Instruct/stage3: 360/470 done, 2.1s/item, elapsed 12.3 min, VRAM peak 82.3%, ETA 2026-08-21 04:36:12 UTC (in 3.8 min)
2026-08-21 04:32:35 UTC INFO    __workspace___hf__models__Llama-3_1-8B-Instruct/stage3: 365/470 done, 2.0s/item, elapsed 12.4 min, VRAM peak 82.3%, ETA 2026-08-21 04:36:10 UTC (in 3.6 min)
2026-08-21 04:32:43 UTC INFO    __workspace___hf__models__Llama-3_1-8B-Instruct/stage3: 370/470 done, 2.0s/item, elapsed 12.6 min, VRAM peak 82.3%, ETA 2026-08-21 04:36:07 UTC (in 3.4 min)
2026-08-21 04:32:55 UTC INFO    __workspace___hf__models__Llama-3_1-8B-Instruct/stage3: 375/470 done, 2.0s/item, elapsed 12.8 min, VRAM peak 82.3%, ETA 2026-08-21 04:36:09 UTC (in 3.2 min)
2026-08-21 04:33:05 UTC INFO    __workspace___hf__models__Llama-3_1-8B-Instruct/stage3: 380/470 done, 2.0s/item, elapsed 12.9 min, VRAM peak 82.3%, ETA 2026-08-21 04:36:09 UTC (in 3.1 min)
2026-08-21 04:33:13 UTC INFO    __workspace___hf__models__Llama-3_1-8B-Instruct/stage3: 385/470 done, 2.0s/item, elapsed 13.1 min, VRAM peak 82.3%, ETA 2026-08-21 04:36:06 UTC (in 2.9 min)
2026-08-21 04:33:23 UTC INFO    __workspace___hf__models__Llama-3_1-8B-Instruct/stage3: 390/470 done, 2.0s/item, elapsed 13.2 min, VRAM peak 82.3%, ETA 2026-08-21 04:36:06 UTC (in 2.7 min)
2026-08-21 04:33:35 UTC INFO    __workspace___hf__models__Llama-3_1-8B-Instruct/stage3: 395/470 done, 2.0s/item, elapsed 13.4 min, VRAM peak 82.3%, ETA 2026-08-21 04:36:08 UTC (in 2.6 min)
2026-08-21 04:33:44 UTC INFO    __workspace___hf__models__Llama-3_1-8B-Instruct/stage3: 400/470 done, 2.0s/item, elapsed 13.6 min, VRAM peak 82.3%, ETA 2026-08-21 04:36:07 UTC (in 2.4 min)
2026-08-21 04:33:54 UTC INFO    __workspace___hf__models__Llama-3_1-8B-Instruct/stage3: 405/470 done, 2.0s/item, elapsed 13.8 min, VRAM peak 82.3%, ETA 2026-08-21 04:36:07 UTC (in 2.2 min)
2026-08-21 04:34:03 UTC INFO    __workspace___hf__models__Llama-3_1-8B-Instruct/stage3: 410/470 done, 2.0s/item, elapsed 13.9 min, VRAM peak 82.3%, ETA 2026-08-21 04:36:05 UTC (in 2.0 min)
2026-08-21 04:34:12 UTC INFO    __workspace___hf__models__Llama-3_1-8B-Instruct/stage3: 415/470 done, 2.0s/item, elapsed 14.1 min, VRAM peak 82.3%, ETA 2026-08-21 04:36:04 UTC (in 1.9 min)
2026-08-21 04:34:23 UTC INFO    __workspace___hf__models__Llama-3_1-8B-Instruct/stage3: 420/470 done, 2.0s/item, elapsed 14.3 min, VRAM peak 82.3%, ETA 2026-08-21 04:36:05 UTC (in 1.7 min)
2026-08-21 04:34:33 UTC INFO    __workspace___hf__models__Llama-3_1-8B-Instruct/stage3: 425/470 done, 2.0s/item, elapsed 14.4 min, VRAM peak 82.3%, ETA 2026-08-21 04:36:05 UTC (in 1.5 min)
2026-08-21 04:34:44 UTC INFO    __workspace___hf__models__Llama-3_1-8B-Instruct/stage3: 430/470 done, 2.0s/item, elapsed 14.6 min, VRAM peak 82.3%, ETA 2026-08-21 04:36:06 UTC (in 1.4 min)
2026-08-21 04:34:54 UTC INFO    __workspace___hf__models__Llama-3_1-8B-Instruct/stage3: 435/470 done, 2.0s/item, elapsed 14.8 min, VRAM peak 82.3%, ETA 2026-08-21 04:36:06 UTC (in 1.2 min)
2026-08-21 04:35:04 UTC INFO    __workspace___hf__models__Llama-3_1-8B-Instruct/stage3: 440/470 done, 2.0s/item, elapsed 14.9 min, VRAM peak 82.3%, ETA 2026-08-21 04:36:05 UTC (in 1.0 min)
2026-08-21 04:35:14 UTC INFO    __workspace___hf__models__Llama-3_1-8B-Instruct/stage3: 445/470 done, 2.0s/item, elapsed 15.1 min, VRAM peak 82.3%, ETA 2026-08-21 04:36:04 UTC (in 0.8 min)
2026-08-21 04:35:25 UTC INFO    __workspace___hf__models__Llama-3_1-8B-Instruct/stage3: 450/470 done, 2.0s/item, elapsed 15.3 min, VRAM peak 82.3%, ETA 2026-08-21 04:36:05 UTC (in 0.7 min)
2026-08-21 04:35:34 UTC INFO    __workspace___hf__models__Llama-3_1-8B-Instruct/stage3: 455/470 done, 2.0s/item, elapsed 15.4 min, VRAM peak 82.3%, ETA 2026-08-21 04:36:05 UTC (in 0.5 min)
2026-08-21 04:35:43 UTC INFO    __workspace___hf__models__Llama-3_1-8B-Instruct/stage3: 460/470 done, 2.0s/item, elapsed 15.6 min, VRAM peak 82.3%, ETA 2026-08-21 04:36:03 UTC (in 0.3 min)
2026-08-21 04:35:52 UTC INFO    __workspace___hf__models__Llama-3_1-8B-Instruct/stage3: 465/470 done, 2.0s/item, elapsed 15.7 min, VRAM peak 82.3%, ETA 2026-08-21 04:36:02 UTC (in 0.2 min)
2026-08-21 04:36:01 UTC INFO    __workspace___hf__models__Llama-3_1-8B-Instruct/stage3: 470/470 done, 2.0s/item, elapsed 15.9 min, VRAM peak 82.3%, ETA 2026-08-21 04:36:01 UTC (in 0.0 min)
2026-08-21 04:36:01 UTC INFO    GPU ledger: +953.4s for __workspace___hf__models__Llama-3_1-8B-Instruct/stage3, cumulative 17486.1s (4.86 h, 24.3% of the 20 h allowance)
2026-08-21 04:36:01 UTC INFO    /workspace/.hf/models/Llama-3.1-8B-Instruct stage3: {"n_items": 94, "condition_counts": {"R0": {"chosen_rival": 0, "unreadable": 0, "n": 94}, "R1": {"chosen_rival": 12, "unreadable": 0, "n": 94}, "R2": {"chosen_rival": 12, "unreadable": 0, "n": 94}, "R3": {"chosen_rival": 9, "unreadable": 0, "n": 94}, "R4": {"chosen_rival": 5, "unreadable": 0, "n": 94}}, "abort_reason": null, "elapsed_min": 15.89}
2026-08-21 04:36:02 UTC INFO    wrote results/exp2/experiment_summary.json
2026-08-21 04:36:55 UTC INFO    started 2026-08-21 04:36:55 UTC on Linux-6.8.0-57-generic-x86_64-with-glibc2.35
2026-08-21 04:36:55 UTC INFO    loading framolfese/2WikiMultihopQA [validation], scanning 16000 records
2026-08-21 04:36:55 UTC INFO    PyTorch version 2.4.0 available.
2026-08-21 04:37:05 UTC INFO    built 400 items from 12576 records
2026-08-21 04:37:06 UTC INFO    longest prompt about 1789 tokens; max_model_len=4096 (floor 2048, cap 8192)
2026-08-21 04:37:07 UTC INFO    detected 23.5 GiB of VRAM, capability (8, 6) -> the 3090ti roster
2026-08-21 04:37:07 UTC INFO    replaying stage 1 from results/exp2/stage1___workspace___hf__models__Mistral-7B-Instruct-v0_3.jsonl for model(s) ['/workspace/.hf/models/Mistral-7B-Instruct-v0.3']
2026-08-21 04:37:22 UTC INFO    /workspace/.hf/models/Mistral-7B-Instruct-v0.3 stage1: {"items": 1800, "usable": 414, "unreadable_choice": 3, "replayed_from": "results/exp2/stage1___workspace___hf__models__Mistral-7B-Instruct-v0_3.jsonl"}
2026-08-21 04:37:31 UTC INFO    /workspace/.hf/models/Mistral-7B-Instruct-v0.3 stage2: {"attempted": 414, "built": 106, "dropped": 308, "search_cap_hit": 283}
2026-08-21 04:38:06 UTC INFO    /workspace/.hf/models/Mistral-7B-Instruct-v0.3 loaded: bfloat16, max_model_len=4096, mem target 0.85, eager=False, VRAM now 85.1%
2026-08-21 04:38:17 UTC INFO    __workspace___hf__models__Mistral-7B-Instruct-v0_3/stage3: 5/530 done, 2.2s/item, elapsed 0.2 min, VRAM peak 85.4%, ETA 2026-08-21 04:57:57 UTC (in 19.7 min)
2026-08-21 04:38:28 UTC INFO    __workspace___hf__models__Mistral-7B-Instruct-v0_3/stage3: 10/530 done, 2.2s/item, elapsed 0.4 min, VRAM peak 85.4%, ETA 2026-08-21 04:57:52 UTC (in 19.4 min)
2026-08-21 04:38:38 UTC INFO    __workspace___hf__models__Mistral-7B-Instruct-v0_3/stage3: 15/530 done, 2.2s/item, elapsed 0.5 min, VRAM peak 85.4%, ETA 2026-08-21 04:57:15 UTC (in 18.6 min)
2026-08-21 04:38:50 UTC INFO    __workspace___hf__models__Mistral-7B-Instruct-v0_3/stage3: 20/530 done, 2.2s/item, elapsed 0.7 min, VRAM peak 85.4%, ETA 2026-08-21 04:57:49 UTC (in 19.0 min)
2026-08-21 04:39:00 UTC INFO    __workspace___hf__models__Mistral-7B-Instruct-v0_3/stage3: 25/530 done, 2.2s/item, elapsed 0.9 min, VRAM peak 85.4%, ETA 2026-08-21 04:57:18 UTC (in 18.3 min)
2026-08-21 04:39:11 UTC INFO    __workspace___hf__models__Mistral-7B-Instruct-v0_3/stage3: 30/530 done, 2.2s/item, elapsed 1.1 min, VRAM peak 85.4%, ETA 2026-08-21 04:57:18 UTC (in 18.1 min)
2026-08-21 04:39:21 UTC INFO    __workspace___hf__models__Mistral-7B-Instruct-v0_3/stage3: 35/530 done, 2.2s/item, elapsed 1.3 min, VRAM peak 85.7%, ETA 2026-08-21 04:57:07 UTC (in 17.8 min)
2026-08-21 04:39:34 UTC INFO    __workspace___hf__models__Mistral-7B-Instruct-v0_3/stage3: 40/530 done, 2.2s/item, elapsed 1.5 min, VRAM peak 86.0%, ETA 2026-08-21 04:57:42 UTC (in 18.1 min)
2026-08-21 04:39:45 UTC INFO    __workspace___hf__models__Mistral-7B-Instruct-v0_3/stage3: 45/530 done, 2.2s/item, elapsed 1.7 min, VRAM peak 86.0%, ETA 2026-08-21 04:57:38 UTC (in 17.9 min)
2026-08-21 04:39:53 UTC INFO    __workspace___hf__models__Mistral-7B-Instruct-v0_3/stage3: 50/530 done, 2.1s/item, elapsed 1.8 min, VRAM peak 86.0%, ETA 2026-08-21 04:57:01 UTC (in 17.1 min)
2026-08-21 04:40:06 UTC INFO    __workspace___hf__models__Mistral-7B-Instruct-v0_3/stage3: 55/530 done, 2.2s/item, elapsed 2.0 min, VRAM peak 86.5%, ETA 2026-08-21 04:57:25 UTC (in 17.3 min)
2026-08-21 04:40:15 UTC INFO    __workspace___hf__models__Mistral-7B-Instruct-v0_3/stage3: 60/530 done, 2.2s/item, elapsed 2.2 min, VRAM peak 86.5%, ETA 2026-08-21 04:57:12 UTC (in 16.9 min)
2026-08-21 04:40:28 UTC INFO    __workspace___hf__models__Mistral-7B-Instruct-v0_3/stage3: 65/530 done, 2.2s/item, elapsed 2.4 min, VRAM peak 86.5%, ETA 2026-08-21 04:57:24 UTC (in 16.9 min)
2026-08-21 04:40:37 UTC INFO    __workspace___hf__models__Mistral-7B-Instruct-v0_3/stage3: 70/530 done, 2.2s/item, elapsed 2.5 min, VRAM peak 86.5%, ETA 2026-08-21 04:57:11 UTC (in 16.6 min)
2026-08-21 04:40:44 UTC INFO    __workspace___hf__models__Mistral-7B-Instruct-v0_3/stage3: 75/530 done, 2.1s/item, elapsed 2.6 min, VRAM peak 86.5%, ETA 2026-08-21 04:56:48 UTC (in 16.1 min)
2026-08-21 04:40:55 UTC INFO    __workspace___hf__models__Mistral-7B-Instruct-v0_3/stage3: 80/530 done, 2.1s/item, elapsed 2.8 min, VRAM peak 86.5%, ETA 2026-08-21 04:56:49 UTC (in 15.9 min)
2026-08-21 04:41:06 UTC INFO    __workspace___hf__models__Mistral-7B-Instruct-v0_3/stage3: 85/530 done, 2.1s/item, elapsed 3.0 min, VRAM peak 86.5%, ETA 2026-08-21 04:56:51 UTC (in 15.7 min)
2026-08-21 04:41:16 UTC INFO    __workspace___hf__models__Mistral-7B-Instruct-v0_3/stage3: 90/530 done, 2.1s/item, elapsed 3.2 min, VRAM peak 86.5%, ETA 2026-08-21 04:56:45 UTC (in 15.5 min)
2026-08-21 04:41:25 UTC INFO    __workspace___hf__models__Mistral-7B-Instruct-v0_3/stage3: 95/530 done, 2.1s/item, elapsed 3.3 min, VRAM peak 86.5%, ETA 2026-08-21 04:56:39 UTC (in 15.2 min)
2026-08-21 04:41:35 UTC INFO    __workspace___hf__models__Mistral-7B-Instruct-v0_3/stage3: 100/530 done, 2.1s/item, elapsed 3.5 min, VRAM peak 86.5%, ETA 2026-08-21 04:56:34 UTC (in 15.0 min)
2026-08-21 04:41:44 UTC INFO    __workspace___hf__models__Mistral-7B-Instruct-v0_3/stage3: 105/530 done, 2.1s/item, elapsed 3.6 min, VRAM peak 86.5%, ETA 2026-08-21 04:56:27 UTC (in 14.7 min)
2026-08-21 04:41:55 UTC INFO    __workspace___hf__models__Mistral-7B-Instruct-v0_3/stage3: 110/530 done, 2.1s/item, elapsed 3.8 min, VRAM peak 86.5%, ETA 2026-08-21 04:56:33 UTC (in 14.6 min)
2026-08-21 04:42:05 UTC INFO    __workspace___hf__models__Mistral-7B-Instruct-v0_3/stage3: 115/530 done, 2.1s/item, elapsed 4.0 min, VRAM peak 86.5%, ETA 2026-08-21 04:56:29 UTC (in 14.4 min)
2026-08-21 04:42:16 UTC INFO    __workspace___hf__models__Mistral-7B-Instruct-v0_3/stage3: 120/530 done, 2.1s/item, elapsed 4.2 min, VRAM peak 86.5%, ETA 2026-08-21 04:56:30 UTC (in 14.2 min)
2026-08-21 04:42:25 UTC INFO    __workspace___hf__models__Mistral-7B-Instruct-v0_3/stage3: 125/530 done, 2.1s/item, elapsed 4.3 min, VRAM peak 86.5%, ETA 2026-08-21 04:56:24 UTC (in 14.0 min)
2026-08-21 04:42:32 UTC INFO    __workspace___hf__models__Mistral-7B-Instruct-v0_3/stage3: 130/530 done, 2.0s/item, elapsed 4.4 min, VRAM peak 86.5%, ETA 2026-08-21 04:56:10 UTC (in 13.6 min)
2026-08-21 04:42:42 UTC INFO    __workspace___hf__models__Mistral-7B-Instruct-v0_3/stage3: 135/530 done, 2.0s/item, elapsed 4.6 min, VRAM peak 86.5%, ETA 2026-08-21 04:56:11 UTC (in 13.5 min)
2026-08-21 04:42:54 UTC INFO    __workspace___hf__models__Mistral-7B-Instruct-v0_3/stage3: 140/530 done, 2.1s/item, elapsed 4.8 min, VRAM peak 86.5%, ETA 2026-08-21 04:56:18 UTC (in 13.4 min)
2026-08-21 04:43:04 UTC INFO    __workspace___hf__models__Mistral-7B-Instruct-v0_3/stage3: 145/530 done, 2.1s/item, elapsed 5.0 min, VRAM peak 86.5%, ETA 2026-08-21 04:56:18 UTC (in 13.2 min)
2026-08-21 04:43:15 UTC INFO    __workspace___hf__models__Mistral-7B-Instruct-v0_3/stage3: 150/530 done, 2.1s/item, elapsed 5.2 min, VRAM peak 86.5%, ETA 2026-08-21 04:56:20 UTC (in 13.1 min)
2026-08-21 04:43:24 UTC INFO    __workspace___hf__models__Mistral-7B-Instruct-v0_3/stage3: 155/530 done, 2.1s/item, elapsed 5.3 min, VRAM peak 86.5%, ETA 2026-08-21 04:56:15 UTC (in 12.8 min)
2026-08-21 04:43:34 UTC INFO    __workspace___hf__models__Mistral-7B-Instruct-v0_3/stage3: 160/530 done, 2.1s/item, elapsed 5.5 min, VRAM peak 86.5%, ETA 2026-08-21 04:56:14 UTC (in 12.7 min)
2026-08-21 04:43:47 UTC INFO    __workspace___hf__models__Mistral-7B-Instruct-v0_3/stage3: 165/530 done, 2.1s/item, elapsed 5.7 min, VRAM peak 86.5%, ETA 2026-08-21 04:56:23 UTC (in 12.6 min)
2026-08-21 04:44:00 UTC INFO    __workspace___hf__models__Mistral-7B-Instruct-v0_3/stage3: 170/530 done, 2.1s/item, elapsed 5.9 min, VRAM peak 86.5%, ETA 2026-08-21 04:56:32 UTC (in 12.5 min)
2026-08-21 04:44:10 UTC INFO    __workspace___hf__models__Mistral-7B-Instruct-v0_3/stage3: 175/530 done, 2.1s/item, elapsed 6.1 min, VRAM peak 86.5%, ETA 2026-08-21 04:56:29 UTC (in 12.3 min)
2026-08-21 04:44:20 UTC INFO    __workspace___hf__models__Mistral-7B-Instruct-v0_3/stage3: 180/530 done, 2.1s/item, elapsed 6.2 min, VRAM peak 86.5%, ETA 2026-08-21 04:56:27 UTC (in 12.1 min)
2026-08-21 04:44:33 UTC INFO    __workspace___hf__models__Mistral-7B-Instruct-v0_3/stage3: 185/530 done, 2.1s/item, elapsed 6.5 min, VRAM peak 86.5%, ETA 2026-08-21 04:56:35 UTC (in 12.0 min)
2026-08-21 04:44:45 UTC INFO    __workspace___hf__models__Mistral-7B-Instruct-v0_3/stage3: 190/530 done, 2.1s/item, elapsed 6.7 min, VRAM peak 86.5%, ETA 2026-08-21 04:56:40 UTC (in 11.9 min)
2026-08-21 04:44:58 UTC INFO    __workspace___hf__models__Mistral-7B-Instruct-v0_3/stage3: 195/530 done, 2.1s/item, elapsed 6.9 min, VRAM peak 86.5%, ETA 2026-08-21 04:56:45 UTC (in 11.8 min)
2026-08-21 04:45:08 UTC INFO    __workspace___hf__models__Mistral-7B-Instruct-v0_3/stage3: 200/530 done, 2.1s/item, elapsed 7.0 min, VRAM peak 86.5%, ETA 2026-08-21 04:56:44 UTC (in 11.6 min)
2026-08-21 04:45:19 UTC INFO    __workspace___hf__models__Mistral-7B-Instruct-v0_3/stage3: 205/530 done, 2.1s/item, elapsed 7.2 min, VRAM peak 86.5%, ETA 2026-08-21 04:56:46 UTC (in 11.4 min)
2026-08-21 04:45:29 UTC INFO    __workspace___hf__models__Mistral-7B-Instruct-v0_3/stage3: 210/530 done, 2.1s/item, elapsed 7.4 min, VRAM peak 86.5%, ETA 2026-08-21 04:56:46 UTC (in 11.3 min)
2026-08-21 04:45:42 UTC INFO    __workspace___hf__models__Mistral-7B-Instruct-v0_3/stage3: 215/530 done, 2.1s/item, elapsed 7.6 min, VRAM peak 86.5%, ETA 2026-08-21 04:56:50 UTC (in 11.1 min)
2026-08-21 04:45:59 UTC INFO    __workspace___hf__models__Mistral-7B-Instruct-v0_3/stage3: 220/530 done, 2.2s/item, elapsed 7.9 min, VRAM peak 87.0%, ETA 2026-08-21 04:57:05 UTC (in 11.1 min)
2026-08-21 04:46:11 UTC INFO    __workspace___hf__models__Mistral-7B-Instruct-v0_3/stage3: 225/530 done, 2.2s/item, elapsed 8.1 min, VRAM peak 87.0%, ETA 2026-08-21 04:57:09 UTC (in 11.0 min)
2026-08-21 04:46:23 UTC INFO    __workspace___hf__models__Mistral-7B-Instruct-v0_3/stage3: 230/530 done, 2.2s/item, elapsed 8.3 min, VRAM peak 87.0%, ETA 2026-08-21 04:57:11 UTC (in 10.8 min)
2026-08-21 04:46:35 UTC INFO    __workspace___hf__models__Mistral-7B-Instruct-v0_3/stage3: 235/530 done, 2.2s/item, elapsed 8.5 min, VRAM peak 87.0%, ETA 2026-08-21 04:57:14 UTC (in 10.7 min)
2026-08-21 04:46:44 UTC INFO    __workspace___hf__models__Mistral-7B-Instruct-v0_3/stage3: 240/530 done, 2.2s/item, elapsed 8.6 min, VRAM peak 87.0%, ETA 2026-08-21 04:57:11 UTC (in 10.4 min)
2026-08-21 04:46:53 UTC INFO    __workspace___hf__models__Mistral-7B-Instruct-v0_3/stage3: 245/530 done, 2.2s/item, elapsed 8.8 min, VRAM peak 87.0%, ETA 2026-08-21 04:57:07 UTC (in 10.2 min)
2026-08-21 04:47:03 UTC INFO    __workspace___hf__models__Mistral-7B-Instruct-v0_3/stage3: 250/530 done, 2.1s/item, elapsed 9.0 min, VRAM peak 87.0%, ETA 2026-08-21 04:57:04 UTC (in 10.0 min)
2026-08-21 04:47:13 UTC INFO    __workspace___hf__models__Mistral-7B-Instruct-v0_3/stage3: 255/530 done, 2.1s/item, elapsed 9.1 min, VRAM peak 87.0%, ETA 2026-08-21 04:57:04 UTC (in 9.8 min)
2026-08-21 04:47:24 UTC INFO    __workspace___hf__models__Mistral-7B-Instruct-v0_3/stage3: 260/530 done, 2.1s/item, elapsed 9.3 min, VRAM peak 87.0%, ETA 2026-08-21 04:57:03 UTC (in 9.7 min)
2026-08-21 04:47:40 UTC INFO    __workspace___hf__models__Mistral-7B-Instruct-v0_3/stage3: 265/530 done, 2.2s/item, elapsed 9.6 min, VRAM peak 87.0%, ETA 2026-08-21 04:57:14 UTC (in 9.6 min)
2026-08-21 04:47:48 UTC INFO    __workspace___hf__models__Mistral-7B-Instruct-v0_3/stage3: 270/530 done, 2.2s/item, elapsed 9.7 min, VRAM peak 87.0%, ETA 2026-08-21 04:57:09 UTC (in 9.3 min)
2026-08-21 04:47:57 UTC INFO    __workspace___hf__models__Mistral-7B-Instruct-v0_3/stage3: 275/530 done, 2.2s/item, elapsed 9.9 min, VRAM peak 87.0%, ETA 2026-08-21 04:57:06 UTC (in 9.1 min)
2026-08-21 04:48:08 UTC INFO    __workspace___hf__models__Mistral-7B-Instruct-v0_3/stage3: 280/530 done, 2.2s/item, elapsed 10.0 min, VRAM peak 87.0%, ETA 2026-08-21 04:57:07 UTC (in 9.0 min)
2026-08-21 04:48:17 UTC INFO    __workspace___hf__models__Mistral-7B-Instruct-v0_3/stage3: 285/530 done, 2.1s/item, elapsed 10.2 min, VRAM peak 87.0%, ETA 2026-08-21 04:57:03 UTC (in 8.8 min)
2026-08-21 04:48:25 UTC INFO    __workspace___hf__models__Mistral-7B-Instruct-v0_3/stage3: 290/530 done, 2.1s/item, elapsed 10.3 min, VRAM peak 87.0%, ETA 2026-08-21 04:56:58 UTC (in 8.5 min)
2026-08-21 04:48:35 UTC INFO    __workspace___hf__models__Mistral-7B-Instruct-v0_3/stage3: 295/530 done, 2.1s/item, elapsed 10.5 min, VRAM peak 87.0%, ETA 2026-08-21 04:56:56 UTC (in 8.4 min)
2026-08-21 04:48:45 UTC INFO    __workspace___hf__models__Mistral-7B-Instruct-v0_3/stage3: 300/530 done, 2.1s/item, elapsed 10.7 min, VRAM peak 87.0%, ETA 2026-08-21 04:56:55 UTC (in 8.2 min)
2026-08-21 04:48:56 UTC INFO    __workspace___hf__models__Mistral-7B-Instruct-v0_3/stage3: 305/530 done, 2.1s/item, elapsed 10.8 min, VRAM peak 87.0%, ETA 2026-08-21 04:56:55 UTC (in 8.0 min)
2026-08-21 04:49:08 UTC INFO    __workspace___hf__models__Mistral-7B-Instruct-v0_3/stage3: 310/530 done, 2.1s/item, elapsed 11.0 min, VRAM peak 87.0%, ETA 2026-08-21 04:56:57 UTC (in 7.8 min)
2026-08-21 04:49:19 UTC INFO    __workspace___hf__models__Mistral-7B-Instruct-v0_3/stage3: 315/530 done, 2.1s/item, elapsed 11.2 min, VRAM peak 87.0%, ETA 2026-08-21 04:56:58 UTC (in 7.7 min)
2026-08-21 04:49:29 UTC INFO    __workspace___hf__models__Mistral-7B-Instruct-v0_3/stage3: 320/530 done, 2.1s/item, elapsed 11.4 min, VRAM peak 87.0%, ETA 2026-08-21 04:56:57 UTC (in 7.5 min)
2026-08-21 04:49:40 UTC INFO    __workspace___hf__models__Mistral-7B-Instruct-v0_3/stage3: 325/530 done, 2.1s/item, elapsed 11.6 min, VRAM peak 87.0%, ETA 2026-08-21 04:56:58 UTC (in 7.3 min)
2026-08-21 04:49:49 UTC INFO    __workspace___hf__models__Mistral-7B-Instruct-v0_3/stage3: 330/530 done, 2.1s/item, elapsed 11.7 min, VRAM peak 87.0%, ETA 2026-08-21 04:56:56 UTC (in 7.1 min)
2026-08-21 04:49:58 UTC INFO    __workspace___hf__models__Mistral-7B-Instruct-v0_3/stage3: 335/530 done, 2.1s/item, elapsed 11.9 min, VRAM peak 87.0%, ETA 2026-08-21 04:56:52 UTC (in 6.9 min)
2026-08-21 04:50:07 UTC INFO    __workspace___hf__models__Mistral-7B-Instruct-v0_3/stage3: 340/530 done, 2.1s/item, elapsed 12.0 min, VRAM peak 87.0%, ETA 2026-08-21 04:56:50 UTC (in 6.7 min)
2026-08-21 04:50:13 UTC INFO    __workspace___hf__models__Mistral-7B-Instruct-v0_3/stage3: 345/530 done, 2.1s/item, elapsed 12.1 min, VRAM peak 87.0%, ETA 2026-08-21 04:56:44 UTC (in 6.5 min)
2026-08-21 04:50:24 UTC INFO    __workspace___hf__models__Mistral-7B-Instruct-v0_3/stage3: 350/530 done, 2.1s/item, elapsed 12.3 min, VRAM peak 87.0%, ETA 2026-08-21 04:56:43 UTC (in 6.3 min)
2026-08-21 04:50:37 UTC INFO    __workspace___hf__models__Mistral-7B-Instruct-v0_3/stage3: 355/530 done, 2.1s/item, elapsed 12.5 min, VRAM peak 87.0%, ETA 2026-08-21 04:56:47 UTC (in 6.2 min)
2026-08-21 04:50:47 UTC INFO    __workspace___hf__models__Mistral-7B-Instruct-v0_3/stage3: 360/530 done, 2.1s/item, elapsed 12.7 min, VRAM peak 87.0%, ETA 2026-08-21 04:56:46 UTC (in 6.0 min)
2026-08-21 04:50:56 UTC INFO    __workspace___hf__models__Mistral-7B-Instruct-v0_3/stage3: 365/530 done, 2.1s/item, elapsed 12.8 min, VRAM peak 87.0%, ETA 2026-08-21 04:56:45 UTC (in 5.8 min)
2026-08-21 04:51:06 UTC INFO    __workspace___hf__models__Mistral-7B-Instruct-v0_3/stage3: 370/530 done, 2.1s/item, elapsed 13.0 min, VRAM peak 87.0%, ETA 2026-08-21 04:56:44 UTC (in 5.6 min)
2026-08-21 04:51:20 UTC INFO    __workspace___hf__models__Mistral-7B-Instruct-v0_3/stage3: 375/530 done, 2.1s/item, elapsed 13.2 min, VRAM peak 87.0%, ETA 2026-08-21 04:56:48 UTC (in 5.5 min)
2026-08-21 04:51:31 UTC INFO    __workspace___hf__models__Mistral-7B-Instruct-v0_3/stage3: 380/530 done, 2.1s/item, elapsed 13.4 min, VRAM peak 87.0%, ETA 2026-08-21 04:56:50 UTC (in 5.3 min)
2026-08-21 04:51:42 UTC INFO    __workspace___hf__models__Mistral-7B-Instruct-v0_3/stage3: 385/530 done, 2.1s/item, elapsed 13.6 min, VRAM peak 87.0%, ETA 2026-08-21 04:56:50 UTC (in 5.1 min)
2026-08-21 04:51:50 UTC INFO    __workspace___hf__models__Mistral-7B-Instruct-v0_3/stage3: 390/530 done, 2.1s/item, elapsed 13.7 min, VRAM peak 87.0%, ETA 2026-08-21 04:56:46 UTC (in 4.9 min)
2026-08-21 04:52:03 UTC INFO    __workspace___hf__models__Mistral-7B-Instruct-v0_3/stage3: 395/530 done, 2.1s/item, elapsed 14.0 min, VRAM peak 87.0%, ETA 2026-08-21 04:56:49 UTC (in 4.8 min)
2026-08-21 04:52:13 UTC INFO    __workspace___hf__models__Mistral-7B-Instruct-v0_3/stage3: 400/530 done, 2.1s/item, elapsed 14.1 min, VRAM peak 87.0%, ETA 2026-08-21 04:56:48 UTC (in 4.6 min)
2026-08-21 04:52:24 UTC INFO    __workspace___hf__models__Mistral-7B-Instruct-v0_3/stage3: 405/530 done, 2.1s/item, elapsed 14.3 min, VRAM peak 87.0%, ETA 2026-08-21 04:56:49 UTC (in 4.4 min)
2026-08-21 04:52:36 UTC INFO    __workspace___hf__models__Mistral-7B-Instruct-v0_3/stage3: 410/530 done, 2.1s/item, elapsed 14.5 min, VRAM peak 87.0%, ETA 2026-08-21 04:56:51 UTC (in 4.2 min)
2026-08-21 04:52:45 UTC INFO    __workspace___hf__models__Mistral-7B-Instruct-v0_3/stage3: 415/530 done, 2.1s/item, elapsed 14.7 min, VRAM peak 87.0%, ETA 2026-08-21 04:56:49 UTC (in 4.1 min)
2026-08-21 04:52:55 UTC INFO    __workspace___hf__models__Mistral-7B-Instruct-v0_3/stage3: 420/530 done, 2.1s/item, elapsed 14.8 min, VRAM peak 87.0%, ETA 2026-08-21 04:56:47 UTC (in 3.9 min)
2026-08-21 04:53:03 UTC INFO    __workspace___hf__models__Mistral-7B-Instruct-v0_3/stage3: 425/530 done, 2.1s/item, elapsed 15.0 min, VRAM peak 87.0%, ETA 2026-08-21 04:56:45 UTC (in 3.7 min)
2026-08-21 04:53:16 UTC INFO    __workspace___hf__models__Mistral-7B-Instruct-v0_3/stage3: 430/530 done, 2.1s/item, elapsed 15.2 min, VRAM peak 87.0%, ETA 2026-08-21 04:56:47 UTC (in 3.5 min)
2026-08-21 04:53:24 UTC INFO    __workspace___hf__models__Mistral-7B-Instruct-v0_3/stage3: 435/530 done, 2.1s/item, elapsed 15.3 min, VRAM peak 87.0%, ETA 2026-08-21 04:56:44 UTC (in 3.3 min)
2026-08-21 04:53:32 UTC INFO    __workspace___hf__models__Mistral-7B-Instruct-v0_3/stage3: 440/530 done, 2.1s/item, elapsed 15.4 min, VRAM peak 87.0%, ETA 2026-08-21 04:56:42 UTC (in 3.2 min)
2026-08-21 04:53:42 UTC INFO    __workspace___hf__models__Mistral-7B-Instruct-v0_3/stage3: 445/530 done, 2.1s/item, elapsed 15.6 min, VRAM peak 87.0%, ETA 2026-08-21 04:56:41 UTC (in 3.0 min)
2026-08-21 04:53:52 UTC INFO    __workspace___hf__models__Mistral-7B-Instruct-v0_3/stage3: 450/530 done, 2.1s/item, elapsed 15.8 min, VRAM peak 87.0%, ETA 2026-08-21 04:56:40 UTC (in 2.8 min)
2026-08-21 04:54:03 UTC INFO    __workspace___hf__models__Mistral-7B-Instruct-v0_3/stage3: 455/530 done, 2.1s/item, elapsed 15.9 min, VRAM peak 87.0%, ETA 2026-08-21 04:56:40 UTC (in 2.6 min)
2026-08-21 04:54:13 UTC INFO    __workspace___hf__models__Mistral-7B-Instruct-v0_3/stage3: 460/530 done, 2.1s/item, elapsed 16.1 min, VRAM peak 87.0%, ETA 2026-08-21 04:56:40 UTC (in 2.5 min)
2026-08-21 04:54:25 UTC INFO    __workspace___hf__models__Mistral-7B-Instruct-v0_3/stage3: 465/530 done, 2.1s/item, elapsed 16.3 min, VRAM peak 87.0%, ETA 2026-08-21 04:56:41 UTC (in 2.3 min)
2026-08-21 04:54:33 UTC INFO    __workspace___hf__models__Mistral-7B-Instruct-v0_3/stage3: 470/530 done, 2.1s/item, elapsed 16.5 min, VRAM peak 87.0%, ETA 2026-08-21 04:56:39 UTC (in 2.1 min)
2026-08-21 04:54:42 UTC INFO    __workspace___hf__models__Mistral-7B-Instruct-v0_3/stage3: 475/530 done, 2.1s/item, elapsed 16.6 min, VRAM peak 87.0%, ETA 2026-08-21 04:56:38 UTC (in 1.9 min)
2026-08-21 04:54:50 UTC INFO    __workspace___hf__models__Mistral-7B-Instruct-v0_3/stage3: 480/530 done, 2.1s/item, elapsed 16.7 min, VRAM peak 87.0%, ETA 2026-08-21 04:56:35 UTC (in 1.7 min)
2026-08-21 04:55:01 UTC INFO    __workspace___hf__models__Mistral-7B-Instruct-v0_3/stage3: 485/530 done, 2.1s/item, elapsed 16.9 min, VRAM peak 87.0%, ETA 2026-08-21 04:56:35 UTC (in 1.6 min)
2026-08-21 04:55:18 UTC INFO    __workspace___hf__models__Mistral-7B-Instruct-v0_3/stage3: 490/530 done, 2.1s/item, elapsed 17.2 min, VRAM peak 87.0%, ETA 2026-08-21 04:56:43 UTC (in 1.4 min)
2026-08-21 04:55:29 UTC INFO    __workspace___hf__models__Mistral-7B-Instruct-v0_3/stage3: 495/530 done, 2.1s/item, elapsed 17.4 min, VRAM peak 87.0%, ETA 2026-08-21 04:56:43 UTC (in 1.2 min)
2026-08-21 04:55:38 UTC INFO    __workspace___hf__models__Mistral-7B-Instruct-v0_3/stage3: 500/530 done, 2.1s/item, elapsed 17.5 min, VRAM peak 87.0%, ETA 2026-08-21 04:56:41 UTC (in 1.1 min)
2026-08-21 04:55:46 UTC INFO    __workspace___hf__models__Mistral-7B-Instruct-v0_3/stage3: 505/530 done, 2.1s/item, elapsed 17.7 min, VRAM peak 87.0%, ETA 2026-08-21 04:56:39 UTC (in 0.9 min)
2026-08-21 04:55:55 UTC INFO    __workspace___hf__models__Mistral-7B-Instruct-v0_3/stage3: 510/530 done, 2.1s/item, elapsed 17.8 min, VRAM peak 87.0%, ETA 2026-08-21 04:56:37 UTC (in 0.7 min)
2026-08-21 04:56:06 UTC INFO    __workspace___hf__models__Mistral-7B-Instruct-v0_3/stage3: 515/530 done, 2.1s/item, elapsed 18.0 min, VRAM peak 87.0%, ETA 2026-08-21 04:56:38 UTC (in 0.5 min)
2026-08-21 04:56:16 UTC INFO    __workspace___hf__models__Mistral-7B-Instruct-v0_3/stage3: 520/530 done, 2.1s/item, elapsed 18.2 min, VRAM peak 87.0%, ETA 2026-08-21 04:56:37 UTC (in 0.3 min)
2026-08-21 04:56:31 UTC INFO    __workspace___hf__models__Mistral-7B-Instruct-v0_3/stage3: 525/530 done, 2.1s/item, elapsed 18.4 min, VRAM peak 87.0%, ETA 2026-08-21 04:56:41 UTC (in 0.2 min)
2026-08-21 04:56:42 UTC INFO    __workspace___hf__models__Mistral-7B-Instruct-v0_3/stage3: 530/530 done, 2.1s/item, elapsed 18.6 min, VRAM peak 87.0%, ETA 2026-08-21 04:56:42 UTC (in 0.0 min)
2026-08-21 04:56:42 UTC INFO    GPU ledger: +1116.6s for __workspace___hf__models__Mistral-7B-Instruct-v0_3/stage3, cumulative 18602.7s (5.17 h, 25.8% of the 20 h allowance)
2026-08-21 04:56:42 UTC INFO    /workspace/.hf/models/Mistral-7B-Instruct-v0.3 stage3: {"n_items": 106, "condition_counts": {"R0": {"chosen_rival": 0, "unreadable": 0, "n": 106}, "R1": {"chosen_rival": 8, "unreadable": 1, "n": 106}, "R2": {"chosen_rival": 4, "unreadable": 0, "n": 106}, "R3": {"chosen_rival": 2, "unreadable": 0, "n": 106}, "R4": {"chosen_rival": 3, "unreadable": 1, "n": 106}}, "abort_reason": null, "elapsed_min": 18.61}
2026-08-21 04:56:43 UTC INFO    wrote results/exp2/experiment_summary.json
